BIOCLIM_10,x,y
49.0,-84.37500675,64.37500515
120.0,-63.95833845,50.62500405
98.0,173.12501385,65.62500525
229.0,97.70834115,21.87500175
75.0,141.45834465,62.70833835
138.0,83.95834005,63.54167175
80.0,-16.45833465,66.04167195
295.0,108.95834205,14.79166785
-9999.0,107.70834195,4.79166705
76.0,96.04167435,67.70833875
169.0,-72.70833915,-36.87500295
226.0,142.29167805,-35.20833615
70.0,167.29168005,67.70833875
245.0,118.95834285,-31.45833585
159.0,22.29166845,56.87500455
190.0,-1.04166675000002,45.20833695
160.0,95.62500765,56.87500455
91.0,96.87500775,30.20833575
291.0,102.70834155,14.79166785
133.0,-123.54167655,54.37500435
-9999.0,-64.79167185,50.20833735
151.0,-85.20834015,47.70833715
73.0,-161.87501295,67.70833875
142.0,-126.45834345,50.62500405
162.0,90.62500725,58.12500465
140.0,99.79167465,63.12500505
163.0,77.29167285,56.87500455
93.0,138.54167775,58.95833805
53.0,91.87500735,28.12500225
137.0,120.20834295,54.79167105
139.0,-71.04167235,-38.54166975
167.0,-86.04167355,46.45833705
143.0,-122.29167645,42.70833675
210.0,108.12500865,35.62500285
176.0,5.20833374999998,44.79167025
63.0,-70.62500565,59.79167145
139.0,-113.95834245,52.70833755
72.0,86.45834025,71.45833905
164.0,61.87500495,58.54167135
204.0,-85.20834015,42.70833675
117.0,-108.54167535,61.87500495
150.0,-76.45833945,49.37500395
145.0,-92.70834075,53.95833765
65.0,76.45833945,69.79167225
-9999.0,121.45834305,37.70833635
66.0,139.79167785,61.04167155
194.0,-73.12500585,43.95833685
110.0,60.20833815,66.45833865
149.0,-82.70833995,51.45833745
122.0,-91.45834065,56.04167115
121.0,-128.12501025,59.37500475
175.0,145.62501165,-6.45833385
193.0,-0.625000050000011,45.20833695
138.0,24.79166865,63.54167175
-9999.0,71.04167235,66.45833865
-9999.0,-41.04166995,62.70833835
271.0,118.12500945,26.87500215
-9999.0,8.54166734999998,43.95833685
133.0,53.95833765,64.79167185
251.0,-91.87500735,35.62500285
78.0,71.87500575,68.12500545
-9999.0,-170.20834695,63.12500505
138.0,134.37501075,43.95833685
-9999.0,73.95833925,68.95833885
236.0,31.45833585,-28.95833565
169.0,-123.54167655,39.37500315
80.0,-75.20833935,57.29167125
83.0,138.12501105,57.70833795
145.0,76.87500615,61.87500495
154.0,32.70833595,57.29167125
266.0,98.54167455,14.37500115
171.0,124.79167665,53.12500425
138.0,-87.70834035,53.95833765
-9999.0,-139.79167785,69.79167225
224.0,122.70834315,43.95833685
-9999.0,1.87500014999998,39.37500315
130.0,132.29167725,67.29167205
249.0,105.20834175,24.79166865
-9999.0,11.87500095,67.29167205
-9999.0,136.87501095,54.37500435
273.0,-93.12500745,30.20833575
148.0,16.04166795,50.62500405
130.0,16.87500135,43.95833685
88.0,-103.12500825,63.12500505
103.0,156.04167915,54.37500435
271.0,93.95834085,21.87500175
76.0,-140.62501125,60.20833815
-9999.0,16.45833465,69.37500555
183.0,126.45834345,42.29167005
89.0,156.87501255,63.54167175
152.0,-116.87500935,58.12500465
156.0,-81.45833985,48.54167055
211.0,108.95834205,38.95833645
-9999.0,-155.62501245,56.04167115
121.0,-131.04167715,55.62500445
175.0,-90.20834055,46.04167035
119.0,-126.45834345,52.70833755
128.0,44.37500355,64.37500515
215.0,-108.54167535,27.70833555
147.0,-124.37500995,43.12500345
84.0,71.04167235,67.70833875
71.0,174.37501395,65.62500525
152.0,89.37500715,62.29167165
232.0,-85.20834015,37.29166965
274.0,118.12500945,31.87500255
57.0,-158.95834605,69.79167225
153.0,15.62500125,57.29167125
109.0,100.62500805,50.62500405
122.0,-131.45834385,52.70833755
118.0,-131.87501055,56.04167115
179.0,87.70834035,51.04167075
122.0,121.87500975,57.70833795
166.0,119.79167625,46.04167035
210.0,-72.70833915,41.45833665
176.0,-107.70834195,41.87500335
106.0,-128.54167695,54.79167105
158.0,42.70833675,58.95833805
206.0,21.04166835,45.20833695
69.0,161.87501295,61.87500495
110.0,8.95833404999999,46.87500375
267.0,101.04167475,4.79166705
126.0,17.29166805,62.70833835
213.0,121.45834305,42.29167005
141.0,41.45833665,63.54167175
-9999.0,98.12500785,10.62500085
175.0,-71.45833905,46.45833705
236.0,123.54167655,0.625000049999997
122.0,-134.79167745,61.87500495
-9999.0,-26.45833545,68.54167215
77.0,-137.29167765,68.54167215
111.0,-78.54167295,53.54167095
86.0,-67.29167205,-54.37500435
178.0,129.79167705,43.54167015
191.0,-106.45834185,43.54167015
76.0,13.12500105,46.87500375
119.0,-149.79167865,63.95833845
141.0,-9.79166745000001,51.45833745
177.0,-68.12500545,45.20833695
-9999.0,-48.12500385,61.04167155
141.0,-109.79167545,40.62500325
159.0,-106.45834185,36.45833625
71.0,-116.04167595,51.45833745
206.0,13.95833445,37.70833635
83.0,-132.29167725,69.37500555
-9999.0,147.29167845,-43.54167015
161.0,56.45833785,59.37500475
-9999.0,-55.20833775,53.54167095
118.0,-110.20834215,62.29167165
-9999.0,74.79167265,12.29166765
50.0,-101.04167475,67.29167205
78.0,-128.12501025,68.95833885
56.0,-143.95834485,62.29167165
268.0,120.62500965,30.62500245
275.0,-81.87500655,26.87500215
165.0,-103.12500825,53.54167095
192.0,89.37500715,45.20833695
80.0,-153.12501225,69.37500555
136.0,49.37500395,63.95833845
277.0,103.54167495,21.87500175
182.0,39.37500315,53.12500425
218.0,132.29167725,-31.87500255
182.0,-81.45833985,43.95833685
231.0,-85.62500685,38.95833645
-9999.0,108.54167535,16.04166795
98.0,-138.12501105,61.87500495
130.0,-63.12500505,50.20833735
-9999.0,11.04166755,56.04167115
153.0,-89.79167385,48.12500385
159.0,97.29167445,56.45833785
195.0,35.62500285,41.04166995
192.0,-97.70834115,47.70833715
89.0,161.87501295,59.79167145
251.0,93.95834085,23.54166855
254.0,117.29167605,25.62500205
141.0,87.70834035,64.37500515
139.0,26.04166875,64.37500515
128.0,-135.20834415,62.70833835
59.0,71.04167235,70.62500565
253.0,-101.87500815,28.95833565
132.0,78.54167295,64.37500515
169.0,27.29166885,54.37500435
107.0,157.29167925,64.79167185
179.0,105.20834175,35.62500285
-9999.0,80.20833975,10.62500085
68.0,78.95833965,70.20833895
153.0,34.79166945,59.37500475
150.0,104.37500835,49.79167065
141.0,-111.45834225,44.79167025
242.0,13.54166775,37.29166965
107.0,75.62500605,65.62500525
126.0,16.45833465,63.12500505
-9999.0,-90.62500725,57.29167125
129.0,-7.29166725000002,54.79167105
194.0,126.45834345,41.04166995
285.0,-100.20834135,18.54166815
101.0,-124.79167665,62.70833835
85.0,-163.54167975,65.20833855
58.0,-84.79167345,65.20833855
250.0,-99.37500795,23.54166855
-9999.0,121.87500975,40.20833655
59.0,-72.70833915,60.20833815
169.0,43.12500345,57.70833795
260.0,107.29167525,25.20833535
216.0,126.45834345,40.20833655
116.0,-125.20834335,53.95833765
103.0,-98.54167455,59.79167145
-9999.0,15.62500125,80.20833975
232.0,149.79167865,-31.45833585
273.0,138.95834445,-8.12500065
101.0,73.54167255,37.70833635
252.0,104.79167505,30.20833575
193.0,33.54166935,50.20833735
164.0,29.79166905,54.37500435
191.0,-87.70834035,45.20833695
45.0,-176.04168075,65.62500525
107.0,-108.12500865,62.70833835
248.0,136.04167755,-31.87500255
141.0,20.20833495,63.95833845
131.0,18.12500145,63.54167175
286.0,99.37500795,13.54166775
165.0,61.45833825,58.12500465
10.0,16.45833465,79.79167305
190.0,128.54167695,50.20833735
140.0,138.12501105,47.29167045
174.0,-85.62500685,46.04167035
266.0,-82.29167325,29.79166905
156.0,77.70833955,59.79167145
52.0,100.20834135,31.45833585
107.0,-146.45834505,62.29167165
238.0,148.12501185,-33.54166935
139.0,-8.95833405000002,52.29167085
113.0,-126.45834345,54.37500435
-9999.0,-79.79167305,26.87500215
142.0,47.70833715,62.70833835
-9999.0,35.20833615,44.79167025
139.0,-86.87500695,48.54167055
283.0,73.12500585,34.37500275
104.0,-129.79167705,61.45833825
174.0,-99.37500795,51.45833745
200.0,-106.45834185,27.70833555
147.0,33.54166935,61.04167155
159.0,112.29167565,49.79167065
-9999.0,117.70834275,6.87500055
126.0,48.95833725,64.79167185
-9999.0,9.79166744999998,57.70833795
-9999.0,98.54167455,-0.208333350000004
253.0,-90.20834055,36.87500295
137.0,74.79167265,62.70833835
100.0,100.20834135,48.54167055
267.0,111.87500895,32.70833595
27.0,94.37500755,35.62500285
171.0,18.95833485,50.62500405
165.0,91.04167395,56.87500455
112.0,41.45833665,41.04166995
-9999.0,-73.54167255,-38.12500305
291.0,42.70833675,37.29166965
198.0,19.79166825,47.70833715
141.0,80.62500645,62.29167165
167.0,17.70833475,50.20833735
-9999.0,18.12500145,41.04166995
99.0,12.70833435,62.70833835
-9999.0,110.20834215,2.29166685
122.0,118.54167615,58.12500465
137.0,27.29166885,64.37500515
108.0,59.79167145,64.37500515
256.0,98.95834125,14.37500115
297.0,100.62500805,13.95833445
252.0,112.70834235,1.45833345
140.0,105.62500845,61.04167155
95.0,167.70834675,64.79167185
93.0,80.20833975,68.12500545
65.0,94.37500755,73.12500585
161.0,48.54167055,58.95833805
-9999.0,164.79167985,70.20833895
-9999.0,141.45834465,48.12500385
99.0,52.29167085,68.12500545
200.0,127.70834355,46.87500375
-9999.0,120.20834295,4.79166705
-9999.0,-155.20834575,55.62500445
118.0,41.45833665,65.62500525
-9999.0,137.29167765,45.20833695
186.0,41.04166995,53.12500425
96.0,87.70834035,68.54167215
165.0,63.95833845,58.95833805
-9999.0,16.87500135,54.79167105
70.0,-117.70834275,68.12500545
118.0,-124.37500995,51.45833745
202.0,108.95834205,30.20833575
82.0,-166.04167995,65.20833855
-9999.0,14.79166785,67.70833875
250.0,144.79167825,-33.12500265
-9999.0,93.12500745,18.95833485
221.0,118.54167615,-33.12500265
223.0,-122.29167645,38.95833645
203.0,-109.37500875,31.87500255
159.0,-73.12500585,47.29167045
-9999.0,-5.20833375000001,58.95833805
116.0,-112.29167565,44.37500355
209.0,-96.45834105,45.62500365
102.0,38.54166975,67.29167205
178.0,35.20833615,52.29167085
117.0,-142.70834475,66.04167195
-9999.0,-83.12500665,63.95833845
118.0,118.95834285,58.12500465
128.0,-111.45834225,62.29167165
191.0,-106.04167515,43.54167015
71.0,97.29167445,53.54167095
91.0,-98.54167455,61.45833825
127.0,-113.54167575,62.70833835
-9999.0,-128.12501025,51.04167075
197.0,131.45834385,44.37500355
84.0,-134.79167745,62.29167165
69.0,-110.62500885,65.62500525
-9999.0,125.62501005,36.04166955
251.0,-88.95834045,13.95833445
55.0,-71.87500575,61.45833825
258.0,121.45834305,-3.95833365
-9999.0,-131.87501055,52.29167085
270.0,52.70833755,41.04166995
6.0,-37.70833635,66.45833865
145.0,51.45833745,62.70833835
73.0,69.37500555,69.37500555
117.0,130.62501045,58.12500465
106.0,-76.04167275,53.95833765
255.0,-88.54167375,13.95833445
221.0,-87.29167365,40.20833655
150.0,-122.70834315,53.54167095
166.0,10.62500085,52.29167085
272.0,115.62500925,32.70833595
159.0,24.79166865,57.70833795
53.0,99.37500795,28.54166895
-9999.0,-120.62500965,70.20833895
253.0,107.70834195,31.45833585
170.0,-70.62500565,-37.70833635
278.0,-98.54167455,33.12500265
-9999.0,23.12500185,38.12500305
243.0,99.37500795,1.04166675
215.0,-82.29167325,41.45833665
142.0,48.12500385,63.12500505
123.0,-106.04167515,59.79167145
102.0,-68.54167215,54.79167105
-9999.0,67.29167205,71.45833905
86.0,-135.62501085,64.37500515
124.0,-110.20834215,61.45833825
110.0,-161.45834625,62.70833835
170.0,104.79167505,51.45833745
272.0,112.29167565,31.45833585
236.0,151.45834545,-28.54166895
227.0,96.45834105,22.29166845
95.0,165.62501325,61.04167155
174.0,63.54167175,55.62500445
172.0,6.04166714999999,51.04167075
41.0,171.04168035,61.87500495
165.0,72.70833915,56.87500455
239.0,-103.95834165,30.20833575
64.0,-82.70833995,62.70833835
102.0,101.04167475,46.45833705
-9999.0,126.45834345,35.62500285
-9999.0,-1.87500015000001,46.45833705
148.0,-89.37500715,52.29167085
66.0,-93.54167415,64.37500515
250.0,-88.95834045,36.45833625
107.0,95.62500765,54.79167105
73.0,146.04167835,63.54167175
238.0,-91.45834065,37.29166965
87.0,-94.37500755,61.04167155
244.0,-93.95834085,37.29166965
181.0,126.87501015,39.79166985
-9999.0,-161.87501295,58.95833805
22.0,17.70833475,79.79167305
134.0,104.37500835,54.37500435
101.0,-59.79167145,54.79167105
50.0,-173.12501385,64.37500515
275.0,116.87500935,23.95833525
130.0,34.79166945,64.37500515
254.0,26.87500215,38.54166975
209.0,26.04166875,-33.54166935
-9999.0,12.70833435,55.20833775
-9999.0,151.04167875,-22.29166845
144.0,32.70833595,61.45833825
-9999.0,123.54167655,-2.29166685
108.0,-94.79167425,57.70833795
134.0,151.04167875,64.79167185
-9999.0,-70.62500565,61.45833825
119.0,-123.95834325,56.45833785
199.0,22.29166845,43.54167015
241.0,120.62500965,28.54166895
111.0,-158.12501265,65.62500525
-9999.0,10.62500085,58.95833805
85.0,99.37500795,53.12500425
118.0,-134.79167745,61.45833825
163.0,57.70833795,56.45833785
125.0,28.54166895,66.04167195
109.0,44.79167025,42.70833675
266.0,-100.62500805,31.04166915
274.0,113.54167575,31.45833585
230.0,51.87500415,30.20833575
-9999.0,-90.20834055,30.20833575
152.0,-80.62500645,48.54167055
123.0,-150.62501205,65.62500525
42.0,-40.62500325,64.79167185
178.0,18.12500145,51.87500415
155.0,-75.20833935,5.20833374999999
-9999.0,-81.04167315,53.54167095
-9999.0,137.70834435,56.04167115
75.0,-150.62501205,62.70833835
-9999.0,119.79167625,38.12500305
76.0,-125.20834335,52.70833755
31.0,-142.29167805,61.87500495
214.0,96.87500775,19.79166825
115.0,59.37500475,66.04167195
180.0,53.95833765,56.04167115
255.0,-5.20833375000001,34.79166945
240.0,104.37500835,30.62500245
-9999.0,156.87501255,58.12500465
202.0,-88.54167375,43.54167015
-9999.0,14.79166785,76.87500615
250.0,104.37500835,31.45833585
71.0,138.95834445,64.79167185
286.0,95.20834095,16.45833465
221.0,14.37500115,37.29166965
70.0,73.54167255,42.29167005
143.0,86.04167355,62.70833835
162.0,1.87500014999998,49.79167065
292.0,-98.12500785,25.20833535
-9999.0,27.70833555,60.20833815
265.0,-98.54167455,23.12500185
132.0,72.70833915,36.45833625
105.0,33.54166935,68.12500545
181.0,47.70833715,55.20833775
134.0,130.62501045,56.45833785
63.0,66.04167195,67.29167205
255.0,-78.54167295,33.95833605
-9999.0,-6.87500055000001,57.70833795
150.0,75.62500605,41.04166995
-9999.0,-71.04167235,-55.20833775
91.0,-163.12501305,65.20833855
244.0,-3.95833365000001,38.54166975
140.0,-4.37500035000002,54.37500435
193.0,-91.04167395,45.20833695
146.0,-80.62500645,49.79167065
160.0,61.87500495,59.37500475
270.0,114.37500915,36.04166955
181.0,-118.12500945,46.04167035
71.0,-42.29167005,61.87500495
181.0,-108.95834205,48.12500385
266.0,129.37501035,-27.70833555
22.0,-22.70833515,73.54167255
151.0,112.70834235,40.20833655
-9999.0,116.45834265,22.70833515
225.0,104.37500835,39.37500315
271.0,49.79167065,-13.12500105
193.0,-97.29167445,48.12500385
196.0,111.45834225,39.37500315
156.0,119.37500955,59.37500475
165.0,20.62500165,54.79167105
-9999.0,-4.79166705,54.79167105
82.0,160.62501285,54.79167105
160.0,-105.62500845,32.70833595
144.0,-103.12500825,56.45833785
124.0,-74.37500595,52.29167085
196.0,46.87500375,-20.62500165
142.0,147.70834515,-42.29167005
54.0,-69.37500555,-54.79167105
-9999.0,163.54167975,-20.20833495
44.0,-76.45833945,62.29167165
150.0,23.54166855,60.62500485
70.0,93.54167415,71.87500575
244.0,119.79167625,36.87500295
123.0,-155.20834575,62.29167165
184.0,34.79166945,51.04167075
192.0,-77.29167285,43.95833685
179.0,-108.54167535,39.37500315
13.0,-22.70833515,70.62500565
-9999.0,7.29166724999999,62.29167165
269.0,-85.62500685,30.20833575
82.0,173.12501385,63.54167175
125.0,33.95833605,65.20833855
17.0,-23.54166855,71.04167235
223.0,-92.70834075,41.45833665
-9999.0,79.37500635,9.37500075
266.0,-95.62500765,34.79166945
-9999.0,8.12500064999998,63.54167175
141.0,25.20833535,62.70833835
-9999.0,126.87501015,26.87500215
160.0,80.20833975,58.12500465
32.0,-25.62500205,70.62500565
201.0,-107.70834195,46.45833705
184.0,78.54167295,44.37500355
261.0,105.62500845,31.04166915
51.0,86.45834025,73.54167255
-9999.0,143.54167815,76.45833945
145.0,101.04167475,30.62500245
224.0,37.70833635,45.20833695
99.0,12.70833435,63.12500505
123.0,100.62500805,31.45833585
-9999.0,5.62500044999999,42.70833675
217.0,-4.37500035000002,39.37500315
178.0,5.62500044999999,47.70833715
205.0,-93.54167415,44.37500355
1.0,-48.12500385,63.54167175
130.0,-154.79167905,62.70833835
217.0,107.29167525,15.62500125
-9999.0,126.45834345,33.95833605
165.0,26.45833545,54.37500435
92.0,-110.62500885,63.54167175
-9999.0,-151.45834545,71.04167235
120.0,28.12500225,67.29167205
199.0,-88.54167375,44.37500355
135.0,128.12501025,57.29167125
-9999.0,107.70834195,-7.70833395
202.0,106.04167515,34.37500275
92.0,64.79167185,67.70833875
271.0,71.87500575,35.62500285
117.0,-153.54167895,62.70833835
182.0,-120.20834295,44.79167025
294.0,104.79167505,12.29166765
156.0,-107.70834195,54.79167105
192.0,-106.87500855,28.95833565
-9999.0,39.37500315,41.45833665
78.0,169.79168025,68.12500545
90.0,-69.79167225,56.87500455
246.0,98.95834125,20.62500165
183.0,82.70833995,53.54167095
-9999.0,121.45834305,1.45833345
149.0,-117.70834275,58.12500465
23.0,-64.37500515,65.62500525
123.0,10.20833415,63.12500505
93.0,111.45834225,54.37500435
145.0,40.62500325,62.29167165
64.0,-116.87500935,68.12500545
169.0,103.12500825,18.95833485
204.0,4.79166705,45.20833695
242.0,117.70834275,40.20833655
162.0,35.62500285,57.70833795
-9999.0,31.45833585,69.79167225
51.0,90.20834055,73.95833925
187.0,-86.87500695,44.37500355
-9999.0,146.45834505,75.62500605
94.0,146.87501175,62.29167165
170.0,131.45834385,49.79167065
199.0,-122.70834315,38.54166975
50.0,101.87500815,51.87500415
-9999.0,163.12501305,57.29167125
169.0,-66.87500535,45.62500365
165.0,89.79167385,54.79167105
-9999.0,-79.79167305,55.62500445
268.0,-83.12500665,22.70833515
248.0,-91.87500735,36.04166955
180.0,128.95834365,44.79167025
259.0,121.87500975,16.45833465
-9999.0,14.79166785,40.62500325
172.0,56.87500455,53.54167095
166.0,-122.70834315,43.12500345
188.0,-108.95834205,46.04167035
229.0,121.87500975,42.29167005
187.0,-79.37500635,41.87500335
194.0,-4.79166705,41.87500335
118.0,-117.29167605,65.20833855
204.0,106.04167515,40.62500325
154.0,-81.45833985,49.79167065
-9999.0,-158.12501265,56.45833785
176.0,22.70833515,48.54167055
126.0,134.37501075,66.87500535
-9999.0,-56.45833785,46.87500375
202.0,81.04167315,29.37500235
152.0,-119.79167625,43.95833685
-9999.0,121.04167635,-7.70833395
243.0,139.37501115,35.62500285
227.0,112.70834235,37.70833635
282.0,105.62500845,16.45833465
78.0,152.29167885,61.45833825
127.0,63.54167175,64.79167185
36.0,95.20834095,35.62500285
180.0,-72.29167245,45.62500365
165.0,0.208333349999975,48.54167055
268.0,118.12500945,32.29166925
107.0,96.45834105,63.95833845
129.0,56.04167115,65.20833855
-9999.0,-67.70833875,43.95833685
138.0,-114.37500915,51.87500415
268.0,111.45834225,27.70833555
71.0,-106.87500855,38.95833645
272.0,-90.62500725,29.79166905
-9999.0,171.45834705,60.62500485
111.0,-132.70834395,60.62500485
117.0,96.04167435,28.95833565
121.0,-126.04167675,55.62500445
-9999.0,-66.04167195,-55.62500445
-9999.0,122.29167645,-16.87500135
149.0,101.04167475,54.79167105
173.0,21.87500175,51.87500415
190.0,47.70833715,-19.79166825
194.0,134.37501075,48.95833725
190.0,43.12500345,43.95833685
257.0,-82.29167325,33.54166935
204.0,127.29167685,46.87500375
269.0,-90.62500725,33.12500265
204.0,78.95833965,29.79166905
-9999.0,-127.70834355,70.20833895
200.0,105.62500845,33.95833605
136.0,-112.70834235,58.12500465
247.0,-110.20834215,32.29166925
129.0,-4.79166705,56.87500455
203.0,110.20834215,33.54166935
166.0,57.29167125,53.54167095
165.0,118.12500945,52.29167085
-9999.0,23.54166855,59.37500475
137.0,103.12500825,48.95833725
159.0,12.29166765,56.04167115
221.0,-83.54167335,39.37500315
163.0,7.29166724999999,49.37500395
209.0,-86.04167355,41.87500335
235.0,118.95834285,35.62500285
160.0,71.45833905,58.12500465
235.0,-89.37500715,39.79166985
138.0,108.54167535,60.62500485
133.0,99.37500795,27.29166885
103.0,155.62501245,63.54167175
-9999.0,-31.04166915,39.37500315
173.0,128.12501025,53.12500425
106.0,89.79167385,66.04167195
108.0,60.20833815,64.79167185
257.0,133.12501065,34.37500275
-9999.0,-100.62500805,69.79167225
115.0,79.37500635,66.04167195
-9999.0,-66.45833865,69.37500555
166.0,14.79166785,45.62500365
202.0,21.45833505,41.04166995
162.0,106.87500855,52.29167085
139.0,56.87500455,63.12500505
176.0,24.79166865,51.87500415
132.0,30.20833575,64.79167185
140.0,-2.70833355000002,56.04167115
69.0,105.20834175,73.12500585
-9999.0,145.20834495,42.70833675
-9999.0,136.45834425,37.29166965
209.0,-95.20834095,44.79167025
208.0,48.95833725,34.37500275
187.0,-76.04167275,45.20833695
94.0,19.79166825,67.70833875
63.0,9.37500075,62.29167165
110.0,-113.12500905,48.12500385
44.0,17.70833475,68.12500545
188.0,-112.70834235,43.12500345
-9999.0,-24.79166865,70.62500565
181.0,41.87500335,55.20833775
199.0,-105.62500845,45.20833695
94.0,160.62501285,59.37500475
230.0,116.45834265,1.87500014999999
180.0,-85.20834015,45.62500365
48.0,-143.54167815,62.29167165
127.0,52.70833755,65.62500525
89.0,149.37501195,61.04167155
247.0,8.95833404999999,36.87500295
141.0,115.62500925,61.87500495
-9999.0,106.87500855,-3.12500025
212.0,26.87500215,40.20833655
83.0,155.62501245,61.04167155
142.0,-90.62500725,53.12500425
119.0,-114.37500915,63.95833845
148.0,-75.62500605,49.37500395
140.0,124.79167665,59.79167145
150.0,137.29167765,53.95833765
266.0,-107.70834195,31.45833585
124.0,78.95833965,65.20833855
-9999.0,35.62500285,65.62500525
255.0,110.20834215,32.70833595
100.0,26.87500215,69.37500555
127.0,99.79167465,62.70833835
143.0,51.45833745,63.12500505
204.0,95.20834095,29.37500235
253.0,117.70834275,35.62500285
143.0,41.87500335,63.12500505
-9999.0,-64.37500515,-54.37500435
53.0,92.70834075,69.79167225
124.0,-109.37500875,61.45833825
151.0,38.12500305,40.62500325
201.0,133.12501065,47.70833715
80.0,-123.95834325,57.70833795
59.0,-51.87500415,65.62500525
199.0,-101.04167475,19.79166825
115.0,-139.37501115,62.29167165
40.0,81.04167315,73.12500585
82.0,167.29168005,66.45833865
243.0,117.29167605,-31.45833585
268.0,-82.70833995,30.20833575
61.0,-161.04167955,69.79167225
145.0,-113.12500905,55.20833775
170.0,18.95833485,43.54167015
135.0,-88.95834045,54.37500435
-9999.0,-53.12500425,68.54167215
93.0,23.95833525,70.20833895
138.0,110.20834215,61.87500495
188.0,128.54167695,37.70833635
-9999.0,-74.79167265,-47.29167045
124.0,113.95834245,56.45833785
174.0,18.95833485,51.04167075
55.0,139.37501115,65.62500525
141.0,25.20833535,63.12500505
174.0,52.70833755,56.45833785
238.0,117.70834275,25.62500205
150.0,-5.62500045000002,40.20833655
233.0,127.29167685,36.87500295
155.0,120.62500965,49.79167065
138.0,115.62500925,53.12500425
-9999.0,124.37500995,6.04166714999999
181.0,61.87500495,54.79167105
-9999.0,-17.29166805,63.54167175
239.0,116.04167595,-31.45833585
265.0,93.54167415,24.79166865
102.0,-95.62500765,58.95833805
236.0,105.62500845,25.62500205
134.0,119.37500955,51.87500415
66.0,172.70834715,68.95833885
127.0,-157.29167925,65.20833855
175.0,11.04166755,49.37500395
-9999.0,21.45833505,63.54167175
250.0,123.95834325,-30.20833575
91.0,-67.29167205,57.70833795
156.0,-108.12500865,38.12500305
139.0,-118.54167615,50.62500405
43.0,91.04167395,74.37500595
110.0,49.37500395,66.87500535
145.0,-113.95834245,50.62500405
101.0,-129.37501035,58.54167135
-9999.0,25.20833535,38.12500305
185.0,103.12500825,29.37500235
114.0,147.70834515,59.79167145
133.0,31.87500255,64.79167185
-9999.0,-124.79167665,50.20833735
66.0,-129.79167705,57.29167125
-9999.0,121.45834305,10.62500085
215.0,-76.87500615,40.62500325
189.0,-104.37500835,38.95833645
173.0,23.54166855,49.79167065
181.0,3.54166694999998,46.87500375
-9999.0,18.95833485,41.87500335
183.0,40.20833655,53.95833765
151.0,-83.95834005,50.62500405
142.0,121.45834305,56.45833785
171.0,-1.45833345,43.12500345
152.0,52.70833755,61.04167155
87.0,171.45834705,66.04167195
35.0,98.54167455,74.79167265
151.0,142.70834475,46.87500375
236.0,98.95834125,23.12500185
245.0,112.70834235,33.95833605
280.0,106.45834185,11.87500095
187.0,-81.04167315,43.12500345
93.0,146.87501175,-41.87500335
257.0,-111.04167555,37.29166965
-9999.0,44.37500355,68.95833885
-9999.0,106.45834185,78.12500625
92.0,-136.45834425,58.95833805
272.0,103.12500825,4.79166705
229.0,18.95833485,-33.54166935
130.0,132.70834395,66.87500535
95.0,46.45833705,41.87500335
-9999.0,-7.29166725000002,58.54167135
-9999.0,137.29167765,-34.37500275
244.0,-104.79167505,33.95833605
188.0,105.20834175,36.04166955
121.0,49.79167065,65.20833855
-9999.0,93.12500745,8.54166735
122.0,108.95834205,48.12500385
64.0,97.70834115,28.95833565
100.0,-131.04167715,62.29167165
140.0,-87.29167365,53.54167095
31.0,-67.70833875,63.95833845
65.0,139.37501115,61.04167155
111.0,-68.95833885,53.12500425
152.0,-73.54167255,47.70833715
242.0,-92.29167405,38.95833645
159.0,116.87500935,50.62500405
88.0,172.29168045,66.04167195
141.0,107.70834195,58.54167135
-9999.0,-23.54166855,65.62500525
265.0,-82.29167325,31.87500255
279.0,105.62500845,9.79166744999999
134.0,56.45833785,64.37500515
303.0,99.37500795,16.87500135
106.0,-115.62500925,65.20833855
155.0,44.79167025,37.29166965
108.0,-135.20834415,63.12500505
167.0,-91.45834065,47.70833715
167.0,49.37500395,58.54167135
158.0,92.29167405,57.29167125
120.0,98.12500785,36.04166955
55.0,-81.45833985,63.95833845
312.0,134.37501075,-14.79166785
136.0,21.87500175,66.04167195
144.0,112.29167565,60.62500485
244.0,98.54167455,24.37500195
137.0,111.45834225,49.79167065
-9999.0,-161.87501295,70.62500565
104.0,-139.37501115,65.20833855
148.0,100.20834135,54.79167105
-9999.0,101.45834145,12.29166765
142.0,16.04166795,61.87500495
-9999.0,129.79167705,36.45833625
122.0,48.95833725,65.20833855
-9999.0,106.04167515,-4.79166705
264.0,49.37500395,-18.12500145
-9999.0,18.95833485,59.37500475
-9999.0,111.45834225,-6.45833385
157.0,-3.95833365000001,48.12500385
-9999.0,11.45833425,67.29167205
157.0,-105.20834175,41.04166995
271.0,103.54167495,0.208333350000004
176.0,20.62500165,49.79167065
178.0,13.12500105,42.70833675
246.0,-97.70834115,20.20833495
142.0,33.95833605,62.29167165
205.0,-88.95834045,43.54167015
181.0,119.37500955,49.79167065
-9999.0,51.45833745,38.12500305
83.0,-71.87500575,-51.45833745
242.0,117.70834275,24.79166865
192.0,42.70833675,52.29167085
-9999.0,33.54166935,35.62500285
97.0,-129.37501035,60.62500485
108.0,-70.62500565,53.95833765
179.0,-123.12500985,45.20833695
141.0,50.62500405,63.54167175
65.0,98.12500785,73.12500585
1.0,-150.62501205,63.12500505
82.0,74.37500595,67.29167205
238.0,122.29167645,41.45833665
-9999.0,52.29167085,72.70833915
161.0,148.54167855,-37.29166965
66.0,169.79168025,66.87500535
12.0,106.87500855,78.12500625
95.0,165.20834655,60.62500485
116.0,-125.62501005,53.54167095
159.0,27.29166885,59.37500475
190.0,5.62500044999999,45.62500365
227.0,124.37500995,42.70833675
261.0,120.62500965,28.12500225
163.0,66.04167195,58.95833805
244.0,-88.12500705,36.04166955
152.0,120.62500965,56.87500455
112.0,125.62501005,57.70833795
271.0,113.54167575,3.54166694999999
77.0,-66.45833865,-55.20833775
-9999.0,-61.04167155,44.79167025
204.0,-111.04167555,34.79166945
156.0,86.87500695,59.79167145
109.0,-157.29167925,66.45833865
132.0,141.04167795,51.87500415
56.0,177.29168085,66.45833865
132.0,-157.29167925,64.79167185
-9999.0,-55.62500445,46.45833705
161.0,58.12500465,53.12500425
70.0,128.54167695,65.62500525
222.0,96.87500775,21.87500175
165.0,26.04166875,54.37500435
212.0,136.87501095,-33.54166935
143.0,-108.12500865,53.54167095
39.0,-71.45833905,68.54167215
272.0,139.79167785,-6.87500055
200.0,-118.12500945,38.12500305
178.0,112.70834235,50.20833735
163.0,64.79167185,58.95833805
233.0,101.87500815,24.79166865
219.0,-99.79167465,18.54166815
91.0,-70.20833895,-32.70833595
250.0,-77.70833955,35.20833615
150.0,-77.29167285,48.95833725
273.0,111.45834225,-7.70833395
169.0,26.87500215,53.54167095
-9999.0,-141.87501135,59.79167145
131.0,-73.95833925,51.87500415
112.0,-68.12500545,53.12500425
213.0,-107.29167525,29.37500235
112.0,27.29166885,68.54167215
89.0,155.62501245,50.20833735
106.0,98.95834125,29.79166905
102.0,167.70834675,62.29167165
246.0,146.87501175,-8.54166735
-9999.0,4.79166705,59.79167145
227.0,38.12500305,45.62500365
210.0,103.95834165,20.20833495
283.0,101.87500815,17.29166805
128.0,-131.04167715,66.45833865
135.0,-146.45834505,64.79167185
222.0,99.37500795,2.29166685
160.0,36.87500295,58.12500465
51.0,100.62500805,36.45833625
268.0,98.54167455,20.62500165
-9999.0,-45.20833695,59.79167145
125.0,-125.20834335,57.29167125
124.0,-6.45833385,58.12500465
41.0,168.12501345,66.87500535
264.0,105.20834175,29.37500235
116.0,101.45834145,31.04166915
177.0,26.04166875,51.04167075
110.0,99.79167465,53.54167095
155.0,32.29166925,56.87500455
-9999.0,-88.12500705,63.95833845
105.0,171.45834705,64.37500515
-9999.0,108.95834205,19.79166825
208.0,-121.87500975,37.70833635
-9999.0,139.37501115,33.95833605
-9999.0,-107.29167525,68.12500545
139.0,-113.95834245,61.87500495
37.0,54.37500435,72.29167245
66.0,106.87500855,73.54167255
108.0,50.20833735,67.29167205
112.0,76.45833945,65.62500525
95.0,146.45834505,68.95833885
211.0,140.62501125,41.04166995
178.0,37.29166965,53.12500425
76.0,86.04167355,71.04167235
160.0,72.29167245,58.12500465
199.0,127.70834355,38.95833645
127.0,31.45833585,65.62500525
193.0,-116.04167595,42.70833675
87.0,64.79167185,67.29167205
192.0,128.95834365,40.62500325
143.0,33.12500265,61.87500495
243.0,-96.45834105,38.95833645
-1.0,-44.37500355,62.29167165
223.0,-7.70833395000002,37.29166965
127.0,-123.54167655,46.45833705
143.0,107.29167525,58.95833805
73.0,-128.95834365,57.70833795
-9999.0,141.04167795,44.37500355
120.0,-109.37500875,61.87500495
251.0,146.45834505,-33.12500265
120.0,-155.62501245,65.20833855
168.0,-2.70833355000002,47.70833715
-9999.0,-58.12500465,51.04167075
165.0,58.54167135,54.79167105
163.0,78.54167295,56.87500455
161.0,-0.625000050000011,52.29167085
183.0,27.29166885,48.54167055
-9999.0,-56.87500455,54.79167105
268.0,-83.12500665,29.37500235
247.0,120.62500965,-30.62500245
120.0,116.04167595,58.12500465
156.0,-65.20833855,48.12500385
-9999.0,146.45834505,-40.62500325
65.0,-123.95834325,68.12500545
163.0,-118.95834285,42.70833675
56.0,100.20834135,74.37500595
108.0,-159.37501275,61.04167155
-9999.0,-151.87501215,58.12500465
46.0,20.20833495,68.95833885
96.0,93.95834085,28.95833565
62.0,-132.70834395,58.54167135
135.0,87.29167365,65.62500525
181.0,-84.79167345,45.20833695
-9999.0,139.37501115,42.29167005
157.0,21.45833505,56.45833785
205.0,19.37500155,45.62500365
296.0,106.04167515,20.20833495
129.0,64.79167185,34.79166945
140.0,34.37500275,61.45833825
251.0,-96.87500775,38.95833645
161.0,68.12500545,58.54167135
95.0,-138.95834445,62.70833835
134.0,23.54166855,66.04167195
158.0,38.12500305,58.95833805
141.0,-60.62500485,46.87500375
-9999.0,15.20833455,79.79167305
-9999.0,12.70833435,38.12500305
260.0,-94.79167425,35.62500285
274.0,117.29167605,31.04166915
218.0,42.70833675,44.79167025
133.0,-120.62500965,53.95833765
73.0,153.54167895,61.04167155
-9999.0,21.04166835,70.20833895
43.0,99.37500795,74.79167265
-9999.0,141.45834465,38.12500305
224.0,48.54167055,40.62500325
164.0,93.54167415,57.70833795
-9999.0,-0.208333350000004,50.62500405
198.0,52.29167085,29.37500235
246.0,-90.20834055,14.79166785
124.0,-71.04167235,51.45833745
132.0,-118.54167615,57.29167125
80.0,-121.87500975,50.20833735
-9999.0,121.87500975,25.62500205
92.0,70.20833895,67.29167205
-9999.0,7.70833395,40.20833655
200.0,34.79166945,41.87500335
246.0,106.45834185,31.87500255
-9999.0,148.95834525,-19.79166825
213.0,12.29166765,42.70833675
258.0,-83.95834005,33.12500265
125.0,55.62500445,65.62500525
-35.0,-24.37500195,74.37500595
142.0,121.04167635,48.54167055
148.0,10.62500085,47.70833715
51.0,54.37500435,71.87500575
18.0,-22.70833515,71.45833905
-9999.0,115.20834255,-7.70833395
140.0,-78.54167295,50.20833735
107.0,-99.79167465,60.20833815
132.0,-2.70833355000002,55.62500445
194.0,30.62500245,-26.87500215
230.0,-78.12500625,-3.12500025
165.0,-98.12500785,19.37500155
82.0,-133.54167735,58.95833805
81.0,-136.87501095,68.54167215
-9999.0,100.20834135,4.79166705
186.0,-76.45833945,44.79167025
185.0,43.95833685,53.54167095
173.0,6.45833385,47.70833715
121.0,-158.95834605,63.54167175
267.0,-97.29167445,36.87500295
-9999.0,173.54168055,-36.04166955
170.0,55.62500445,56.45833785
194.0,129.37501035,43.12500345
-9999.0,-69.37500555,61.45833825
93.0,-61.04167155,56.04167115
160.0,-93.54167415,51.04167075
107.0,-71.45833905,54.37500435
166.0,64.37500515,57.29167125
153.0,139.79167785,53.54167095
65.0,159.79167945,57.29167125
143.0,-80.62500645,51.04167075
216.0,29.37500235,40.20833655
-9999.0,32.70833595,45.20833695
156.0,33.12500265,57.29167125
259.0,-83.95834005,32.70833595
149.0,108.54167535,51.87500415
144.0,135.62501085,45.62500365
178.0,26.87500215,-31.45833585
254.0,-86.45834025,33.54166935
146.0,106.45834185,53.95833765
206.0,35.62500285,48.95833725
186.0,131.04167715,43.12500345
92.0,21.87500175,68.95833885
-9999.0,139.79167785,40.20833655
130.0,133.95834405,57.29167125
-9999.0,-10.20833415,53.95833765
177.0,-95.20834095,49.37500395
123.0,62.29167165,65.20833855
152.0,9.79166744999998,56.45833785
68.0,-130.62501045,61.04167155
168.0,-63.54167175,45.62500365
198.0,139.79167785,-36.04166955
-9999.0,100.62500805,3.54166694999999
149.0,14.79166785,58.95833805
266.0,-93.54167415,31.45833585
49.0,-177.29168085,66.04167195
143.0,40.20833655,61.87500495
-9999.0,133.54167735,35.62500285
-9999.0,-164.37501315,64.37500515
148.0,56.87500455,61.04167155
75.0,100.20834135,51.04167075
145.0,43.95833685,61.04167155
236.0,29.37500235,-24.37500195
147.0,35.20833615,60.20833815
183.0,51.04167075,54.79167105
148.0,-1.87500015000001,51.87500415
49.0,-72.29167245,67.70833875
-9999.0,120.62500965,-5.20833375000001
73.0,171.87501375,68.95833885
116.0,-74.79167265,53.12500425
53.0,-111.04167555,67.29167205
173.0,22.70833515,51.04167075
143.0,132.70834395,51.87500415
141.0,-120.20834295,52.29167085
140.0,31.04166915,63.12500505
135.0,107.70834195,54.79167105
243.0,48.12500385,40.20833655
-9999.0,-161.45834625,55.20833775
176.0,-107.70834195,49.79167065
102.0,-160.62501285,59.37500475
154.0,33.54166935,58.12500465
-9999.0,4.37500034999999,37.29166965
94.0,154.79167905,61.87500495
-9999.0,-166.45834665,66.45833865
178.0,24.37500195,46.87500375
201.0,-82.70833995,43.12500345
-9999.0,17.70833475,69.79167225
133.0,134.79167745,52.29167085
-9999.0,121.45834305,40.20833655
268.0,146.04167835,-17.70833475
262.0,111.04167555,28.95833565
151.0,-79.79167305,49.37500395
280.0,-99.79167465,33.12500265
-9999.0,23.54166855,39.37500315
136.0,-143.95834485,66.45833865
157.0,26.04166875,59.37500475
244.0,46.87500375,40.20833655
109.0,96.45834105,29.37500235
-9999.0,-9.37500075,39.37500315
175.0,-108.95834205,43.12500345
189.0,-5.20833375000001,40.62500325
133.0,142.29167805,49.37500395
139.0,97.29167445,31.04166915
228.0,96.45834105,22.70833515
157.0,128.54167695,41.04166995
-9999.0,127.70834355,-8.12500065
148.0,-85.62500685,51.45833745
-9999.0,-114.37500915,68.95833885
43.0,-75.20833935,61.87500495
75.0,83.54167335,42.70833675
140.0,-111.45834225,55.62500445
-9999.0,117.29167605,6.87500055
93.0,29.37500235,69.79167225
85.0,-134.37501075,64.79167185
-9999.0,18.12500145,57.70833795
151.0,111.45834225,48.54167055
138.0,94.37500755,29.37500235
135.0,123.12500985,58.12500465
167.0,52.70833755,58.12500465
144.0,-144.37501155,66.04167195
196.0,27.70833555,-30.20833575
160.0,89.79167385,60.62500485
136.0,21.45833505,65.62500525
98.0,50.62500405,68.12500545
255.0,-86.45834025,14.37500115
138.0,-88.95834045,53.95833765
170.0,127.70834355,42.70833675
83.0,171.87501375,66.04167195
157.0,-0.208333350000004,51.04167075
84.0,162.29167965,60.20833815
-9999.0,-41.87500335,61.45833825
218.0,125.20834335,40.62500325
-9999.0,11.04166755,65.20833855
161.0,130.20834375,54.37500435
210.0,-0.208333350000004,41.87500335
260.0,98.95834125,13.54166775
-9999.0,175.20834735,70.20833895
-9999.0,-73.95833925,64.37500515
-9999.0,-74.79167265,20.62500165
-9999.0,125.62501005,1.45833345
69.0,-73.54167255,58.95833805
258.0,41.87500335,38.12500305
113.0,-133.95834405,59.37500475
140.0,17.29166805,63.12500505
61.0,166.87501335,68.95833885
175.0,50.62500405,56.45833785
283.0,109.37500875,19.37500155
78.0,-130.62501045,69.79167225
164.0,68.54167215,57.29167125
146.0,51.87500415,62.70833835
162.0,60.20833815,55.62500445
-9999.0,36.45833625,69.37500555
-9999.0,125.20834335,25.20833535
195.0,114.79167585,42.70833675
182.0,18.54166815,52.29167085
59.0,-111.45834225,66.45833865
-9999.0,-93.95834085,58.95833805
222.0,-82.70833995,38.12500305
178.0,45.62500365,55.20833775
49.0,-157.70834595,70.20833895
-9999.0,-81.04167315,31.04166915
133.0,57.70833795,63.54167175
162.0,28.54166895,60.62500485
147.0,23.95833525,61.45833825
-9999.0,-0.208333350000004,36.45833625
226.0,136.87501095,36.45833625
119.0,-61.45833825,50.62500405
99.0,84.37500675,68.54167215
133.0,93.12500745,51.87500415
181.0,92.29167405,53.12500425
183.0,-2.70833355000002,42.70833675
277.0,113.95834245,31.04166915
222.0,40.20833655,45.20833695
-9999.0,-55.62500445,51.87500415
96.0,38.12500305,67.70833875
129.0,-157.70834595,64.79167185
284.0,111.04167555,23.54166855
264.0,-91.04167395,31.87500255
204.0,-80.20833975,38.95833645
280.0,-97.29167445,30.20833575
65.0,-145.62501165,69.79167225
-9999.0,145.62501165,59.37500475
183.0,48.95833725,55.62500445
145.0,42.29167005,61.87500495
294.0,103.54167495,15.62500125
122.0,69.79167225,64.37500515
282.0,-96.45834105,28.95833565
104.0,-127.29167685,57.70833795
158.0,44.79167025,58.95833805
88.0,-149.79167865,68.95833885
-9999.0,-68.54167215,48.54167055
144.0,100.62500805,27.70833555
152.0,100.62500805,54.37500435
257.0,110.62500885,29.37500235
-9999.0,121.04167635,-2.70833355000001
118.0,9.79166744999998,63.54167175
239.0,48.12500385,42.29167005
273.0,112.70834235,31.04166915
236.0,8.95833404999999,38.95833645
270.0,119.37500955,31.45833585
192.0,48.12500385,53.54167095
199.0,140.62501125,-36.45833625
196.0,28.95833565,38.95833645
159.0,68.95833885,58.54167135
81.0,-147.29167845,69.79167225
-9999.0,-135.62501085,56.87500455
173.0,48.54167055,56.04167115
136.0,53.12500425,63.95833845
120.0,128.95834365,56.04167115
130.0,-89.79167385,55.20833775
266.0,113.54167575,-1.04166675
185.0,127.29167685,48.12500385
91.0,-101.87500815,62.70833835
-9999.0,61.45833825,69.79167225
232.0,126.45834345,37.70833635
128.0,-110.62500885,41.04166995
90.0,17.29166805,69.37500555
52.0,-78.12500625,62.29167165
223.0,104.37500835,28.12500225
163.0,46.04167035,58.54167135
76.0,94.37500755,71.87500575
-9999.0,144.79167825,43.95833685
-9999.0,123.54167655,-8.12500065
52.0,74.79167265,71.04167235
-9999.0,-67.29167205,48.95833725
253.0,-80.20833975,34.79166945
46.0,-121.45834305,68.54167215
174.0,36.45833625,53.54167095
199.0,-87.29167365,43.12500345
93.0,152.70834555,61.04167155
-9999.0,39.79166985,65.20833855
-9999.0,-68.54167215,60.62500485
183.0,-104.79167505,41.04166995
186.0,-93.12500745,46.04167035
154.0,101.87500815,57.70833795
-9999.0,-77.29167285,63.95833845
157.0,74.37500595,58.95833805
159.0,88.12500705,55.62500445
149.0,-72.70833915,-42.29167005
180.0,18.95833485,52.70833755
118.0,106.04167515,55.62500445
125.0,-6.87500055000001,58.12500465
179.0,37.70833635,52.70833755
267.0,-86.04167355,30.62500245
95.0,67.29167205,67.70833875
164.0,-3.12500025,48.54167055
103.0,-143.95834485,64.79167185
287.0,-106.45834185,23.95833525
102.0,68.95833885,66.87500535
151.0,129.37501035,55.20833775
202.0,98.95834125,23.95833525
166.0,-71.04167235,46.04167035
66.0,-114.79167585,67.29167205
-9999.0,124.37500995,-2.29166685
184.0,133.12501065,49.37500395
79.0,171.45834705,68.95833885
273.0,113.95834245,25.62500205
-9999.0,126.04167675,37.29166965
267.0,121.04167635,30.62500245
232.0,-91.45834065,40.62500325
130.0,43.12500345,63.95833845
84.0,-127.29167685,63.54167175
154.0,-74.79167265,43.54167015
180.0,-83.95834005,45.20833695
92.0,-152.70834555,62.29167165
131.0,-151.04167875,64.37500515
85.0,168.54168015,64.37500515
205.0,109.37500875,37.29166965
251.0,144.79167825,-17.29166805
159.0,95.20834095,56.45833785
187.0,105.62500845,35.62500285
198.0,-78.95833965,42.70833675
113.0,-66.45833865,53.54167095
126.0,-151.87501215,61.04167155
193.0,135.20834415,48.12500385
141.0,88.54167375,63.95833845
189.0,-117.29167605,44.79167025
78.0,162.29167965,59.79167145
-9999.0,9.79166744999998,42.29167005
114.0,-155.62501245,62.29167165
68.0,179.79168105,65.62500525
126.0,-119.79167625,57.70833795
209.0,109.79167545,36.04166955
136.0,-55.20833775,48.12500385
147.0,-87.29167365,48.12500385
-9999.0,-57.70833795,47.29167045
101.0,50.20833735,67.70833875
97.0,22.70833515,68.95833885
80.0,-128.12501025,64.37500515
-9999.0,-3.12500025,59.37500475
39.0,95.62500765,74.37500595
79.0,108.54167535,72.70833915
-9999.0,-96.87500775,21.45833505
184.0,0.625000049999983,46.45833705
-9999.0,21.04166835,60.20833815
-9999.0,106.87500855,17.70833475
123.0,-154.37501235,65.62500525
85.0,-154.79167905,67.29167205
201.0,107.29167525,37.29166965
217.0,-85.20834015,40.62500325
185.0,113.12500905,37.29166965
74.0,76.04167275,68.95833885
132.0,110.20834215,57.29167125
-9999.0,36.87500295,63.95833845
108.0,116.45834265,58.12500465
145.0,58.54167135,58.54167135
280.0,106.87500855,11.04166755
104.0,-136.04167755,63.12500505
255.0,-95.62500765,37.29166965
172.0,84.37500675,28.54166895
164.0,-78.95833965,45.62500365
162.0,52.29167085,58.54167135
157.0,-77.29167285,47.29167045
155.0,53.54167095,60.20833815
154.0,37.70833635,59.79167145
224.0,106.87500855,32.29166925
164.0,71.87500575,57.70833795
-9999.0,-78.54167295,56.45833785
168.0,-89.79167385,15.20833455
118.0,100.62500805,28.12500225
-9999.0,108.95834205,3.12500025
-9999.0,-64.37500515,68.12500545
279.0,110.20834215,23.12500185
209.0,104.79167505,26.04166875
229.0,121.04167635,41.87500335
267.0,107.70834195,16.04166795
60.0,84.79167345,72.29167245
106.0,93.54167415,51.87500415
94.0,-154.37501235,58.12500465
153.0,39.37500315,59.79167145
149.0,25.62500205,47.29167045
156.0,44.37500355,59.37500475
157.0,55.20833775,59.79167145
271.0,-92.29167405,30.20833575
144.0,111.45834225,59.37500475
-9999.0,23.95833525,57.29167125
163.0,12.70833435,53.54167095
-9999.0,106.45834185,-3.54166695000001
168.0,11.45833425,51.45833745
87.0,-128.54167695,56.87500455
73.0,-128.95834365,63.54167175
86.0,-75.62500605,56.04167115
154.0,21.87500175,60.62500485
180.0,16.87500135,48.95833725
254.0,150.20834535,-29.37500235
-9999.0,-65.20833855,43.12500345
223.0,-73.54167255,40.62500325
63.0,158.95834605,63.54167175
133.0,93.12500745,64.37500515
258.0,102.70834155,4.37500034999999
140.0,52.70833755,63.54167175
191.0,1.87500014999998,44.37500355
95.0,-128.54167695,64.37500515
236.0,-94.37500755,40.20833655
213.0,26.45833545,-33.54166935
179.0,26.04166875,50.62500405
73.0,88.12500705,49.37500395
277.0,109.79167545,22.70833515
72.0,151.87501215,60.62500485
104.0,153.54167895,63.54167175
224.0,-76.45833945,39.79166985
262.0,96.45834105,24.79166865
68.0,159.37501275,63.95833845
95.0,-99.79167465,61.45833825
95.0,-138.54167775,64.79167185
147.0,87.29167365,63.54167175
124.0,-153.12501225,63.12500505
148.0,103.12500825,54.79167105
-9999.0,120.62500965,-6.45833385
167.0,55.62500445,57.70833795
102.0,-65.20833855,55.20833775
106.0,21.45833505,68.12500545
174.0,63.95833845,56.04167115
185.0,-107.29167525,43.95833685
130.0,-158.12501265,63.54167175
-9999.0,33.54166935,42.29167005
171.0,-3.95833365000001,43.12500345
91.0,137.29167765,57.29167125
227.0,51.04167075,49.79167065
-9999.0,106.45834185,18.54166815
174.0,15.20833455,51.45833745
179.0,-113.54167575,38.12500305
145.0,-86.87500695,49.79167065
195.0,117.70834275,-34.79166945
63.0,171.04168035,61.45833825
255.0,114.37500915,-28.12500225
153.0,12.29166765,58.95833805
272.0,-80.62500645,27.70833555
191.0,-0.208333350000004,43.54167015
32.0,-53.12500425,66.04167195
226.0,16.04166795,43.54167015
234.0,24.79166865,41.04166995
109.0,-123.12500985,52.70833755
-9999.0,140.62501125,57.70833795
308.0,96.04167435,21.87500175
126.0,125.62501005,58.12500465
278.0,96.04167435,4.37500034999999
-9999.0,19.79166825,80.62500645
247.0,98.54167455,23.12500185
214.0,-102.29167485,21.87500175
-9999.0,36.04166955,65.62500525
244.0,106.45834185,33.12500265
-9999.0,140.20834455,43.95833685
138.0,-53.54167095,47.29167045
104.0,-147.70834515,67.29167205
127.0,-77.29167285,51.87500415
-9999.0,-120.20834295,71.45833905
125.0,-127.70834355,55.62500445
-9999.0,-117.29167605,70.20833895
-9999.0,-95.20834095,19.37500155
66.0,-156.04167915,69.37500555
224.0,-94.79167425,41.04166995
148.0,39.79166985,62.29167165
82.0,78.12500625,68.54167215
75.0,98.12500785,72.29167245
246.0,103.95834165,28.95833565
-9999.0,-75.62500605,35.20833615
148.0,82.29167325,60.62500485
189.0,-105.20834175,35.62500285
-9999.0,23.95833525,59.79167145
154.0,-93.12500745,51.45833745
154.0,59.79167145,59.37500475
35.0,-102.70834155,70.20833895
274.0,-81.04167315,26.04166875
171.0,-111.45834225,39.79166985
-9999.0,16.87500135,58.54167135
29.0,-63.54167175,58.95833805
54.0,99.79167465,38.12500305
102.0,59.37500475,64.37500515
211.0,19.79166825,40.62500325
219.0,29.37500235,-31.45833585
78.0,101.87500815,29.37500235
175.0,96.87500775,4.37500034999999
178.0,21.04166835,52.29167085
126.0,66.45833865,65.62500525
59.0,147.29167845,63.95833845
76.0,89.79167385,30.62500245
169.0,126.45834345,53.54167095
-9999.0,53.95833765,70.62500565
86.0,166.87501335,60.62500485
140.0,36.45833625,62.70833835
33.0,-82.70833995,67.29167205
247.0,43.54167015,37.29166965
98.0,-62.70833835,53.95833765
245.0,28.95833565,36.87500295
254.0,114.79167585,3.95833365
103.0,59.37500475,66.87500535
273.0,134.37501075,-6.04166715000001
-9999.0,-1.04166675000002,59.79167145
57.0,-158.12501265,69.79167225
86.0,167.29168005,65.20833855
-9999.0,-1.87500015000001,60.62500485
220.0,-8.12500065,39.79166985
178.0,-116.04167595,46.04167035
233.0,-106.04167515,23.95833525
131.0,74.79167265,63.12500505
265.0,106.45834185,29.79166905
144.0,117.70834275,61.04167155
-9999.0,-58.54167135,55.20833775
56.0,149.79167865,61.04167155
155.0,25.20833535,48.12500385
48.0,-89.37500715,64.79167185
152.0,101.04167475,28.12500225
224.0,-84.37500675,36.45833625
-9999.0,177.29168085,62.29167165
137.0,121.45834305,50.20833735
104.0,58.95833805,66.87500535
123.0,13.95833445,63.12500505
153.0,6.87500054999998,47.29167045
139.0,58.12500465,59.79167145
130.0,16.45833465,62.70833835
243.0,103.95834165,21.87500175
122.0,135.62501085,67.29167205
137.0,-123.12500985,54.37500435
204.0,-89.79167385,43.12500345
-9999.0,156.04167915,52.70833755
124.0,40.62500325,65.20833855
293.0,94.79167425,21.45833505
103.0,-63.95833845,54.37500435
196.0,-8.95833405000002,39.79166985
122.0,131.04167715,58.12500465
94.0,-133.95834405,68.95833885
153.0,73.54167255,61.04167155
-9999.0,116.45834265,6.87500055
273.0,151.04167875,-10.62500085
159.0,30.20833575,55.62500445
153.0,81.45833985,59.79167145
258.0,111.04167555,34.79166945
-9999.0,34.37500275,31.87500255
163.0,35.20833615,56.04167115
159.0,51.04167075,59.37500475
142.0,41.87500335,62.70833835
90.0,-151.04167875,68.95833885
69.0,166.87501335,66.04167195
174.0,-118.12500945,43.12500345
186.0,29.79166905,50.62500405
131.0,75.62500605,63.54167175
201.0,102.29167485,24.79166865
-9999.0,-7.29166725000002,56.87500455
-9999.0,92.29167405,20.62500165
280.0,115.62500925,29.79166905
-9999.0,98.12500785,1.45833345
116.0,43.95833685,65.62500525
145.0,111.87500895,59.79167145
233.0,119.79167625,-31.87500255
-9999.0,107.29167525,20.20833495
207.0,-6.87500055000001,41.04166995
183.0,129.37501035,48.12500385
151.0,22.70833515,60.62500485
-9999.0,-61.04167155,47.70833715
239.0,140.20834455,36.04166955
71.0,-94.37500755,63.12500505
224.0,112.70834235,35.62500285
-9999.0,100.20834135,3.54166694999999
102.0,-118.54167615,52.70833755
88.0,-125.20834335,61.87500495
60.0,139.37501115,63.12500505
172.0,20.62500165,48.54167055
-9999.0,-72.29167245,40.62500325
166.0,-68.54167215,46.45833705
-9999.0,145.20834495,-38.95833645
-9999.0,152.29167885,-8.54166735
75.0,-110.20834215,45.20833695
172.0,-65.20833855,46.04167035
110.0,97.29167445,50.20833735
140.0,23.12500185,63.12500505
199.0,-99.37500795,46.87500375
100.0,71.45833905,42.29167005
125.0,57.70833795,65.62500525
103.0,156.04167915,53.95833765
202.0,31.04166915,-28.54166895
217.0,119.37500955,-33.12500265
146.0,-88.95834045,52.70833755
112.0,168.12501345,63.95833845
149.0,105.20834175,50.20833735
-9999.0,138.95834445,39.79166985
289.0,95.62500765,16.87500135
102.0,101.04167475,31.45833585
272.0,-103.12500825,25.62500205
121.0,-153.95834565,59.79167145
202.0,-119.37500955,46.04167035
232.0,-105.20834175,25.62500205
108.0,153.12501225,63.12500505
-9999.0,20.62500165,78.95833965
267.0,136.45834425,-4.37500035000001
217.0,120.62500965,44.37500355
207.0,-78.54167295,40.20833655
123.0,94.79167425,30.20833575
-9999.0,8.54166734999998,63.95833845
170.0,130.62501045,50.20833735
273.0,95.62500765,28.12500225
272.0,-91.87500735,17.29166805
135.0,-113.95834245,43.54167015
143.0,120.62500965,59.37500475
291.0,95.20834095,17.29166805
199.0,100.62500805,39.37500315
288.0,103.12500825,17.29166805
-9999.0,1.45833345,53.12500425
-9999.0,13.54166775,67.70833875
201.0,-101.87500815,21.87500175
82.0,-97.29167445,62.70833835
115.0,68.12500545,66.04167195
174.0,21.87500175,48.95833725
54.0,-79.79167305,62.29167165
-9999.0,121.87500975,37.70833635
287.0,106.87500855,21.04166835
167.0,37.70833635,57.29167125
262.0,108.12500865,29.37500235
-9999.0,-80.62500645,64.37500515
72.0,90.62500725,69.79167225
208.0,28.12500225,-32.70833595
163.0,23.54166855,56.87500455
151.0,70.62500565,38.12500305
193.0,-5.62500045000002,42.29167005
261.0,-96.87500775,36.87500295
163.0,-122.29167645,46.87500375
230.0,114.79167585,38.95833645
93.0,90.20834055,47.70833715
194.0,22.70833515,-33.95833605
-9999.0,17.70833475,40.20833655
254.0,116.87500935,24.37500195
241.0,-5.62500045000002,38.54166975
189.0,145.20834495,-38.12500305
-9999.0,38.95833645,43.54167015
114.0,-121.45834305,54.79167105
237.0,107.29167525,28.95833565
216.0,-111.45834225,34.37500275
-9999.0,11.87500095,38.12500305
212.0,-79.79167305,39.79166985
-9999.0,121.04167635,-33.95833605
158.0,136.04167755,46.87500375
154.0,23.54166855,46.45833705
245.0,128.95834365,35.20833615
-9999.0,-5.62500045000002,53.54167095
156.0,26.87500215,61.04167155
123.0,84.79167345,48.95833725
119.0,16.87500135,63.95833845
154.0,-73.95833925,46.45833705
80.0,-148.95834525,60.62500485
185.0,28.95833565,-2.29166685
154.0,-106.87500855,36.87500295
223.0,75.20833935,33.54166935
-9999.0,111.87500895,-8.54166735
106.0,83.95834005,50.20833735
96.0,-100.20834135,61.45833825
28.0,-49.79167065,63.54167175
191.0,6.04166714999999,43.54167015
106.0,-106.04167515,61.87500495
130.0,-1.87500015000001,54.79167105
152.0,110.62500885,51.87500415
57.0,147.70834515,61.87500495
131.0,-118.54167615,59.79167145
265.0,-116.04167595,36.87500295
143.0,56.04167115,62.29167165
210.0,-115.20834255,42.70833675
158.0,75.62500605,58.12500465
97.0,-132.29167725,63.12500505
146.0,-113.95834245,53.12500425
281.0,106.87500855,29.79166905
141.0,-121.87500975,56.45833785
114.0,53.12500425,66.87500535
162.0,-97.29167445,51.45833745
99.0,156.04167915,61.87500495
101.0,-121.87500975,53.54167095
120.0,-119.37500955,38.12500305
142.0,26.87500215,63.12500505
282.0,114.37500915,22.70833515
-9999.0,142.29167805,39.79166985
-9999.0,123.54167655,0.208333350000004
157.0,126.45834345,50.20833735
289.0,96.04167435,20.20833495
185.0,31.04166915,51.45833745
177.0,142.29167805,-37.70833635
155.0,92.70834075,38.54166975
-9999.0,83.95834005,69.79167225
43.0,98.95834125,74.79167265
303.0,106.45834185,17.70833475
268.0,-81.87500655,31.87500255
138.0,70.62500565,62.70833835
-9999.0,72.70833915,18.12500145
73.0,-51.04167075,68.12500545
89.0,-75.62500605,55.62500445
-9999.0,-172.70834715,67.29167205
160.0,7.70833395,50.20833735
125.0,-126.45834345,61.87500495
-9999.0,-134.37501075,55.62500445
130.0,83.12500665,45.62500365
235.0,-85.62500685,36.87500295
68.0,-153.95834565,70.20833895
-9999.0,8.54166734999998,58.12500465
124.0,-68.12500545,50.62500405
253.0,122.29167645,29.79166905
96.0,-68.12500545,57.29167125
150.0,103.54167495,58.95833805
46.0,-122.70834315,69.37500555
122.0,-83.54167335,54.37500435
69.0,72.29167245,68.95833885
-9999.0,141.87501135,47.29167045
125.0,83.95834005,65.62500525
260.0,-110.20834215,31.87500255
-9999.0,35.20833615,65.20833855
69.0,171.87501375,66.87500535
113.0,-62.29167165,51.45833745
215.0,26.87500215,42.29167005
176.0,13.12500105,51.45833745
103.0,115.20834255,56.87500455
165.0,1.04166674999999,48.54167055
52.0,71.04167235,71.45833905
125.0,18.54166815,65.20833855
-9999.0,8.95833404999999,42.70833675
237.0,148.95834525,-31.87500255
61.0,166.04167995,66.87500535
38.0,-143.12501145,68.54167215
265.0,-92.70834075,33.12500265
-9999.0,53.12500425,68.95833885
156.0,-55.62500445,48.95833725
258.0,-88.95834045,32.70833595
51.0,-154.79167905,71.04167235
144.0,-109.37500875,45.20833695
94.0,-114.37500915,49.79167065
93.0,36.87500295,68.12500545
125.0,-89.37500715,55.62500445
93.0,110.62500885,54.79167105
51.0,-101.87500815,67.29167205
-40.0,-25.62500205,73.54167255
73.0,99.79167465,31.04166915
172.0,136.87501095,50.62500405
-9999.0,5.20833374999998,62.29167165
110.0,138.12501105,56.45833785
105.0,-115.62500925,52.29167085
228.0,-86.04167355,39.37500315
164.0,71.45833905,57.70833795
-9999.0,17.70833475,42.29167005
-9999.0,20.62500165,59.37500475
171.0,-121.87500975,42.29167005
15.0,-24.79166865,71.45833905
204.0,-79.37500635,43.54167015
177.0,24.79166865,48.95833725
109.0,-121.04167635,66.04167195
191.0,133.12501065,44.79167025
173.0,61.45833825,56.45833785
147.0,21.45833505,48.95833725
121.0,151.87501215,66.04167195
179.0,39.37500315,53.95833765
206.0,26.45833545,43.54167015
-9999.0,-118.54167615,33.12500265
182.0,51.87500415,55.20833775
-9999.0,-73.95833925,-41.45833665
105.0,-147.70834515,67.70833875
277.0,113.54167575,30.62500245
-9999.0,15.20833455,43.12500345
-9999.0,-66.87500535,44.79167025
209.0,86.04167355,48.12500385
-9999.0,163.12501305,61.87500495
128.0,21.87500175,66.87500535
90.0,98.54167455,29.79166905
181.0,117.70834275,42.29167005
166.0,-102.29167485,51.45833745
155.0,58.95833805,57.70833795
78.0,-62.70833835,57.29167125
174.0,-90.20834055,46.87500375
59.0,-71.87500575,60.20833815
291.0,102.29167485,16.45833465
128.0,-124.37500995,62.70833835
242.0,98.95834125,24.37500195
-9999.0,116.45834265,8.54166735
34.0,-112.70834235,69.79167225
172.0,139.79167785,42.29167005
127.0,102.29167485,63.54167175
117.0,97.29167445,63.12500505
237.0,-95.62500765,40.62500325
-9999.0,153.54167895,-25.62500205
221.0,-94.37500755,42.29167005
192.0,128.95834365,47.70833715
128.0,78.54167295,31.45833585
128.0,-134.37501075,66.45833865
-9999.0,135.20834415,-0.625000049999997
99.0,-121.45834305,46.45833705
261.0,-87.70834035,31.87500255
256.0,-103.95834165,19.79166825
80.0,-119.37500955,67.29167205
154.0,68.54167215,61.45833825
-9999.0,108.12500865,16.45833465
92.0,23.12500185,69.37500555
144.0,-118.12500945,55.20833775
-9999.0,-73.54167255,67.70833875
180.0,26.87500215,50.20833735
169.0,-78.95833965,46.87500375
-9999.0,156.04167915,57.29167125
-9999.0,129.79167705,32.70833595
-9999.0,15.20833455,69.37500555
-9999.0,-66.87500535,-55.62500445
128.0,95.62500765,51.04167075
152.0,11.04166755,47.70833715
297.0,94.79167425,19.79166825
93.0,-106.45834185,39.37500315
105.0,74.37500595,37.29166965
156.0,-72.29167245,-38.12500305
88.0,-72.70833915,-51.45833745
195.0,15.62500125,45.20833695
180.0,113.54167575,49.79167065
285.0,93.95834085,20.20833495
95.0,81.04167315,68.12500545
199.0,-71.87500575,41.45833665
131.0,102.70834155,51.45833745
103.0,-120.20834295,66.45833865
224.0,-84.37500675,39.37500315
71.0,93.95834085,67.70833875
207.0,19.79166825,45.62500365
53.0,-112.29167565,68.54167215
138.0,121.04167635,51.04167075
182.0,15.20833455,48.12500385
151.0,102.70834155,46.04167035
275.0,116.87500935,27.70833555
162.0,136.87501095,52.70833755
184.0,81.45833985,53.12500425
268.0,-91.04167395,32.29166925
131.0,100.62500805,49.79167065
96.0,-160.62501285,64.37500515
206.0,-112.29167565,39.37500315
275.0,105.62500845,-3.95833365
-9999.0,131.45834385,31.45833585
199.0,-88.12500705,43.95833685
-81.0,-28.54166895,69.37500555
191.0,29.79166905,36.45833625
48.0,145.20834495,66.45833865
76.0,98.54167455,32.70833595
79.0,137.70834435,65.20833855
95.0,6.45833385,58.95833805
129.0,-131.87501055,66.45833865
179.0,16.04166795,52.70833755
-9999.0,126.87501015,-13.54166775
249.0,145.62501165,-33.12500265
-9999.0,9.79166744999998,40.20833655
239.0,127.70834355,34.79166945
183.0,141.45834465,-37.29166965
154.0,73.95833925,60.62500485
-9999.0,21.45833505,57.70833795
140.0,-121.45834305,60.62500485
65.0,75.62500605,69.79167225
109.0,-125.62501005,61.04167155
-9999.0,-61.04167155,49.37500395
121.0,-120.20834295,65.20833855
121.0,98.54167455,53.95833765
86.0,-134.37501075,62.29167165
168.0,-98.95834125,52.29167085
-9999.0,34.37500275,66.45833865
122.0,-124.79167665,53.54167095
141.0,-104.79167505,56.45833785
154.0,13.54166775,58.95833805
88.0,-61.04167155,55.62500445
155.0,-88.54167375,48.54167055
261.0,-5.62500045000002,33.95833605
125.0,99.37500795,36.45833625
88.0,-108.54167535,64.37500515
-9999.0,26.45833545,39.37500315
84.0,175.62501405,66.04167195
-9999.0,5.62500044999999,37.29166965
-9999.0,32.29166925,41.87500335
201.0,-116.45834265,37.29166965
-9999.0,12.70833435,38.54166975
124.0,137.70834435,47.70833715
168.0,116.87500935,43.54167015
79.0,-130.20834375,63.12500505
82.0,-118.54167615,53.12500425
-9999.0,24.37500195,38.95833645
205.0,108.95834205,36.87500295
163.0,62.29167165,58.95833805
251.0,49.79167065,-13.95833445
185.0,20.20833495,43.95833685
135.0,-155.20834575,64.79167185
228.0,139.79167785,38.54166975
196.0,106.87500855,35.20833615
276.0,112.70834235,25.62500205
-9999.0,-6.45833385,56.45833785
199.0,15.20833455,46.04167035
-9999.0,166.45834665,-21.45833505
76.0,90.20834055,71.45833905
115.0,-144.79167825,63.54167175
90.0,-128.54167695,68.54167215
-9999.0,-8.54166735000001,54.79167105
61.0,170.20834695,67.29167205
132.0,-130.62501045,58.12500465
120.0,66.87500535,66.04167195
179.0,28.54166895,51.87500415
-9999.0,151.87501215,-33.12500265
161.0,84.79167345,51.87500415
158.0,102.29167485,58.12500465
96.0,-58.95833805,54.37500435
-9999.0,-165.20834655,61.04167155
216.0,-78.12500625,39.79166985
95.0,-137.70834435,67.70833875
240.0,-93.54167415,39.37500315
168.0,91.04167395,27.29166885
87.0,138.12501105,65.62500525
147.0,-88.54167375,51.04167075
103.0,111.45834225,56.87500455
233.0,-83.12500665,36.04166955
39.0,-142.70834475,68.95833885
112.0,48.95833725,66.45833865
149.0,-108.95834205,55.20833775
272.0,117.29167605,26.04166875
81.0,98.95834125,53.12500425
47.0,73.95833925,71.87500575
181.0,55.20833775,53.95833765
121.0,73.95833925,63.95833845
97.0,145.62501165,66.87500535
155.0,-92.29167405,51.45833745
160.0,27.29166885,56.87500455
137.0,112.70834235,61.04167155
163.0,129.79167705,54.37500435
214.0,-108.95834205,38.54166975
111.0,154.37501235,59.37500475
114.0,48.54167055,66.45833865
-9999.0,152.70834555,48.12500385
170.0,128.54167695,42.29167005
-9999.0,-91.87500735,29.37500235
215.0,19.37500155,42.70833675
-9999.0,115.20834255,-6.45833385
-9999.0,143.54167815,48.95833725
135.0,146.87501175,-43.12500345
43.0,-76.04167275,61.87500495
-9999.0,140.62501125,35.62500285
-10.0,-46.04167035,62.29167165
140.0,32.70833595,62.29167165
270.0,115.62500925,33.12500265
270.0,-99.37500795,21.45833505
180.0,86.87500695,53.12500425
270.0,-102.29167485,30.20833575
148.0,109.79167545,58.12500465
171.0,-80.62500645,44.37500355
167.0,71.45833905,56.45833785
92.0,133.12501065,55.62500445
81.0,86.45834025,70.62500565
-9999.0,121.45834305,25.62500205
127.0,6.87500054999998,61.04167155
-9999.0,3.54166694999998,36.87500295
132.0,143.95834485,49.37500395
298.0,88.54167375,22.29166845
273.0,-98.54167455,29.79166905
-9999.0,-28.12500225,70.62500565
66.0,84.79167345,71.87500575
216.0,98.54167455,2.29166685
-9999.0,118.12500945,-8.54166735
123.0,132.70834395,66.04167195
151.0,39.37500315,60.20833815
144.0,142.70834475,51.45833745
135.0,36.45833625,63.12500505
169.0,112.70834235,41.04166995
185.0,-97.70834115,49.37500395
50.0,-96.45834105,67.70833875
107.0,128.95834365,65.20833855
199.0,1.04166674999999,43.54167015
128.0,76.04167275,63.95833845
172.0,132.70834395,49.79167065
54.0,174.37501395,69.79167225
273.0,138.54167775,-8.12500065
-9999.0,153.54167895,-28.12500225
95.0,-136.45834425,65.20833855
191.0,-101.04167475,21.87500175
157.0,146.45834505,-41.45833665
111.0,-60.62500485,51.45833745
229.0,120.62500965,-32.29166925
174.0,-65.62500525,46.87500375
70.0,-102.70834155,64.79167185
169.0,25.20833535,53.54167095
-9999.0,-162.70834635,54.37500435
242.0,-3.54166695000001,34.79166945
-9999.0,-91.87500735,57.70833795
137.0,24.79166865,66.04167195
220.0,119.79167625,-32.70833595
-9999.0,6.45833385,37.29166965
133.0,-126.04167675,49.37500395
112.0,-156.04167915,63.12500505
176.0,44.79167025,56.04167115
137.0,85.62500685,63.95833845
-9999.0,125.62501005,35.62500285
-9999.0,139.37501115,-36.45833625
185.0,27.29166885,-32.29166925
181.0,-112.29167565,41.87500335
125.0,-132.70834395,66.04167195
-9999.0,155.62501245,56.45833785
266.0,-96.87500775,34.79166945
109.0,139.37501115,50.20833735
77.0,79.79167305,30.20833575
153.0,131.45834385,51.04167075
118.0,20.20833495,66.87500535
-9999.0,124.37500995,-8.12500065
228.0,104.37500835,-5.20833375000001
65.0,93.54167415,72.70833915
229.0,-93.95834085,40.62500325
159.0,-123.95834325,50.20833735
234.0,-78.54167295,37.70833635
158.0,-105.20834175,24.79166865
269.0,110.62500885,-1.04166675
277.0,100.62500805,18.12500145
189.0,28.95833565,-27.29166885
170.0,33.12500265,53.95833765
-9999.0,4.79166705,61.87500495
157.0,4.79166705,52.70833755
108.0,20.62500165,41.87500335
93.0,-103.12500825,62.70833835
123.0,-77.70833955,52.29167085
141.0,-81.45833985,51.87500415
138.0,133.95834405,53.12500425
153.0,134.37501075,54.79167105
150.0,100.62500805,59.37500475
109.0,-133.95834405,60.62500485
208.0,-104.79167505,24.79166865
100.0,168.95834685,64.79167185
150.0,102.29167485,57.70833795
119.0,43.54167015,42.70833675
146.0,99.37500795,54.37500435
-9999.0,118.95834285,1.45833345
-9999.0,97.29167445,10.62500085
86.0,-70.62500565,57.29167125
144.0,37.70833635,61.45833825
268.0,94.37500755,16.45833465
131.0,68.95833885,63.95833845
275.0,116.87500935,32.70833595
117.0,-157.70834595,62.29167165
108.0,161.87501295,61.45833825
104.0,101.45834145,38.12500305
162.0,112.29167565,48.54167055
-9999.0,-52.70833755,46.45833705
194.0,-106.45834185,44.37500355
120.0,63.95833845,65.20833855
138.0,23.12500185,62.70833835
-9999.0,-136.87501095,68.95833885
-9999.0,138.95834445,34.37500275
197.0,111.04167555,36.87500295
133.0,136.45834425,45.62500365
273.0,-100.62500805,26.04166875
75.0,-153.95834565,60.20833815
145.0,55.20833775,61.87500495
99.0,94.37500755,68.12500545
229.0,148.95834525,-32.70833595
229.0,-90.62500725,41.45833665
261.0,-89.37500715,31.87500255
78.0,-17.29166805,65.62500525
265.0,-84.79167345,31.87500255
-9999.0,54.79167105,74.79167265
13.0,15.20833455,77.29167285
160.0,30.62500245,58.95833805
-9999.0,164.37501315,-21.04166835
176.0,24.37500195,51.45833745
168.0,128.54167695,53.54167095
71.0,173.95834725,63.95833845
147.0,-124.37500995,48.12500385
-9999.0,59.79167145,68.54167215
165.0,34.37500275,55.62500445
90.0,96.04167435,70.62500565
151.0,-116.04167595,46.87500375
52.0,-51.04167075,63.54167175
-9999.0,4.79166705,61.45833825
104.0,25.20833535,69.37500555
98.0,150.20834535,60.20833815
71.0,172.70834715,63.95833845
79.0,71.45833905,68.12500545
100.0,11.45833425,62.70833835
84.0,-147.29167845,63.54167175
182.0,150.20834535,-35.20833615
169.0,-109.79167545,45.62500365
217.0,124.37500995,0.625000049999997
156.0,78.54167295,59.37500475
-9999.0,18.95833485,54.37500435
177.0,-93.95834085,47.70833715
-9999.0,100.20834135,-2.70833355000001
29.0,-27.70833555,68.54167215
123.0,46.87500375,65.62500525
116.0,-72.29167245,-51.04167075
-9999.0,26.04166875,39.37500315
132.0,35.62500285,63.54167175
281.0,105.20834175,17.29166805
113.0,-126.04167675,66.45833865
143.0,-79.37500635,50.62500405
-9999.0,-85.20834015,56.04167115
126.0,-124.37500995,55.20833775
191.0,-83.12500665,43.95833685
-9999.0,13.95833445,55.20833775
-9999.0,-150.62501205,71.04167235
191.0,130.62501045,42.29167005
150.0,-1.04166675000002,53.95833765
-9999.0,146.04167835,-17.29166805
-9999.0,-166.04167995,66.45833865
114.0,-68.95833885,52.70833755
165.0,1.45833345,52.70833755
148.0,6.87500054999998,50.20833735
160.0,-85.62500685,46.87500375
258.0,-79.79167305,34.37500275
-9999.0,139.37501115,-36.04166955
89.0,-151.04167875,59.37500475
57.0,-151.87501215,68.12500545
121.0,-91.87500735,56.45833785
133.0,100.20834135,30.62500245
156.0,110.20834215,53.95833765
282.0,114.79167585,23.54166855
-9999.0,10.62500085,56.04167115
116.0,113.54167575,59.37500475
127.0,59.37500475,60.62500485
134.0,5.62500044999999,58.95833805
157.0,115.20834255,51.87500415
-9999.0,41.04166995,41.87500335
198.0,38.95833645,51.04167075
-9999.0,13.95833445,38.12500305
123.0,-141.04167795,62.70833835
138.0,74.37500595,34.79166945
172.0,129.79167705,52.70833755
280.0,109.79167545,22.29166845
271.0,-97.70834115,34.37500275
197.0,31.87500255,49.37500395
210.0,116.87500935,-33.54166935
145.0,75.20833935,61.87500495
42.0,-70.20833895,67.29167205
66.0,164.79167985,66.45833865
137.0,-128.95834365,65.62500525
-9999.0,-1.87500015000001,48.95833725
-4.0,-25.20833535,72.70833915
86.0,157.70834595,52.29167085
232.0,78.12500625,43.54167015
90.0,-16.45833465,63.95833845
129.0,58.95833805,63.95833845
137.0,123.95834325,57.29167125
214.0,-88.54167375,41.87500335
50.0,-162.70834635,68.54167215
120.0,-74.79167265,52.70833755
-9999.0,13.54166775,45.62500365
272.0,112.29167565,30.62500245
174.0,-102.29167485,19.79166825
234.0,106.87500855,26.45833545
117.0,102.70834155,36.87500295
256.0,-111.87500895,34.79166945
95.0,-56.04167115,53.12500425
250.0,-104.37500835,23.54166855
160.0,-123.95834325,41.04166995
-9999.0,-93.54167415,59.37500475
-9999.0,-117.29167605,32.29166925
240.0,118.95834285,36.04166955
260.0,-89.37500715,32.29166925
97.0,-121.45834305,66.04167195
186.0,46.04167035,54.79167105
-9999.0,126.04167675,34.79166945
80.0,-45.20833695,60.20833815
268.0,111.45834225,28.12500225
75.0,171.45834705,66.87500535
136.0,-152.70834555,65.20833855
275.0,143.12501145,-8.95833405
117.0,-142.70834475,64.37500515
186.0,54.79167105,53.12500425
113.0,98.54167455,52.70833755
159.0,62.70833835,59.37500475
110.0,28.95833565,67.29167205
89.0,41.04166995,43.54167015
261.0,139.79167785,-31.45833585
197.0,-80.20833975,42.70833675
-9999.0,162.29167965,70.20833895
202.0,28.95833565,46.87500375
56.0,52.70833755,72.29167245
-9999.0,145.20834495,-8.12500065
183.0,-95.20834095,47.70833715
255.0,28.12500225,37.29166965
186.0,131.45834385,48.54167055
73.0,-154.37501235,69.79167225
163.0,66.87500535,58.54167135
151.0,20.62500165,-33.95833605
283.0,99.79167465,12.29166765
-9999.0,144.37501155,58.95833805
162.0,-105.62500845,33.12500265
-9999.0,119.79167625,14.79166785
154.0,-100.62500805,25.62500205
120.0,122.70834315,51.87500415
154.0,6.04166714999999,53.12500425
118.0,109.37500875,56.04167115
136.0,-123.12500985,53.95833765
-9999.0,149.37501195,-20.62500165
125.0,-132.70834395,66.87500535
130.0,20.20833495,48.95833725
-9999.0,120.20834295,22.70833515
280.0,92.29167405,24.37500195
168.0,8.54166734999998,47.29167045
139.0,-74.79167265,50.62500405
219.0,133.95834405,-32.29166925
175.0,43.95833685,42.29167005
147.0,121.04167635,54.79167105
196.0,1.45833345,45.20833695
104.0,-140.62501125,59.79167145
72.0,-137.70834435,58.95833805
145.0,37.70833635,61.87500495
204.0,-109.37500875,33.12500265
239.0,95.62500765,28.54166895
-9999.0,-37.29166965,65.20833855
128.0,154.37501235,64.37500515
140.0,-150.20834535,64.79167185
127.0,-138.95834445,63.12500505
111.0,-98.12500785,58.95833805
241.0,-90.20834055,38.95833645
121.0,-93.54167415,56.87500455
119.0,-147.29167845,65.62500525
-9999.0,51.87500415,71.04167235
181.0,82.29167325,51.04167075
129.0,-146.45834505,65.20833855
256.0,141.87501135,-31.45833585
-9999.0,154.37501235,49.79167065
-9999.0,-69.79167225,43.54167015
-9999.0,-132.70834395,54.79167105
124.0,72.29167245,63.95833845
223.0,9.37500075,45.20833695
-9999.0,-136.04167755,69.37500555
135.0,-118.54167615,45.20833695
267.0,-100.62500805,33.95833605
-9999.0,16.04166795,54.37500435
188.0,32.29166925,51.04167075
241.0,12.70833435,37.70833635
175.0,22.29166845,51.04167075
-9999.0,-22.70833515,65.20833855
201.0,21.04166835,41.45833665
125.0,-145.62501165,65.62500525
131.0,111.87500895,61.87500495
245.0,145.62501165,-18.12500145
94.0,76.04167275,66.87500535
245.0,110.20834215,29.79166905
91.0,-103.95834165,63.12500505
-9999.0,-122.70834315,48.12500385
61.0,-153.95834565,61.45833825
110.0,87.70834035,48.54167055
195.0,-78.95833965,38.95833645
-9999.0,-69.79167225,41.87500335
138.0,-83.95834005,52.70833755
-9999.0,164.37501315,59.37500475
125.0,31.87500255,66.45833865
-9999.0,-164.79167985,64.37500515
168.0,-92.29167405,46.87500375
304.0,141.87501135,-17.70833475
251.0,49.79167065,32.29166925
120.0,20.62500165,66.87500535
148.0,-86.87500695,51.87500415
160.0,29.79166905,59.37500475
133.0,117.70834275,58.12500465
142.0,-121.04167635,51.87500415
-9999.0,1.04166674999999,51.04167075
232.0,127.70834355,36.87500295
-9999.0,-95.62500765,15.62500125
-9999.0,146.87501175,-5.62500045
115.0,-137.29167765,66.04167195
120.0,24.37500195,67.29167205
88.0,162.29167965,61.87500495
143.0,71.87500575,42.29167005
197.0,16.45833465,38.54166975
189.0,-104.79167505,35.62500285
203.0,51.04167075,30.62500245
203.0,73.54167255,35.62500285
55.0,-73.95833925,60.62500485
-9999.0,39.79166985,64.79167185
260.0,108.54167535,12.70833435
-9999.0,143.95834485,76.04167275
170.0,107.70834195,49.79167065
266.0,113.95834245,33.95833605
96.0,158.95834605,57.70833795
169.0,-106.04167515,36.45833625
-9999.0,14.79166785,42.70833675
260.0,-98.12500785,37.29166965
179.0,129.79167705,50.62500405
107.0,169.79168025,63.95833845
167.0,5.20833374999998,49.37500395
224.0,111.04167555,38.95833645
169.0,118.95834285,47.29167045
154.0,-89.37500715,49.37500395
211.0,134.37501075,-33.12500265
134.0,-3.95833365000001,55.20833775
31.0,-52.29167085,69.79167225
-9999.0,44.37500355,68.54167215
-9999.0,13.95833445,77.29167285
261.0,-84.79167345,13.12500105
249.0,147.29167845,-33.12500265
140.0,-81.87500655,52.29167085
-9999.0,32.70833595,-26.04166875
72.0,175.62501405,64.37500515
-9999.0,25.20833535,38.54166975
222.0,99.37500795,24.37500195
265.0,111.87500895,31.87500255
66.0,91.04167395,28.54166895
179.0,43.95833685,56.45833785
208.0,125.20834335,42.70833675
71.0,-123.12500985,50.62500405
95.0,173.54168055,65.62500525
-9999.0,-154.37501235,57.70833795
185.0,29.79166905,51.04167075
-9999.0,121.45834305,38.54166975
193.0,17.29166805,48.12500385
204.0,-120.20834295,35.20833615
209.0,120.20834295,43.95833685
249.0,-96.04167435,38.12500305
56.0,-119.79167625,68.12500545
49.0,87.70834035,49.79167065
-9999.0,-66.04167195,58.95833805
221.0,-82.70833995,36.87500295
-9999.0,93.12500745,12.70833435
119.0,53.12500425,66.04167195
263.0,-87.70834035,32.70833595
-9999.0,11.45833425,55.20833775
83.0,95.62500765,30.62500245
238.0,140.20834455,-33.12500265
229.0,11.04166755,44.79167025
124.0,131.87501055,58.12500465
176.0,29.79166905,52.70833755
103.0,151.04167875,62.29167165
115.0,112.29167565,54.79167105
213.0,104.37500835,27.70833555
154.0,-88.12500705,48.95833725
171.0,36.45833625,55.20833775
82.0,-111.45834225,64.79167185
267.0,-81.87500655,32.29166925
168.0,-61.87500495,45.62500365
139.0,26.45833545,64.37500515
205.0,11.45833425,46.04167035
186.0,-85.20834015,44.79167025
-9999.0,-5.62500045000002,50.20833735
131.0,-120.62500965,60.20833815
145.0,-88.95834045,50.62500405
268.0,-92.70834075,31.87500255
59.0,164.79167985,64.79167185
125.0,112.70834235,56.45833785
188.0,-92.29167405,46.04167035
64.0,87.29167365,72.29167245
282.0,109.37500875,25.20833535
160.0,113.54167575,51.04167075
231.0,-6.45833385,40.20833655
272.0,126.04167675,-8.95833405
152.0,121.45834305,53.54167095
108.0,-154.37501235,63.54167175
182.0,127.29167685,51.45833745
138.0,57.29167125,63.12500505
84.0,-137.29167765,68.95833885
-9999.0,155.20834575,56.45833785
253.0,97.70834115,4.37500034999999
167.0,-108.95834205,51.45833745
-9999.0,15.20833455,55.20833775
174.0,-69.37500555,45.20833695
62.0,98.12500785,69.79167225
-9999.0,34.37500275,-25.20833535
87.0,49.37500395,68.95833885
-9999.0,-66.87500535,58.95833805
148.0,-91.04167395,52.29167085
108.0,58.54167135,66.87500535
67.0,-70.62500565,-54.79167105
182.0,133.12501065,42.70833675
154.0,-75.62500605,47.70833715
146.0,101.87500815,48.95833725
-9999.0,-14.79166785,80.62500645
272.0,-99.79167465,31.87500255
-9999.0,136.87501095,-12.70833435
252.0,152.29167885,-25.20833535
182.0,-94.37500755,48.12500385
193.0,1.04166674999999,44.37500355
122.0,71.87500575,36.04166955
136.0,20.62500165,64.37500515
142.0,121.87500975,58.12500465
174.0,-89.79167385,46.04167035
-9999.0,33.95833605,35.20833615
94.0,25.62500205,69.79167225
-9999.0,137.29167765,-8.54166735
166.0,6.45833385,45.62500365
204.0,127.70834355,46.04167035
73.0,164.79167985,65.20833855
212.0,-101.87500815,21.45833505
87.0,-136.87501095,60.62500485
152.0,83.54167335,45.62500365
69.0,67.29167205,70.62500565
245.0,134.79167745,35.20833615
156.0,-3.12500025,51.04167075
168.0,16.45833465,53.54167095
73.0,168.95834685,66.45833865
262.0,-88.54167375,31.45833585
-9999.0,142.70834475,46.04167035
91.0,14.79166785,66.45833865
280.0,-96.04167435,28.95833565
177.0,-98.95834125,19.37500155
-9999.0,104.79167505,-0.625000049999997
-9999.0,48.12500385,69.37500555
-9999.0,74.37500595,67.70833875
268.0,120.20834295,29.37500235
117.0,-127.70834355,62.29167165
78.0,95.20834095,71.87500575
147.0,40.20833655,61.45833825
285.0,111.04167555,21.45833505
182.0,28.54166895,48.95833725
20.0,11.04166755,78.54167295
109.0,-143.54167815,64.79167185
253.0,102.70834155,21.87500175
142.0,119.79167625,46.87500375
157.0,69.79167225,59.37500475
271.0,97.29167445,25.62500205
239.0,-87.29167365,38.54166975
-9999.0,12.29166765,67.70833875
103.0,-144.37501155,60.62500485
-9999.0,33.54166935,36.04166955
-9999.0,143.12501145,45.62500365
-9999.0,120.20834295,-6.04166715000001
75.0,-127.70834355,61.45833825
153.0,48.12500385,61.04167155
205.0,-83.95834005,43.54167015
156.0,98.12500785,58.12500465
270.0,143.95834485,-4.79166705
74.0,-144.79167825,68.12500545
217.0,-102.70834155,21.04166835
-9999.0,6.87500054999998,58.12500465
139.0,102.29167485,47.29167045
-9999.0,116.04167595,6.87500055
69.0,162.70834635,59.79167145
98.0,-128.95834365,68.12500545
81.0,71.45833905,35.62500285
38.0,-45.20833695,61.45833825
-9999.0,-8.12500065,55.62500445
-9999.0,-2.70833355000002,49.37500395
44.0,-76.45833945,64.79167185
273.0,95.62500765,27.29166885
259.0,-86.45834025,32.70833595
242.0,-116.87500935,35.62500285
40.0,-113.12500905,69.37500555
114.0,-138.54167775,66.45833865
204.0,131.87501055,47.29167045
185.0,51.45833745,55.20833775
128.0,-112.29167565,46.45833705
243.0,-109.79167545,37.29166965
242.0,102.70834155,19.79166825
264.0,115.62500925,23.12500185
164.0,117.70834275,50.20833735
79.0,-112.70834235,65.62500525
264.0,107.70834195,30.62500245
190.0,42.29167005,53.12500425
135.0,79.37500635,63.54167175
261.0,120.62500965,31.45833585
56.0,101.04167475,74.37500595
174.0,20.20833495,51.87500415
202.0,-95.62500765,45.62500365
164.0,20.62500165,51.04167075
185.0,26.87500215,48.12500385
70.0,-105.20834175,65.62500525
-9999.0,131.45834385,-2.70833355000001
214.0,1.04166674999999,41.87500335
43.0,-121.87500975,69.37500555
152.0,-88.54167375,49.79167065
231.0,-91.87500735,41.04166995
161.0,31.87500255,56.04167115
180.0,28.95833565,51.45833745
86.0,-161.04167955,65.62500525
-9999.0,72.29167245,66.87500535
-9999.0,27.29166885,-33.54166935
101.0,-162.70834635,64.37500515
148.0,84.37500675,51.04167075
115.0,100.62500805,48.54167055
-9999.0,-63.54167175,67.70833875
159.0,140.20834455,51.87500415
149.0,99.37500795,57.29167125
115.0,-69.37500555,52.29167085
178.0,-94.37500755,50.20833735
238.0,121.45834305,-31.45833585
253.0,-101.45834145,34.79166945
-9999.0,-76.45833945,34.37500275
-9999.0,-88.95834045,57.29167125
-9999.0,-82.70833995,55.20833775
-9999.0,106.45834185,-5.62500045
143.0,104.37500835,59.37500475
80.0,156.04167915,50.62500405
128.0,22.70833515,66.87500535
284.0,108.12500865,24.79166865
144.0,88.12500705,62.29167165
145.0,107.70834195,48.54167055
184.0,100.20834135,28.12500225
176.0,15.62500125,53.95833765
-9999.0,112.29167565,-5.20833375000001
111.0,-127.70834355,60.20833815
92.0,174.79168065,64.37500515
44.0,-142.70834475,68.54167215
-9999.0,-54.37500435,50.20833735
103.0,-58.12500465,54.79167105
285.0,-97.29167445,26.04166875
97.0,9.79166744999998,61.04167155
125.0,149.79167865,65.62500525
254.0,116.87500935,39.37500315
110.0,93.54167415,29.37500235
201.0,1.45833345,41.45833665
167.0,23.95833525,53.12500425
146.0,108.12500865,48.95833725
170.0,1.87500014999998,46.45833705
268.0,-88.54167375,30.62500245
-9999.0,40.20833655,41.45833665
167.0,86.04167355,51.45833745
192.0,23.95833525,41.45833665
242.0,114.79167585,0.208333350000004
131.0,-2.29166685000001,55.20833775
39.0,95.62500765,68.54167215
163.0,31.87500255,55.62500445
164.0,9.79166744999998,50.20833735
149.0,46.87500375,61.04167155
208.0,-99.79167465,17.70833475
199.0,22.29166845,-33.95833605
160.0,123.95834325,53.12500425
44.0,-117.29167605,52.29167085
169.0,17.29166805,53.54167095
161.0,133.54167735,50.20833735
233.0,48.54167055,-18.95833485
-9999.0,144.37501155,-38.12500305
79.0,164.37501315,61.87500495
146.0,121.04167635,59.37500475
179.0,-71.87500575,-37.70833635
171.0,-78.54167295,42.29167005
185.0,29.79166905,49.79167065
102.0,101.04167475,51.04167075
176.0,38.54166975,55.20833775
117.0,42.70833675,65.20833855
276.0,120.62500965,27.70833555
205.0,85.62500685,43.95833685
55.0,96.87500775,69.37500555
74.0,95.20834095,72.29167245
111.0,-99.79167465,59.79167145
156.0,-62.70833835,45.20833695
94.0,-146.87501175,67.70833875
90.0,141.87501135,61.04167155
177.0,-113.12500905,43.12500345
168.0,-123.54167655,44.37500355
201.0,-96.45834105,46.87500375
166.0,-110.62500885,47.29167045
117.0,44.79167025,40.62500325
153.0,121.87500975,56.45833785
64.0,-74.79167265,59.79167145
236.0,46.04167035,41.87500335
164.0,147.70834515,-36.87500295
96.0,62.29167165,67.70833875
-9999.0,124.37500995,0.208333350000004
111.0,44.37500355,66.04167195
101.0,38.12500305,67.29167205
-9999.0,-153.54167895,71.04167235
115.0,-155.20834575,66.45833865
222.0,152.70834555,-31.45833585
-9999.0,-82.29167325,26.45833545
-9999.0,17.70833475,61.04167155
160.0,-95.20834095,52.29167085
116.0,133.12501065,67.70833875
70.0,-102.70834155,65.20833855
134.0,-83.95834005,53.12500425
231.0,103.12500825,22.29166845
-9999.0,2.29166684999998,39.79166985
146.0,30.20833575,62.29167165
172.0,-86.87500695,46.45833705
264.0,-100.20834135,32.29166925
-9999.0,133.54167735,-11.45833425
216.0,125.62501005,43.95833685
65.0,-139.37501115,64.79167185
129.0,121.87500975,50.20833735
99.0,55.62500445,68.12500545
166.0,35.62500285,56.45833785
176.0,-108.54167535,50.62500405
151.0,40.20833655,59.79167145
93.0,-123.54167655,56.87500455
-9999.0,-150.20834535,70.62500565
133.0,151.87501215,64.37500515
265.0,117.70834275,1.45833345
65.0,139.79167785,63.12500505
171.0,-65.62500525,46.04167035
152.0,-2.29166685000001,51.45833745
198.0,116.87500935,-34.37500275
151.0,-108.54167535,43.54167015
108.0,100.62500805,51.04167075
178.0,27.29166885,51.04167075
63.0,166.87501335,66.87500535
175.0,41.87500335,43.12500345
223.0,98.12500785,22.70833515
197.0,99.37500795,23.12500185
111.0,-125.20834335,59.79167145
111.0,-137.29167765,60.62500485
185.0,56.45833785,54.37500435
-9999.0,-61.04167155,66.45833865
96.0,7.29166724999999,61.45833825
116.0,135.20834415,55.20833775
177.0,48.95833725,56.04167115
281.0,119.79167625,28.95833565
-9999.0,-77.70833955,65.20833855
-9999.0,142.70834475,-38.54166975
245.0,133.54167735,33.95833605
219.0,111.45834225,31.45833585
191.0,40.62500325,52.29167085
-9999.0,108.95834205,15.20833455
170.0,-81.87500655,45.20833695
197.0,27.70833555,-29.37500235
179.0,-106.87500855,42.70833675
132.0,43.95833685,63.12500505
58.0,-102.70834155,66.45833865
62.0,53.95833765,71.45833905
146.0,-120.20834295,56.04167115
163.0,9.37500075,52.29167085
-9999.0,13.95833445,38.54166975
159.0,14.79166785,47.70833715
131.0,128.54167695,56.45833785
-9999.0,14.37500115,42.70833675
153.0,26.04166875,56.87500455
280.0,-98.54167455,33.54166935
201.0,-111.87500895,37.29166965
135.0,55.62500445,63.54167175
123.0,82.70833995,65.62500525
40.0,81.87500655,72.70833915
102.0,-108.12500865,63.12500505
-9999.0,21.45833505,-34.79166945
270.0,-90.62500725,33.54166935
304.0,134.37501075,-14.37500115
-9999.0,120.62500965,39.37500315
155.0,120.20834295,58.54167135
178.0,106.45834185,33.54166935
-9999.0,118.54167615,6.87500055
-9999.0,-28.54166895,38.12500305
151.0,88.12500705,61.45833825
97.0,31.04166915,69.37500555
-9999.0,21.04166835,80.20833975
240.0,118.54167615,36.04166955
-9999.0,24.37500195,36.87500295
263.0,111.87500895,33.12500265
126.0,88.95834045,48.95833725
137.0,58.12500465,60.20833815
-9999.0,159.79167945,-11.87500095
124.0,-78.12500625,52.29167085
158.0,54.79167105,59.79167145
158.0,81.87500655,58.12500465
103.0,-129.37501035,54.79167105
224.0,99.37500795,20.62500165
166.0,41.45833665,58.12500465
52.0,-73.95833925,66.04167195
-9999.0,48.54167055,67.70833875
117.0,-61.45833825,52.70833755
234.0,143.54167815,-34.79166945
124.0,139.79167785,50.20833735
68.0,-116.04167595,67.29167205
146.0,41.45833665,61.04167155
88.0,-114.37500915,66.04167195
169.0,84.37500675,54.79167105
-9999.0,23.54166855,64.37500515
105.0,171.87501375,64.37500515
188.0,49.37500395,54.79167105
-9999.0,9.79166744999998,58.12500465
-9999.0,154.79167905,50.62500405
61.0,173.54168055,69.79167225
108.0,103.54167495,34.79166945
85.0,89.37500715,31.87500255
108.0,-158.95834605,65.62500525
210.0,120.20834295,-33.12500265
98.0,61.45833825,65.62500525
149.0,34.37500275,60.20833815
102.0,-149.79167865,66.87500535
165.0,81.04167315,56.45833785
259.0,111.04167555,21.87500175
-9999.0,151.45834545,-9.37500075
92.0,44.79167025,67.70833875
217.0,126.04167675,45.62500365
135.0,-131.87501055,55.62500445
107.0,-118.54167615,53.95833765
233.0,114.37500915,1.45833345
117.0,-156.87501255,58.54167135
181.0,129.79167705,44.37500355
177.0,-93.54167415,49.79167065
204.0,78.12500625,44.37500355
137.0,115.62500925,59.79167145
-9999.0,-79.37500635,52.70833755
295.0,-101.04167475,28.95833565
143.0,-73.95833925,49.79167065
68.0,-104.79167505,65.62500525
121.0,-105.62500845,59.79167145
128.0,-156.45834585,63.12500505
-9999.0,14.79166785,56.04167115
32.0,-160.62501285,68.54167215
230.0,99.37500795,23.95833525
153.0,102.70834155,30.20833575
236.0,151.45834545,-28.95833565
135.0,69.37500555,63.12500505
91.0,-123.12500985,57.29167125
260.0,110.20834215,1.04166675
-9999.0,19.37500155,80.62500645
182.0,-94.79167425,47.29167045
252.0,-83.95834005,33.54166935
62.0,-71.87500575,59.79167145
-9999.0,121.87500975,24.79166865
95.0,-130.62501045,68.12500545
184.0,-91.45834065,45.62500365
200.0,26.04166875,43.54167015
-9999.0,33.12500265,45.20833695
97.0,171.45834705,63.95833845
-9999.0,148.54167855,-19.79166825
280.0,-99.79167465,33.54166935
-9999.0,109.37500875,-1.87500015000001
98.0,166.04167995,60.62500485
119.0,-128.54167695,60.62500485
-9999.0,133.54167735,42.29167005
272.0,122.29167645,-1.45833345
279.0,113.54167575,27.70833555
56.0,-111.87500895,67.29167205
140.0,34.37500275,62.29167165
159.0,63.12500505,59.79167145
161.0,28.54166895,58.54167135
79.0,-67.70833875,-54.37500435
242.0,117.70834275,-31.45833585
186.0,-118.12500945,48.12500385
189.0,39.79166985,52.29167085
51.0,-74.37500595,65.20833855
-9999.0,-80.62500645,31.45833585
119.0,90.62500725,47.29167045
171.0,16.04166795,53.95833765
102.0,162.70834635,60.20833815
92.0,-131.87501055,65.20833855
70.0,90.62500725,72.29167245
210.0,-81.04167315,38.12500305
166.0,60.20833815,56.04167115
244.0,96.87500775,3.95833365
115.0,-61.45833825,53.12500425
172.0,-82.70833995,46.04167035
261.0,104.37500835,28.54166895
144.0,-102.70834155,56.04167115
154.0,-70.62500565,45.20833695
169.0,142.29167805,44.79167025
141.0,15.62500125,61.87500495
38.0,-65.20833855,62.70833835
126.0,-133.12501065,67.29167205
194.0,-73.54167255,45.62500365
274.0,-108.95834205,30.20833575
-9999.0,-62.29167165,46.04167035
268.0,113.12500905,25.20833535
168.0,126.04167675,40.62500325
-9999.0,27.70833555,59.79167145
207.0,-2.29166685000001,38.12500305
-9999.0,-6.04166715000002,52.29167085
81.0,-63.12500505,56.45833785
-9999.0,15.20833455,38.54166975
248.0,151.04167875,-26.45833545
196.0,128.95834365,45.62500365
162.0,-0.208333350000004,52.70833755
74.0,138.54167775,70.62500565
87.0,-127.29167685,68.12500545
206.0,-97.29167445,46.04167035
192.0,16.45833465,48.12500385
183.0,30.20833575,49.37500395
57.0,-113.54167575,67.29167205
163.0,129.79167705,61.87500495
-9999.0,8.12500064999998,57.70833795
87.0,98.54167455,53.12500425
152.0,15.62500125,59.79167145
60.0,-156.45834585,69.37500555
128.0,58.54167135,63.95833845
176.0,-71.45833905,44.37500355
-9999.0,-168.54168015,63.12500505
137.0,-135.62501085,59.37500475
154.0,124.79167665,52.70833755
266.0,114.79167585,28.95833565
304.0,86.87500695,20.62500165
165.0,46.87500375,58.12500465
160.0,81.04167315,57.70833795
-9999.0,104.79167505,-6.87500055
-9999.0,-54.37500435,47.29167045
112.0,-133.95834405,64.37500515
122.0,-101.45834145,58.95833805
-9999.0,109.79167545,1.87500014999999
149.0,-113.95834245,53.95833765
119.0,138.54167775,47.70833715
169.0,11.04166755,52.29167085
182.0,147.70834515,-37.70833635
112.0,-139.37501115,66.45833865
143.0,114.37500915,58.12500465
41.0,-137.29167765,59.37500475
148.0,-121.04167635,48.95833725
159.0,131.04167715,61.04167155
112.0,-64.79167185,53.54167095
110.0,-118.95834285,51.45833745
66.0,-114.37500915,66.87500535
-9999.0,-0.208333350000004,54.37500435
59.0,-164.37501315,68.54167215
111.0,-59.79167145,51.87500415
151.0,121.45834305,61.04167155
160.0,25.62500205,56.45833785
57.0,-74.37500595,60.20833815
213.0,27.70833555,41.45833665
234.0,-91.04167395,39.79166985
113.0,-68.12500545,52.70833755
172.0,93.12500745,49.79167065
180.0,49.79167065,56.04167115
213.0,73.12500585,35.20833615
162.0,120.62500965,46.45833705
245.0,-89.79167385,38.54166975
68.0,172.70834715,66.87500535
85.0,140.62501125,63.54167175
38.0,83.95834005,73.12500585
212.0,97.70834115,3.95833365
88.0,-129.37501035,68.54167215
98.0,60.62500485,67.29167205
89.0,160.62501285,64.37500515
166.0,-109.37500875,33.54166935
266.0,116.87500935,36.45833625
190.0,101.45834145,26.04166875
145.0,59.37500475,59.37500475
253.0,142.70834475,-32.70833595
156.0,29.37500235,61.04167155
169.0,146.87501175,-41.04166995
70.0,-76.87500615,58.95833805
-9999.0,146.45834505,43.95833685
99.0,131.04167715,65.62500525
198.0,103.54167495,25.20833535
140.0,-84.79167345,52.29167085
94.0,7.70833395,61.04167155
182.0,-84.37500675,44.37500355
29.0,-121.04167635,72.70833915
-9999.0,18.54166815,80.20833975
84.0,-62.29167165,55.20833775
182.0,113.12500905,40.62500325
227.0,138.95834445,34.79166945
262.0,-84.79167345,32.29166925
-9999.0,43.54167015,-23.12500185
215.0,55.20833775,50.62500405
105.0,91.45834065,28.95833565
171.0,-3.54166695000001,42.70833675
192.0,-75.62500605,44.79167025
115.0,59.79167145,66.04167195
284.0,-96.87500775,28.95833565
301.0,88.54167375,22.70833515
218.0,12.29166765,45.62500365
241.0,113.95834245,26.04166875
156.0,98.95834125,57.29167125
110.0,-105.62500845,61.45833825
102.0,141.04167795,59.37500475
64.0,163.54167975,66.04167195
154.0,-91.87500735,16.45833465
181.0,-117.29167605,41.45833665
-5.0,-45.20833695,61.87500495
232.0,149.37501195,-31.45833585
174.0,27.70833555,53.12500425
189.0,143.95834485,-5.62500045
141.0,106.45834185,59.79167145
263.0,84.37500675,28.12500225
166.0,132.70834395,59.37500475
211.0,-92.29167405,42.70833675
159.0,91.87500735,54.79167105
84.0,78.54167295,68.54167215
79.0,-114.37500915,43.95833685
207.0,127.29167685,46.04167035
182.0,-117.70834275,47.29167045
156.0,23.95833525,60.20833815
-9999.0,-70.20833895,-53.54167095
203.0,9.37500075,39.79166985
130.0,-68.54167215,49.79167065
273.0,-94.79167425,31.04166915
180.0,18.12500145,48.95833725
138.0,88.95834045,63.54167175
98.0,-136.87501095,64.37500515
-9999.0,21.04166835,57.29167125
178.0,42.70833675,56.04167115
222.0,103.95834165,23.54166855
65.0,-64.37500515,57.70833795
-9999.0,59.79167145,68.95833885
230.0,153.12501225,-28.54166895
172.0,87.29167365,56.45833785
80.0,-127.29167685,56.45833785
-24.0,-24.79166865,73.95833925
135.0,-133.95834405,66.04167195
106.0,161.87501295,57.29167125
-9999.0,10.62500085,78.54167295
252.0,-78.12500625,35.20833615
234.0,-122.70834315,40.20833655
238.0,139.79167785,-3.95833365
138.0,29.79166905,64.37500515
265.0,-102.70834155,26.45833545
210.0,-74.37500595,41.45833665
-9999.0,-8.54166735000001,43.95833685
165.0,122.70834315,48.95833725
-9999.0,3.12500025,36.87500295
195.0,31.45833585,50.20833735
180.0,33.95833605,52.29167085
85.0,-103.54167495,63.54167175
-9999.0,-33.12500265,66.87500535
274.0,111.45834225,30.62500245
34.0,-64.79167185,63.12500505
-9999.0,13.54166775,40.62500325
126.0,-4.37500035000002,56.87500455
92.0,177.29168085,64.79167185
149.0,118.95834285,61.04167155
96.0,152.29167885,61.87500495
174.0,44.37500355,56.87500455
149.0,54.79167105,61.87500495
238.0,-6.04166715000002,35.20833615
-9999.0,143.12501145,-11.04166755
176.0,-99.37500795,19.79166825
-9999.0,-53.12500425,46.45833705
232.0,123.54167655,42.70833675
193.0,-81.04167315,37.70833635
118.0,-125.20834335,61.45833825
270.0,126.87501015,-8.54166735
215.0,-120.20834295,47.70833715
71.0,-129.37501035,56.87500455
267.0,-99.79167465,29.79166905
70.0,105.62500845,73.12500585
183.0,0.208333349999975,46.45833705
198.0,-93.95834085,45.62500365
131.0,-88.12500705,54.79167105
104.0,152.29167885,59.79167145
-9999.0,19.79166825,70.62500565
91.0,-112.29167565,64.37500515
165.0,-6.45833385,42.29167005
242.0,139.37501115,37.70833635
161.0,6.04166714999999,50.62500405
266.0,146.45834505,-6.45833385
142.0,-3.12500025,54.79167105
165.0,88.54167375,58.12500465
182.0,34.37500275,41.45833665
209.0,123.12500985,47.29167045
143.0,96.04167435,58.95833805
163.0,133.54167735,61.04167155
130.0,98.12500785,61.04167155
86.0,-126.04167675,62.29167165
71.0,-159.37501275,68.12500545
-9999.0,139.37501115,40.20833655
192.0,-118.95834285,38.95833645
103.0,-124.79167665,63.12500505
91.0,-105.20834175,63.54167175
244.0,103.54167495,28.95833565
-9999.0,-73.54167255,-45.62500365
241.0,-92.29167405,36.87500295
174.0,13.95833445,53.54167095
245.0,-94.37500755,38.54166975
126.0,131.45834385,54.79167105
143.0,-105.20834175,56.45833785
176.0,126.87501015,52.29167085
86.0,-64.37500515,56.45833785
192.0,128.54167695,40.20833655
209.0,143.54167815,-36.45833625
74.0,-131.04167715,64.79167185
83.0,177.70834755,62.70833835
182.0,-89.37500715,45.20833695
169.0,126.87501015,49.37500395
192.0,-75.20833935,45.20833695
107.0,-68.12500545,53.95833765
-9999.0,146.04167835,-40.62500325
-9999.0,101.04167475,3.54166694999999
119.0,-132.29167725,53.54167095
86.0,16.87500135,66.87500535
118.0,-136.87501095,66.04167195
155.0,101.45834145,53.54167095
131.0,120.62500965,54.37500435
-9999.0,119.79167625,23.54166855
89.0,129.37501035,71.04167235
124.0,13.95833445,62.70833835
-9999.0,-59.79167145,46.45833705
164.0,22.70833515,54.79167105
-9999.0,120.20834295,22.29166845
-9999.0,-89.79167385,30.20833575
172.0,50.62500405,57.70833795
77.0,-128.95834365,56.45833785
104.0,73.54167255,65.62500525
-9999.0,119.37500955,4.79166705
191.0,-104.37500835,20.20833495
-9999.0,141.04167795,46.45833705
199.0,28.95833565,-26.87500215
153.0,-73.95833925,44.37500355
108.0,23.54166855,68.54167215
284.0,115.20834255,28.12500225
122.0,-84.37500675,54.37500435
96.0,-71.04167235,-37.29166965
82.0,60.20833815,65.20833855
163.0,103.54167495,37.29166965
186.0,98.95834125,2.29166685
148.0,116.87500935,61.87500495
92.0,73.12500585,66.45833865
118.0,-157.70834595,61.45833825
201.0,21.45833505,47.29167045
115.0,73.12500585,64.79167185
70.0,-116.45834265,67.29167205
157.0,7.70833395,53.54167095
112.0,30.20833575,66.45833865
139.0,12.29166765,47.70833715
155.0,-66.87500535,47.70833715
97.0,73.95833925,66.04167195
158.0,33.54166935,56.45833785
158.0,31.45833585,56.45833785
180.0,8.95833404999999,46.04167035
-9999.0,35.62500285,35.62500285
267.0,-83.54167335,30.62500245
176.0,138.12501105,35.62500285
117.0,-156.87501255,59.37500475
232.0,-107.70834195,30.62500245
192.0,99.79167465,26.04166875
100.0,-98.54167455,60.20833815
-9999.0,125.20834335,37.29166965
293.0,141.87501135,-15.62500125
61.0,-47.29167045,61.04167155
154.0,-72.29167245,47.70833715
154.0,-90.20834055,51.45833745
131.0,98.54167455,61.87500495
168.0,-71.87500575,-35.20833615
78.0,151.87501215,59.37500475
178.0,3.12500025,46.87500375
-9999.0,141.45834465,53.54167095
177.0,27.29166885,49.79167065
95.0,-104.79167505,63.54167175
161.0,-116.87500935,47.29167045
164.0,116.87500935,52.70833755
174.0,22.70833515,49.79167065
274.0,105.20834175,22.70833515
173.0,-108.54167535,41.87500335
183.0,143.12501145,-38.12500305
165.0,1.04166674999999,49.79167065
183.0,8.12500064999998,48.95833725
111.0,-74.79167265,53.95833765
261.0,106.04167515,25.20833535
60.0,-95.20834095,65.20833855
78.0,65.62500525,67.29167205
119.0,-161.04167955,61.04167155
236.0,28.95833565,-24.79166865
93.0,171.87501375,63.95833845
176.0,26.45833545,50.62500405
197.0,27.29166885,39.37500315
138.0,108.54167535,48.95833725
-9999.0,11.04166755,55.62500445
276.0,-81.04167315,25.62500205
128.0,101.04167475,48.54167055
-9999.0,-26.04166875,68.54167215
-9999.0,-152.29167885,59.37500475
126.0,-83.95834005,53.95833765
-9999.0,10.62500085,65.20833855
150.0,-89.79167385,51.45833745
91.0,-67.70833875,57.70833795
160.0,27.70833555,57.29167125
88.0,-137.29167765,64.37500515
-9999.0,-110.62500885,68.12500545
185.0,29.79166905,48.54167055
-9999.0,117.70834275,9.79166744999999
88.0,142.29167805,62.29167165
74.0,-151.45834545,62.70833835
174.0,113.54167575,41.87500335
144.0,58.95833805,58.54167135
262.0,-99.37500795,30.20833575
250.0,36.87500295,-15.62500125
92.0,87.29167365,69.79167225
235.0,-96.45834105,40.62500325
147.0,101.45834145,55.20833775
153.0,-91.45834065,15.62500125
266.0,-95.20834095,35.20833615
204.0,19.37500155,46.87500375
-9999.0,9.79166744999998,41.04166995
209.0,31.87500255,47.70833715
169.0,94.79167425,51.45833745
-9999.0,27.29166885,36.45833625
161.0,8.95833404999999,51.45833745
89.0,-71.45833905,56.87500455
152.0,42.29167005,59.79167145
163.0,3.95833364999999,47.29167045
159.0,22.70833515,58.54167135
189.0,118.95834285,43.95833685
225.0,139.79167785,37.70833635
78.0,-148.95834525,68.54167215
227.0,-103.54167495,36.04166955
137.0,119.79167625,55.20833775
175.0,37.70833635,53.95833765
36.0,-139.79167785,61.04167155
87.0,166.87501335,64.37500515
135.0,25.62500205,65.62500525
120.0,91.04167395,28.12500225
191.0,-108.54167535,44.37500355
-9999.0,45.20833695,67.29167205
96.0,-118.12500945,51.45833745
243.0,-76.87500615,37.29166965
