BIOCLIM_17,x,y
81.0,31.45833585,68.95833885
239.0,-3.12500025,56.87500455
182.0,-96.45834105,31.45833585
37.0,172.70834715,66.45833865
63.0,88.12500705,54.79167105
62.0,139.37501115,51.87500415
64.0,-93.95834085,43.12500345
67.0,76.04167275,67.70833875
83.0,-91.04167395,47.29167045
93.0,36.04166955,59.37500475
56.0,26.45833545,68.95833885
34.0,-116.87500935,43.54167015
85.0,142.29167805,51.45833745
119.0,26.87500215,-33.54166935
7.0,104.37500835,16.87500135
21.0,101.87500815,26.45833545
70.0,74.79167265,66.04167195
43.0,27.70833555,39.37500315
94.0,98.12500785,26.04166875
129.0,11.04166755,50.20833735
742.0,114.37500915,1.45833345
46.0,95.62500765,53.95833765
19.0,105.62500845,32.29166925
169.0,1.45833345,42.29167005
308.0,-132.70834395,56.87500455
84.0,16.45833465,51.87500415
94.0,23.95833525,60.62500485
80.0,44.37500355,62.29167165
59.0,36.45833625,66.45833865
10.0,101.45834145,34.79166945
32.0,104.37500835,54.79167105
133.0,-80.62500645,25.62500205
101.0,57.29167125,58.54167135
93.0,41.04166995,58.12500465
83.0,54.79167105,66.04167195
50.0,101.45834145,23.54166855
108.0,21.87500175,56.87500455
42.0,103.12500825,24.37500195
302.0,-130.62501045,55.62500445
24.0,122.70834315,41.04166995
67.0,-97.70834115,19.79166825
-9999.0,124.79167665,38.54166975
-9999.0,128.54167695,38.54166975
88.0,41.04166995,63.95833845
83.0,56.87500455,56.87500455
233.0,-84.37500675,31.04166915
272.0,-93.12500745,32.70833595
106.0,58.95833805,59.37500475
188.0,-61.04167155,53.95833765
100.0,160.62501285,56.45833785
39.0,105.62500845,11.87500095
64.0,-123.54167655,58.12500465
34.0,99.37500795,22.70833515
90.0,41.87500335,44.79167025
43.0,99.37500795,23.54166855
46.0,159.79167945,63.54167175
47.0,103.95834165,23.54166855
325.0,-91.04167395,31.04166915
133.0,71.87500575,35.20833615
90.0,-50.62500405,65.20833855
102.0,10.62500085,60.62500485
138.0,11.04166755,59.37500475
83.0,39.79166985,59.37500475
109.0,28.54166895,61.04167155
18.0,103.12500825,33.12500265
-9999.0,-3.12500025,50.62500405
126.0,108.54167535,24.37500195
49.0,28.54166895,-31.45833585
324.0,-137.29167765,58.54167135
-9999.0,118.95834285,23.12500185
-9999.0,157.70834595,51.45833745
48.0,102.29167485,19.79166825
58.0,118.12500945,-34.37500275
95.0,26.04166875,49.37500395
26.0,-161.45834625,68.54167215
98.0,110.62500885,21.87500175
73.0,127.70834355,38.12500305
110.0,14.79166785,58.95833805
-9999.0,97.70834115,10.20833415
-9999.0,-150.20834535,59.37500475
90.0,-130.20834375,61.04167155
10.0,102.29167485,35.62500285
95.0,22.29166845,53.95833765
7.0,114.79167585,42.29167005
670.0,100.20834135,-0.625000049999997
65.0,-163.54167975,61.45833825
-9999.0,142.70834475,46.45833705
95.0,23.12500185,60.62500485
36.0,151.04167875,61.45833825
121.0,-73.95833925,52.29167085
15.0,124.37500995,51.04167075
165.0,114.37500915,-8.54166735
9.0,115.20834255,51.87500415
-9999.0,147.70834515,45.20833695
78.0,143.12501145,-36.45833625
111.0,-90.62500725,41.45833665
94.0,48.95833725,61.45833825
-9999.0,-156.87501255,56.87500455
-9999.0,-129.37501035,53.12500425
12.0,125.20834335,44.37500355
227.0,-79.37500635,41.87500335
70.0,-117.29167605,53.54167095
149.0,148.95834525,-33.95833605
43.0,146.04167835,59.37500475
110.0,-96.04167435,36.87500295
-9999.0,-75.62500605,37.29166965
135.0,18.12500145,49.37500395
88.0,44.37500355,58.12500465
-9999.0,-55.62500445,53.12500425
31.0,148.95834525,61.87500495
-9999.0,18.12500145,55.20833775
19.0,130.20834375,44.37500355
170.0,-71.04167235,49.37500395
31.0,-109.79167545,40.20833655
49.0,-123.54167655,41.87500335
136.0,18.54166815,49.37500395
119.0,116.87500935,31.04166915
56.0,61.04167155,56.45833785
-9999.0,19.37500155,54.79167105
85.0,35.20833615,56.87500455
123.0,-122.29167645,48.12500385
104.0,27.29166885,61.04167155
19.0,98.54167455,14.79166785
-9999.0,12.29166765,66.04167195
-9999.0,127.29167685,33.95833605
-9999.0,7.29166724999999,43.54167015
186.0,-96.45834105,31.04166915
31.0,141.45834465,59.79167145
133.0,-68.95833885,-54.37500435
-9999.0,-8.95833405000002,41.45833665
-9999.0,-6.45833385,51.87500415
67.0,176.04168075,62.29167165
24.0,131.04167715,52.29167085
57.0,166.45834665,63.12500505
126.0,-71.04167235,52.70833755
143.0,-0.208333350000004,51.04167075
87.0,23.12500185,68.95833885
102.0,6.87500054999998,43.54167015
31.0,-104.79167505,36.04166955
13.0,114.79167585,38.54166975
108.0,-78.95833965,50.62500405
62.0,-113.95834245,54.37500435
66.0,68.54167215,65.20833855
171.0,114.37500915,28.95833565
4.0,100.20834135,37.29166965
76.0,-126.04167675,60.20833815
-9999.0,-128.95834365,52.29167085
81.0,-126.45834345,61.04167155
165.0,-74.79167265,48.54167055
97.0,107.29167525,23.95833525
216.0,-18.54166815,65.20833855
69.0,-118.54167615,55.20833775
82.0,-121.45834305,51.87500415
260.0,-63.54167175,45.62500365
-9999.0,-134.37501075,56.45833785
311.0,-91.87500735,31.04166915
47.0,-133.12501065,62.29167165
-9999.0,-131.04167715,53.12500425
40.0,171.04168035,66.87500535
9.0,109.79167545,38.12500305
106.0,27.29166885,61.87500495
-9999.0,-81.04167315,31.04166915
98.0,56.04167115,63.12500505
185.0,-6.87500055000001,54.37500435
6.0,98.95834125,29.79166905
59.0,173.12501385,64.37500515
236.0,-45.20833695,60.20833815
-9999.0,138.54167775,38.12500305
70.0,-116.04167595,54.37500435
-9999.0,-44.79167025,59.79167145
-9999.0,-81.87500655,55.20833775
88.0,142.29167805,51.87500415
200.0,-76.87500615,43.54167015
114.0,-113.12500905,48.54167055
66.0,92.70834075,51.87500415
42.0,133.54167735,54.79167105
176.0,12.29166765,43.54167015
123.0,-66.04167195,55.20833775
113.0,108.12500865,25.20833535
38.0,-109.79167545,29.79166905
41.0,-113.12500905,35.20833615
133.0,-153.54167895,59.79167145
98.0,38.12500305,56.45833785
93.0,29.79166905,64.37500515
26.0,151.04167875,66.87500535
136.0,118.54167615,25.62500205
-9999.0,118.12500945,23.95833525
126.0,0.208333349999975,51.45833745
327.0,-18.95833485,63.95833845
125.0,110.62500885,19.37500155
24.0,95.20834095,21.87500175
14.0,-143.95834485,69.79167225
-9999.0,-54.79167105,49.37500395
207.0,-74.79167265,44.37500355
56.0,-123.95834325,43.12500345
134.0,-77.70833955,42.70833675
29.0,102.29167485,25.62500205
96.0,41.45833665,61.45833825
102.0,-0.208333350000004,40.62500325
43.0,-96.45834105,48.54167055
116.0,151.87501215,-27.29166885
15.0,111.04167555,36.45833625
91.0,23.54166855,66.04167195
74.0,45.62500365,39.79166985
22.0,-147.70834515,68.95833885
215.0,-60.62500485,53.12500425
41.0,-119.37500955,41.45833665
258.0,-87.70834035,34.79166945
66.0,-116.04167595,53.54167095
73.0,42.70833675,43.54167015
144.0,-81.87500655,48.54167055
54.0,-156.45834585,65.20833855
66.0,-88.95834045,54.37500435
-9999.0,104.37500835,0.208333350000004
98.0,50.20833735,53.95833765
91.0,38.12500305,61.45833825
-9999.0,138.95834445,38.95833645
260.0,-71.45833905,42.70833675
64.0,163.95834645,60.62500485
16.0,-160.62501285,70.20833895
29.0,-96.87500775,17.70833475
98.0,13.95833445,58.95833805
94.0,25.20833535,46.45833705
109.0,35.62500285,51.87500415
17.0,128.12501025,47.70833715
290.0,-92.29167405,31.45833585
47.0,-133.95834405,62.70833835
230.0,-66.45833865,46.45833705
-9999.0,7.70833395,37.29166965
-9999.0,-163.12501305,69.79167225
-9999.0,-123.12500985,38.12500305
24.0,-156.45834585,69.37500555
88.0,39.79166985,53.54167095
19.0,130.20834375,45.20833695
73.0,53.54167095,67.70833875
145.0,-85.62500685,43.95833685
106.0,16.04166795,53.54167095
103.0,-153.12501225,60.62500485
101.0,8.95833404999999,60.62500485
31.0,121.87500975,38.95833645
239.0,-78.95833965,40.20833655
123.0,23.95833525,48.95833725
195.0,11.87500095,45.62500365
83.0,59.37500475,55.20833775
91.0,58.95833805,65.20833855
-9999.0,51.04167075,68.95833885
90.0,49.37500395,56.87500455
84.0,59.37500475,56.45833785
130.0,-82.70833995,43.12500345
-9999.0,-53.54167095,49.79167065
47.0,-161.45834625,61.45833825
81.0,30.62500245,66.45833865
47.0,100.20834135,23.54166855
86.0,48.54167055,56.04167115
105.0,56.87500455,60.20833815
166.0,-81.04167315,46.87500375
19.0,-141.87501135,68.12500545
-9999.0,-149.37501195,59.37500475
198.0,-61.45833825,52.29167085
210.0,-89.37500715,38.12500305
176.0,111.45834225,27.70833555
35.0,156.04167915,63.12500505
89.0,45.62500365,52.70833755
429.0,118.12500945,4.37500034999999
-9999.0,-88.95834045,29.37500235
146.0,8.95833404999999,56.04167115
170.0,8.54166734999998,51.87500415
295.0,-84.79167345,34.79166945
-9999.0,-77.70833955,55.62500445
7.0,-90.20834055,14.79166785
-9999.0,136.45834425,33.95833605
234.0,-54.79167105,48.95833725
264.0,14.37500115,45.62500365
45.0,128.12501025,41.04166995
66.0,46.45833705,41.87500335
142.0,38.95833645,45.20833695
35.0,29.37500235,-29.37500235
4.0,120.20834295,43.54167015
-9999.0,-80.20833975,53.12500425
210.0,-74.79167265,46.04167035
76.0,-92.29167405,46.04167035
16.0,33.12500265,34.79166945
32.0,-148.95834525,67.70833875
198.0,111.45834225,26.45833545
-9999.0,121.04167635,40.62500325
35.0,173.54168055,66.45833865
41.0,-118.95834285,42.29167005
74.0,40.62500325,67.70833875
453.0,102.70834155,4.79166705
18.0,127.70834355,51.87500415
288.0,-87.29167365,31.45833585
47.0,100.20834135,25.20833535
84.0,28.95833565,67.29167205
50.0,151.87501215,59.37500475
64.0,45.62500365,40.62500325
93.0,-173.54168055,64.37500515
429.0,-83.12500665,35.20833615
146.0,148.54167855,-33.54166935
60.0,104.79167505,28.12500225
-9999.0,-79.79167305,62.70833835
117.0,6.04166714999999,43.54167015
273.0,-83.95834005,36.45833625
110.0,23.12500185,46.04167035
241.0,-93.95834085,32.70833595
101.0,109.37500875,21.87500175
75.0,-108.54167535,38.12500305
-9999.0,-8.54166735000001,36.87500295
14.0,120.62500965,46.87500375
54.0,-107.70834195,26.04166875
14.0,123.95834325,50.62500405
66.0,66.45833865,65.62500525
11.0,111.87500895,52.29167085
110.0,-118.54167615,49.79167065
87.0,108.54167535,27.70833555
161.0,-81.87500655,27.70833555
-9999.0,-73.54167255,-38.54166975
93.0,49.79167065,57.70833795
95.0,161.45834625,57.70833795
36.0,28.54166895,37.29166965
148.0,-124.79167665,50.62500405
-9999.0,13.12500105,41.04166995
58.0,-125.20834335,57.70833795
121.0,16.87500135,46.45833705
169.0,-81.87500655,46.04167035
18.0,128.95834365,44.37500355
96.0,27.29166885,55.62500445
259.0,-54.79167105,48.54167055
41.0,-153.12501225,67.70833875
321.0,-90.20834055,30.62500245
-9999.0,153.12501225,-24.79166865
154.0,-0.625000050000011,48.12500385
-9999.0,3.12500025,51.87500415
97.0,32.29166925,60.20833815
-9999.0,106.04167515,3.54166694999999
55.0,-112.29167565,58.12500465
71.0,172.29168045,62.29167165
518.0,109.79167545,1.04166675
112.0,17.29166805,48.54167055
92.0,28.12500225,53.12500425
36.0,126.04167675,41.87500335
205.0,-72.29167245,47.70833715
82.0,24.37500195,41.04166995
57.0,133.12501065,43.12500345
-9999.0,-3.12500025,57.70833795
161.0,158.95834605,53.95833765
275.0,-85.20834015,30.62500245
116.0,16.87500135,62.70833835
-9999.0,-69.37500555,43.54167015
10.0,96.87500775,34.79166945
93.0,48.95833725,64.79167185
92.0,12.70833435,53.95833765
28.0,97.29167445,53.54167095
-9999.0,121.45834305,37.70833635
146.0,11.45833425,48.54167055
133.0,118.95834285,31.45833585
10.0,121.45834305,41.87500335
100.0,23.95833525,58.54167135
170.0,150.20834535,-33.54166935
106.0,18.12500145,48.95833725
-9999.0,-97.29167445,22.70833515
116.0,0.625000049999983,52.29167085
61.0,165.62501325,62.29167165
29.0,-98.12500785,16.87500135
74.0,11.45833425,61.45833825
120.0,-92.29167405,39.79166985
180.0,117.29167605,28.12500225
65.0,126.87501015,39.37500315
174.0,-118.12500945,50.62500405
27.0,-135.62501085,61.87500495
166.0,116.04167595,29.37500235
130.0,115.20834255,30.62500245
133.0,21.45833505,43.95833685
72.0,-116.45834265,45.62500365
184.0,118.12500945,29.37500235
79.0,-120.20834295,51.45833745
18.0,-5.20833375000001,36.45833625
-9999.0,11.45833425,64.79167185
170.0,16.87500135,69.37500555
84.0,-131.04167715,59.37500475
151.0,-72.29167245,50.62500405
14.0,118.54167615,53.12500425
67.0,-97.70834115,50.62500405
180.0,-68.54167215,46.87500375
192.0,0.625000049999983,44.79167025
102.0,13.95833445,59.37500475
97.0,13.12500105,53.95833765
97.0,35.20833615,53.12500425
168.0,-86.04167355,41.87500335
-9999.0,-80.62500645,53.12500425
-9999.0,39.37500315,43.54167015
14.0,101.04167475,33.95833605
249.0,41.87500335,42.70833675
188.0,118.54167615,28.95833565
90.0,14.37500115,62.70833835
199.0,-94.37500755,36.04166955
45.0,177.29168085,65.62500525
14.0,98.54167455,51.87500415
55.0,98.95834125,26.04166875
187.0,5.20833374999998,46.04167035
32.0,-9.37500075,38.95833645
100.0,11.87500095,62.70833835
96.0,31.87500255,61.04167155
-9999.0,147.70834515,-38.12500305
52.0,-95.62500765,43.12500345
89.0,45.20833695,53.54167095
62.0,48.54167055,68.95833885
-9999.0,120.20834295,21.87500175
62.0,99.37500795,12.29166765
145.0,12.70833435,46.45833705
-9999.0,98.12500785,12.29166765
68.0,84.79167345,56.87500455
108.0,21.87500175,46.45833705
86.0,50.62500405,61.04167155
84.0,52.70833755,66.04167195
77.0,-153.95834565,60.62500485
83.0,31.45833585,58.54167135
138.0,23.54166855,48.12500385
131.0,-116.04167595,50.20833735
105.0,-73.12500585,-37.70833635
116.0,-93.54167415,39.37500315
25.0,102.29167485,53.12500425
108.0,31.04166915,-29.79166905
5.0,120.62500965,44.79167025
58.0,-93.54167415,46.87500375
122.0,-119.37500955,51.04167075
-9999.0,-2.29166685000001,56.45833785
-9999.0,72.29167245,66.45833865
-9999.0,22.70833515,38.12500305
-9999.0,163.95834645,58.54167135
83.0,22.29166845,53.12500425
315.0,139.37501115,37.70833635
86.0,46.45833705,58.12500465
80.0,141.04167795,-37.29166965
264.0,18.95833485,43.12500345
32.0,98.95834125,23.12500185
181.0,121.04167635,28.54166895
40.0,125.20834335,40.62500325
15.0,123.95834325,52.29167085
16.0,-5.62500045000002,36.45833625
102.0,23.12500185,56.04167115
59.0,-96.04167435,41.45833665
24.0,-103.95834165,20.62500165
78.0,-118.54167615,44.79167025
276.0,-75.20833935,43.54167015
58.0,120.62500965,-31.87500255
100.0,21.87500175,53.95833765
38.0,149.79167865,60.62500485
11.0,115.62500925,40.20833655
84.0,-82.29167325,51.87500415
116.0,24.79166865,58.95833805
-9999.0,136.87501095,55.20833775
6.0,-96.45834105,16.45833465
37.0,97.29167445,23.95833525
24.0,116.04167595,57.29167125
33.0,-158.12501265,68.12500545
45.0,-141.04167795,62.29167165
-9999.0,43.12500345,68.54167215
34.0,173.54168055,68.12500545
-9999.0,-55.62500445,50.62500405
261.0,-48.95833725,63.12500505
99.0,36.45833625,55.62500445
19.0,130.20834375,48.54167055
70.0,35.62500285,63.95833845
-9999.0,119.37500955,-34.79166945
193.0,-81.87500655,39.79166985
-9999.0,-56.45833785,51.45833745
93.0,43.95833685,59.37500475
13.0,117.29167605,52.29167085
104.0,106.45834185,16.87500135
66.0,-123.12500985,58.12500465
15.0,-158.54167935,70.62500565
76.0,31.45833585,68.54167215
41.0,-108.95834205,28.12500225
-9999.0,-21.45833505,64.37500515
134.0,-83.12500665,48.54167055
84.0,24.37500195,46.45833705
-9999.0,21.87500175,59.37500475
57.0,100.62500805,21.04166835
47.0,-96.04167435,44.37500355
84.0,-121.04167635,46.87500375
-9999.0,-59.79167145,46.87500375
129.0,0.208333349999975,51.87500415
57.0,-151.87501215,63.12500505
206.0,-83.54167335,32.70833595
210.0,-80.20833975,45.62500365
204.0,-71.87500575,46.04167035
90.0,36.04166955,58.95833805
8.0,121.04167635,41.45833665
143.0,34.37500275,41.87500335
165.0,6.04166714999999,51.04167075
291.0,-91.87500735,31.45833585
-9999.0,157.70834595,58.12500465
149.0,152.29167885,-31.87500255
218.0,-125.62501005,50.20833735
-9999.0,34.79166945,65.62500525
34.0,-110.62500885,31.04166915
139.0,-83.12500665,48.95833725
14.0,-145.20834495,69.79167225
9.0,118.54167615,41.04166995
-9999.0,-6.87500055000001,57.29167125
-9999.0,-78.12500625,33.54166935
6.0,-121.45834305,38.12500305
39.0,174.79168065,66.45833865
124.0,157.70834595,54.79167105
16.0,121.87500975,50.20833735
-9999.0,105.62500845,-6.87500055
74.0,137.29167765,46.04167035
38.0,106.04167515,31.45833585
42.0,-134.37501075,59.79167145
146.0,18.12500145,45.20833695
-9999.0,106.45834185,18.12500145
118.0,-110.62500885,46.87500375
155.0,11.04166755,43.95833685
205.0,-60.62500485,53.95833765
123.0,-66.87500535,55.20833775
100.0,13.54166775,50.20833735
231.0,-95.20834095,33.12500265
26.0,105.20834175,11.87500095
88.0,110.62500885,30.62500245
24.0,130.62501045,53.12500425
74.0,-128.95834365,57.70833795
104.0,28.54166895,55.62500445
70.0,-95.20834095,51.04167075
182.0,-82.70833995,29.79166905
222.0,-76.45833945,40.20833655
8.0,101.87500815,48.54167055
159.0,-0.208333350000004,48.12500385
39.0,144.79167825,59.79167145
30.0,-101.45834145,28.54166895
199.0,-76.45833945,43.12500345
81.0,-156.45834585,59.37500475
-9999.0,-149.79167865,59.37500475
352.0,-44.79167025,61.45833825
56.0,100.62500805,21.87500175
72.0,103.12500825,11.87500095
12.0,96.04167435,31.04166915
57.0,-158.12501265,63.12500505
-9999.0,97.70834115,8.12500065
-9999.0,149.79167865,46.04167035
75.0,168.12501345,61.04167155
-9999.0,20.62500165,60.62500485
117.0,30.62500245,49.79167065
243.0,19.79166825,43.12500345
32.0,121.04167635,36.87500295
18.0,106.87500855,34.37500275
23.0,127.29167685,43.54167015
103.0,13.54166775,59.37500475
-9999.0,-55.20833775,51.87500415
217.0,-95.62500765,29.79166905
-9999.0,119.79167625,39.79166985
-9999.0,-6.04166715000002,53.54167095
166.0,98.54167455,8.54166735
106.0,28.54166895,48.95833725
151.0,-31.45833585,68.12500545
-9999.0,109.79167545,-8.12500065
194.0,10.20833415,63.95833845
-9999.0,98.12500785,8.12500065
167.0,-82.70833995,42.29167005
-9999.0,120.20834295,26.87500215
114.0,108.54167535,22.29166845
-9999.0,141.45834465,48.95833725
-9999.0,-59.79167145,55.62500445
96.0,50.20833735,64.37500515
-9999.0,117.29167605,8.12500065
204.0,-71.87500575,44.79167025
40.0,154.79167905,62.29167165
9.0,111.04167555,48.95833725
64.0,-105.62500845,32.70833595
19.0,128.12501025,53.12500425
50.0,-153.54167895,66.87500535
24.0,131.45834385,50.62500405
-9999.0,-87.29167365,30.20833575
79.0,18.95833485,52.29167085
83.0,-126.87501015,61.04167155
149.0,21.87500175,43.95833685
86.0,14.37500115,50.62500405
23.0,-71.87500575,66.45833865
198.0,-62.29167165,51.87500415
75.0,48.54167055,66.45833865
237.0,-48.95833725,63.54167175
288.0,-93.54167415,30.20833575
184.0,-4.37500035000002,54.79167105
32.0,32.70833595,36.45833625
78.0,-114.79167585,51.45833745
178.0,-75.62500605,44.79167025
97.0,54.37500435,61.87500495
89.0,43.95833685,41.04166995
105.0,138.95834445,36.04166955
23.0,-143.95834485,64.37500515
-9999.0,-162.29167965,66.04167195
201.0,-67.70833875,48.54167055
93.0,48.54167055,60.62500485
64.0,28.12500225,69.37500555
14.0,122.70834315,53.95833765
109.0,21.87500175,47.70833715
-9999.0,174.79168065,61.87500495
240.0,-84.79167345,38.54166975
76.0,-89.79167385,53.54167095
59.0,-157.29167925,63.12500505
70.0,25.62500205,68.12500545
14.0,122.29167645,50.20833735
20.0,130.62501045,45.62500365
213.0,-66.87500535,48.95833725
48.0,93.54167415,51.45833745
162.0,-71.87500575,49.79167065
142.0,-72.70833915,51.87500415
192.0,111.04167555,26.45833545
72.0,141.45834465,-36.87500295
75.0,168.54168015,61.04167155
82.0,38.95833645,60.62500485
80.0,-112.70834235,42.29167005
158.0,-77.29167285,43.12500345
265.0,140.20834455,38.12500305
-9999.0,142.29167805,41.87500335
565.0,100.20834135,0.625000049999997
100.0,19.79166825,63.54167175
-9999.0,13.12500105,43.95833685
583.0,110.62500885,1.04166675
81.0,53.54167095,66.45833865
41.0,-108.54167535,33.95833605
86.0,43.54167015,64.37500515
37.0,133.95834405,46.45833705
167.0,-61.45833825,55.62500445
78.0,-117.29167605,54.37500435
68.0,25.20833535,41.04166995
68.0,137.29167765,48.12500385
-9999.0,38.12500305,66.04167195
104.0,-68.54167215,56.04167115
67.0,106.87500855,29.37500235
94.0,31.04166915,63.95833845
78.0,46.87500375,66.04167195
155.0,15.62500125,46.45833705
84.0,77.29167285,31.04166915
247.0,-85.20834015,38.12500305
48.0,152.29167885,59.79167145
48.0,-94.79167425,47.70833715
92.0,53.12500425,58.12500465
22.0,-106.87500855,28.95833565
86.0,86.45834025,63.54167175
171.0,5.62500044999999,48.12500385
13.0,101.45834145,28.12500225
167.0,5.20833374999998,44.37500355
61.0,-126.04167675,57.70833795
200.0,-68.54167215,46.04167035
105.0,18.12500145,67.70833875
46.0,85.62500685,51.45833745
66.0,105.62500845,21.87500175
80.0,-91.87500735,52.70833755
51.0,-163.54167975,64.79167185
19.0,-155.62501245,69.79167225
13.0,-143.54167815,69.79167225
-9999.0,-5.62500045000002,55.20833775
92.0,23.95833525,46.87500375
-9999.0,17.29166805,55.20833775
-9999.0,35.20833615,64.37500515
49.0,-153.12501225,66.45833865
-9999.0,7.70833395,39.37500315
210.0,-67.70833875,48.12500385
16.0,-103.12500825,19.79166825
118.0,113.12500905,24.37500195
54.0,71.87500575,68.54167215
200.0,-86.87500695,39.79166985
54.0,-95.62500765,57.70833795
25.0,106.45834185,32.29166925
45.0,159.37501275,63.95833845
71.0,28.95833565,69.37500555
10.0,99.37500795,29.79166905
-9999.0,10.20833415,43.54167015
59.0,-114.37500915,53.12500425
331.0,-55.62500445,47.70833715
-9999.0,146.87501175,-18.95833485
-9999.0,-26.87500215,68.54167215
114.0,21.45833505,45.62500365
44.0,133.12501065,55.62500445
261.0,-86.87500695,36.87500295
69.0,-100.20834135,26.04166875
38.0,-118.54167615,46.04167035
-9999.0,74.37500595,67.70833875
27.0,141.87501135,61.04167155
53.0,85.62500685,51.87500415
208.0,-68.12500545,48.12500385
32.0,-6.45833385,38.12500305
-9999.0,-78.95833965,56.87500455
309.0,-85.62500685,35.62500285
415.0,101.87500815,5.20833374999999
-9999.0,20.62500165,59.79167145
-9999.0,-73.95833925,40.20833655
34.0,104.37500835,20.20833495
266.0,-88.95834045,36.04166955
84.0,58.12500465,65.62500525
90.0,23.12500185,52.70833755
65.0,133.12501065,42.70833675
-9999.0,-58.12500465,55.20833775
140.0,-67.29167205,54.37500435
146.0,11.45833425,49.37500395
231.0,-121.87500975,47.29167045
95.0,38.95833645,55.20833775
-9999.0,-63.95833845,48.12500385
36.0,174.79168065,68.12500545
34.0,149.79167865,59.79167145
48.0,102.70834155,23.12500185
56.0,-73.95833925,60.20833815
294.0,-131.87501055,56.45833785
96.0,-156.87501255,57.70833795
111.0,-97.70834115,21.45833505
104.0,11.45833425,60.62500485
18.0,108.12500865,52.29167085
139.0,-97.70834115,28.95833565
82.0,46.87500375,65.62500525
199.0,-91.87500735,37.29166965
108.0,56.45833785,60.62500485
-9999.0,-4.79166705,43.54167015
249.0,-91.45834065,32.70833595
93.0,19.37500155,53.54167095
177.0,-7.70833395000002,53.12500425
106.0,-107.70834195,40.20833655
170.0,-58.54167135,54.79167105
140.0,42.70833675,41.45833665
93.0,128.95834365,36.45833625
144.0,3.95833364999999,45.62500365
198.0,-58.54167135,54.37500435
69.0,28.54166895,68.12500545
-9999.0,108.95834205,-1.45833345
158.0,-63.12500505,50.20833735
178.0,113.95834245,28.95833565
182.0,-81.87500655,44.37500355
83.0,-126.45834345,55.62500445
94.0,151.45834545,-26.04166875
-9999.0,35.20833615,-21.04166835
-9999.0,105.62500845,8.95833404999999
16.0,119.79167625,52.70833755
7.0,108.54167535,48.12500385
130.0,3.95833364999999,43.95833685
79.0,53.95833765,66.87500535
112.0,14.79166785,59.37500475
53.0,-138.12501105,64.37500515
36.0,104.79167505,52.29167085
-9999.0,-82.29167325,62.29167165
-9999.0,-118.54167615,33.54166935
38.0,135.62501085,-33.95833605
99.0,24.79166865,57.29167125
50.0,170.62501365,64.79167185
26.0,-159.37501275,68.95833885
79.0,150.20834535,-23.12500185
85.0,26.87500215,66.04167195
83.0,43.95833685,64.37500515
277.0,-89.37500715,32.29166925
162.0,-86.87500695,41.45833665
71.0,30.62500245,68.12500545
84.0,0.208333349999975,41.87500335
143.0,17.29166805,68.54167215
100.0,28.95833565,50.62500405
112.0,34.37500275,58.95833805
185.0,-78.12500625,44.79167025
74.0,-91.87500735,44.79167025
29.0,86.45834025,50.62500405
127.0,23.54166855,70.20833895
152.0,-3.95833365000001,57.70833795
182.0,-74.79167265,45.20833695
99.0,13.54166775,58.95833805
59.0,82.70833995,29.37500235
-9999.0,20.62500165,56.04167115
186.0,-69.79167225,46.45833705
188.0,0.625000049999983,43.12500345
29.0,110.62500885,33.95833605
47.0,103.95834165,25.20833535
88.0,46.45833705,63.95833845
15.0,100.62500805,31.87500255
109.0,-114.37500915,45.62500365
539.0,116.87500935,5.20833374999999
196.0,-61.87500495,53.12500425
180.0,18.54166815,44.37500355
94.0,-115.20834255,51.45833745
-9999.0,-83.12500665,55.20833775
21.0,128.95834365,48.12500385
42.0,98.54167455,18.12500145
57.0,-155.62501245,62.70833835
-9999.0,138.12501105,34.37500275
236.0,97.29167445,4.37500034999999
185.0,-75.62500605,47.29167045
76.0,59.37500475,56.04167115
81.0,25.62500205,66.45833865
156.0,-77.70833955,43.12500345
21.0,129.79167705,48.12500385
23.0,98.54167455,21.87500175
202.0,-68.54167215,49.37500395
-9999.0,-68.54167215,44.37500355
-9999.0,156.04167915,56.87500455
47.0,139.37501115,58.12500465
89.0,33.54166935,53.95833765
60.0,66.04167195,59.79167145
67.0,-88.54167375,54.37500435
154.0,23.12500185,48.95833725
33.0,98.95834125,28.12500225
166.0,11.45833425,45.20833695
108.0,-88.12500705,50.20833735
289.0,-93.54167415,31.04166915
188.0,-82.70833995,40.20833655
111.0,18.12500145,46.04167035
12.0,112.70834235,55.20833775
-9999.0,11.04166755,58.95833805
90.0,43.54167015,53.95833765
74.0,-117.29167605,54.79167105
15.0,-140.20834455,69.37500555
91.0,41.04166995,54.79167105
60.0,33.95833605,65.20833855
58.0,170.20834695,64.37500515
86.0,16.04166795,51.45833745
74.0,55.62500445,67.70833875
90.0,53.95833765,64.79167185
35.0,-135.62501085,61.04167155
16.0,113.12500905,36.87500295
96.0,14.37500115,53.12500425
152.0,-115.20834255,50.20833735
101.0,56.04167115,63.54167175
273.0,-61.87500495,45.62500365
63.0,-124.79167665,60.20833815
-9999.0,-57.70833795,50.62500405
65.0,-71.04167235,-37.29166965
-9999.0,-2.29166685000001,59.79167145
66.0,26.45833545,46.87500375
33.0,-110.20834215,37.70833635
7.0,98.54167455,30.62500245
-9999.0,109.37500875,14.79166785
95.0,43.12500345,59.79167145
179.0,-63.12500505,53.54167095
12.0,117.70834275,40.62500325
58.0,94.37500755,54.79167105
260.0,-81.04167315,35.20833615
61.0,66.45833865,66.87500535
28.0,103.95834165,32.70833595
98.0,31.04166915,54.79167105
219.0,-58.54167135,51.45833745
266.0,5.20833374999998,59.79167145
-9999.0,-147.70834515,60.62500485
89.0,50.62500405,58.54167135
88.0,43.95833685,56.87500455
97.0,-3.95833365000001,42.29167005
-9999.0,-128.12501025,51.87500415
95.0,28.95833565,64.37500515
87.0,19.37500155,51.45833745
-9999.0,38.95833645,68.54167215
-9999.0,-162.29167965,70.20833895
81.0,51.04167075,66.45833865
54.0,-166.45834665,65.62500525
126.0,-91.87500735,16.45833465
20.0,39.79166985,38.95833645
89.0,27.70833555,66.45833865
236.0,-75.62500605,39.37500315
96.0,143.54167815,51.04167075
64.0,76.04167275,68.54167215
108.0,29.37500235,59.37500475
-9999.0,-166.87501335,66.45833865
342.0,5.62500044999999,61.45833825
-9999.0,77.29167285,68.12500545
33.0,-111.04167555,37.70833635
100.0,-76.45833945,52.29167085
79.0,23.12500185,68.54167215
57.0,-162.70834635,64.37500515
-9999.0,133.95834405,34.37500275
8.0,101.87500815,49.37500395
79.0,38.54166975,58.54167135
19.0,108.95834205,34.79166945
114.0,142.70834475,54.37500435
-9999.0,-166.04167995,60.62500485
63.0,142.29167805,-34.37500275
25.0,-138.54167775,61.87500495
19.0,128.54167695,47.29167045
53.0,176.04168075,63.95833845
105.0,31.04166915,51.87500415
97.0,-97.29167445,26.04166875
5.0,118.95834285,42.70833675
96.0,23.54166855,41.45833665
11.0,111.04167555,49.37500395
46.0,137.29167765,49.37500395
22.0,103.95834165,18.95833485
286.0,-92.70834075,31.87500255
9.0,-120.20834295,37.70833635
-9999.0,-56.04167115,53.95833765
98.0,34.37500275,58.12500465
639.0,148.12501185,-8.12500065
144.0,7.70833395,48.95833725
154.0,-120.20834295,51.87500415
10.0,117.29167605,42.29167005
16.0,-161.87501295,70.20833895
291.0,0.625000049999983,42.70833675
84.0,44.79167025,63.12500505
76.0,109.79167545,20.62500165
230.0,-78.12500625,34.79166945
275.0,-81.87500655,36.45833625
32.0,173.95834725,67.29167205
110.0,34.79166945,51.04167075
423.0,136.87501095,36.87500295
141.0,-83.12500665,44.37500355
224.0,-92.29167405,36.45833625
-9999.0,21.04166835,57.29167125
91.0,-23.12500185,69.79167225
96.0,30.62500245,60.62500485
13.0,118.95834285,39.37500315
63.0,69.79167225,66.04167195
31.0,-97.70834115,17.29166805
225.0,-73.12500585,43.54167015
-9999.0,-148.95834525,70.62500565
55.0,-82.29167325,54.79167105
111.0,34.37500275,51.45833745
19.0,128.12501025,50.62500405
214.0,-60.20833815,51.87500415
117.0,-80.62500645,50.62500405
96.0,29.79166905,56.87500455
55.0,109.37500875,19.37500155
80.0,36.04166955,57.29167125
63.0,108.95834205,12.70833435
258.0,-81.04167315,34.79166945
-9999.0,41.04166995,41.87500335
-9999.0,-50.20833735,64.79167185
-9999.0,131.04167715,42.29167005
256.0,-86.04167355,37.70833635
93.0,38.95833645,56.04167115
-9999.0,146.87501175,-18.54166815
57.0,69.37500555,66.87500535
123.0,110.20834215,28.95833565
120.0,146.87501175,-41.04166995
-9999.0,10.62500085,56.04167115
184.0,9.37500075,45.20833695
65.0,-100.62500805,19.79166825
67.0,173.54168055,61.87500495
-9999.0,120.62500965,39.37500315
95.0,49.37500395,62.70833835
-9999.0,49.37500395,69.79167225
40.0,-134.79167745,63.12500505
275.0,-88.12500705,36.04166955
158.0,-0.625000050000011,51.04167075
38.0,-160.62501285,66.04167195
-9999.0,23.54166855,64.79167185
56.0,177.70834755,63.95833845
15.0,103.95834165,34.79166945
-9999.0,53.54167095,68.95833885
222.0,-16.45833465,65.20833855
26.0,121.45834305,38.95833645
120.0,-89.79167385,41.87500335
-9999.0,107.29167525,-3.12500025
99.0,114.79167585,22.70833515
-9999.0,100.20834135,12.70833435
223.0,-77.70833955,38.54166975
64.0,-118.12500945,57.70833795
-9999.0,-87.70834035,30.20833575
82.0,31.45833585,67.70833875
34.0,-139.37501115,61.87500495
110.0,-98.54167455,29.37500235
12.0,111.45834225,39.79166985
125.0,18.12500145,68.54167215
35.0,-105.20834175,45.62500365
96.0,27.29166885,63.12500505
39.0,137.70834435,50.62500405
248.0,5.62500044999999,45.20833695
44.0,93.54167415,23.95833525
98.0,-129.37501035,56.87500455
-9999.0,146.04167835,43.95833685
182.0,18.95833485,42.29167005
211.0,-79.79167305,41.04166995
54.0,63.54167175,57.70833795
97.0,19.37500155,-34.37500275
90.0,25.20833535,50.20833735
7.0,99.37500795,30.20833575
105.0,13.12500105,53.12500425
20.0,96.45834105,22.29166845
146.0,-122.70834315,46.04167035
29.0,109.37500875,33.95833605
13.0,96.87500775,30.20833575
264.0,-91.04167395,15.62500125
-9999.0,-161.87501295,66.04167195
431.0,101.45834145,-0.625000049999997
104.0,56.04167115,60.20833815
25.0,-145.62501165,62.29167165
198.0,149.37501195,-37.70833635
-9999.0,121.04167635,22.29166845
81.0,-126.87501015,55.62500445
26.0,41.87500335,38.54166975
208.0,-68.95833885,47.29167045
-9999.0,15.20833455,43.54167015
149.0,117.29167605,26.04166875
59.0,-123.95834325,61.87500495
-9999.0,-134.37501075,56.04167115
-9999.0,-62.29167165,58.12500465
148.0,42.29167005,41.04166995
101.0,59.79167145,64.79167185
76.0,20.62500165,52.70833755
108.0,57.29167125,60.62500485
78.0,-114.37500915,50.62500405
179.0,-80.62500645,41.04166995
175.0,-96.87500775,31.87500255
43.0,136.87501095,49.37500395
102.0,24.37500195,53.54167095
163.0,2.70833354999999,47.29167045
142.0,157.70834595,51.87500415
113.0,126.87501015,34.79166945
14.0,119.37500955,53.12500425
69.0,-127.70834355,58.54167135
56.0,106.45834185,30.62500245
-9999.0,141.04167795,45.20833695
283.0,-86.04167355,34.37500275
277.0,-87.29167365,33.54166935
58.0,-105.62500845,42.29167005
-9999.0,-166.04167995,68.95833885
-9999.0,119.79167625,35.20833615
27.0,-161.04167955,68.12500545
87.0,23.95833525,68.95833885
169.0,-85.62500685,41.04166995
10.0,108.54167535,36.87500295
-9999.0,-9.37500075,54.79167105
128.0,108.95834205,23.54166855
150.0,-87.29167365,46.87500375
12.0,115.20834255,38.12500305
94.0,18.12500145,66.45833865
98.0,36.04166955,53.54167095
-9999.0,21.04166835,62.29167165
22.0,-140.62501125,63.54167175
76.0,56.45833785,66.45833865
-9999.0,9.37500075,41.45833665
303.0,-79.37500635,38.95833645
12.0,118.95834285,46.87500375
269.0,-84.79167345,30.20833575
70.0,157.70834595,57.29167125
104.0,24.79166865,54.79167105
9.0,108.95834205,37.29166965
29.0,107.70834195,33.95833605
85.0,17.29166805,52.70833755
17.0,126.87501015,44.79167025
68.0,-116.45834265,53.95833765
24.0,111.87500895,35.62500285
144.0,109.79167545,24.79166865
31.0,102.70834155,30.20833575
94.0,27.70833555,46.87500375
-9999.0,144.37501155,49.37500395
57.0,-70.20833895,60.20833815
142.0,-95.20834095,36.87500295
-9999.0,126.45834345,35.62500285
38.0,133.95834405,53.54167095
125.0,9.37500075,51.04167075
131.0,162.29167965,56.87500455
-9999.0,-79.37500635,54.79167105
81.0,17.29166805,49.37500395
63.0,106.04167515,23.12500185
530.0,117.29167605,4.79166705
15.0,106.04167515,33.54166935
49.0,-157.70834595,65.20833855
73.0,51.04167075,67.70833875
34.0,-5.20833375000001,39.79166985
-9999.0,133.12501065,42.29167005
65.0,153.54167895,60.62500485
40.0,66.04167195,68.95833885
186.0,-117.70834275,50.62500405
-9999.0,-95.20834095,28.54166895
437.0,136.87501095,36.45833625
71.0,96.45834105,26.87500215
36.0,-158.95834605,66.45833865
46.0,108.95834205,55.62500445
87.0,89.79167385,63.12500505
213.0,-49.37500395,62.70833835
115.0,12.70833435,59.37500475
8.0,117.70834275,41.45833665
88.0,32.70833595,67.70833875
98.0,-66.87500535,-54.79167105
180.0,-89.79167385,38.95833645
-9999.0,-6.04166715000002,57.29167125
175.0,119.37500955,28.95833565
48.0,-119.79167625,38.12500305
427.0,117.29167605,-0.625000049999997
277.0,-91.87500735,33.54166935
-9999.0,-96.04167435,28.54166895
103.0,27.70833555,49.79167065
63.0,-92.29167405,16.45833465
99.0,21.45833505,64.37500515
79.0,17.29166805,51.04167075
42.0,-108.54167535,43.54167015
58.0,-159.79167945,62.70833835
-9999.0,141.45834465,45.20833695
156.0,-78.12500625,43.12500345
57.0,-156.87501255,64.37500515
103.0,-123.54167655,54.79167105
11.0,110.62500885,38.12500305
47.0,171.04168035,64.79167185
134.0,-140.62501125,61.04167155
141.0,-81.45833985,26.87500215
146.0,-74.79167265,49.37500395
50.0,71.45833905,56.87500455
-9999.0,-150.62501205,70.62500565
317.0,-91.04167395,30.20833575
31.0,125.62501005,42.29167005
171.0,-91.04167395,38.54166975
-9999.0,-51.45833745,63.95833845
91.0,-106.04167515,41.04166995
45.0,105.62500845,30.62500245
268.0,141.04167795,39.79166985
68.0,-112.29167565,37.70833635
-9999.0,136.87501095,45.20833695
54.0,-163.95834645,64.79167185
86.0,44.37500355,57.29167125
198.0,149.79167865,-37.29166965
87.0,-99.79167465,31.45833585
245.0,-66.04167195,46.04167035
64.0,-115.20834255,53.54167095
-9999.0,-121.04167635,35.20833615
93.0,31.45833585,56.04167115
217.0,-16.04166795,65.20833855
111.0,-91.87500735,49.79167065
40.0,99.37500795,18.95833485
-9999.0,23.95833525,59.79167145
-9999.0,139.79167785,43.12500345
116.0,4.79166705,43.95833685
161.0,13.54166775,41.87500335
35.0,123.95834325,40.20833655
53.0,105.20834175,21.04166835
37.0,109.79167545,32.29166925
72.0,105.20834175,28.54166895
97.0,55.20833775,59.37500475
-9999.0,-89.79167385,29.37500235
-9999.0,8.12500064999998,57.29167125
-9999.0,141.45834465,49.37500395
108.0,-111.45834225,38.12500305
-9999.0,129.79167705,31.87500255
56.0,-8.54166735000001,39.79166985
89.0,106.45834185,20.62500165
94.0,40.62500325,59.79167145
153.0,-125.20834335,49.79167065
14.0,-141.87501135,63.54167175
-9999.0,36.04166955,41.87500335
101.0,-121.04167635,55.20833775
103.0,21.45833505,53.95833765
242.0,11.87500095,64.37500515
92.0,-88.12500705,51.45833745
47.0,-158.54167935,65.62500525
34.0,-158.95834605,67.70833875
57.0,-155.62501245,64.37500515
-9999.0,139.79167785,40.20833655
209.0,4.79166705,50.20833735
36.0,88.12500705,51.45833745
109.0,58.95833805,58.95833805
-9999.0,-80.20833975,28.95833565
186.0,149.79167865,-36.87500295
20.0,131.45834385,47.70833715
-9999.0,163.54167975,-20.20833495
169.0,-77.70833955,47.29167045
72.0,-94.79167425,41.04166995
133.0,117.29167605,25.20833535
22.0,-159.79167945,69.37500555
90.0,20.62500165,48.54167055
92.0,-88.54167375,43.95833685
239.0,131.04167715,32.70833595
-9999.0,100.20834135,-1.45833345
98.0,36.45833625,63.12500505
6.0,103.95834165,37.29166965
92.0,49.79167065,63.12500505
97.0,28.54166895,58.54167135
89.0,42.29167005,53.95833765
191.0,-60.20833815,54.79167105
172.0,-63.54167175,53.95833765
33.0,98.12500785,28.12500225
262.0,-127.29167685,51.87500415
9.0,-6.45833385,33.95833605
7.0,113.12500905,49.37500395
-9999.0,39.37500315,65.62500525
94.0,41.45833665,56.45833785
29.0,-102.70834155,27.29166885
102.0,-71.04167235,55.20833775
17.0,101.45834145,32.70833595
33.0,-99.37500795,18.95833485
-9999.0,-164.37501315,68.95833885
-9999.0,-61.45833825,49.79167065
-9999.0,-82.29167325,54.37500435
67.0,27.70833555,68.12500545
-9999.0,-68.54167215,48.95833725
31.0,-134.79167745,61.04167155
-9999.0,5.20833374999998,58.54167135
-9999.0,160.20834615,61.87500495
75.0,28.54166895,67.70833875
15.0,105.62500845,33.95833605
11.0,88.54167375,48.95833725
98.0,111.45834225,22.29166845
64.0,97.29167445,27.29166885
91.0,105.62500845,19.37500155
-9999.0,18.95833485,60.20833815
30.0,101.04167475,17.70833475
27.0,-163.12501305,67.29167205
64.0,-137.70834435,60.62500485
102.0,-120.20834295,54.79167105
-9999.0,141.45834465,46.04167035
-9999.0,109.37500875,18.12500145
-9999.0,9.79166744999998,53.54167095
201.0,-83.12500665,39.37500315
85.0,-97.29167445,18.95833485
51.0,-99.79167465,49.79167065
-9999.0,153.54167895,48.54167055
-9999.0,159.79167945,61.04167155
104.0,17.70833475,46.87500375
21.0,-156.87501255,69.79167225
191.0,-63.95833845,51.04167075
133.0,151.45834545,-32.70833595
394.0,101.87500815,-1.04166675
97.0,32.70833595,55.20833775
49.0,158.95834605,62.70833835
237.0,7.70833395,59.79167145
51.0,161.45834625,61.87500495
-9999.0,-82.29167325,65.20833855
60.0,-114.79167585,41.87500335
65.0,153.54167895,59.79167145
-9999.0,-138.12501105,69.37500555
149.0,0.625000049999983,49.79167065
26.0,-140.20834455,64.37500515
230.0,-88.12500705,37.70833635
312.0,-87.29167365,31.04166915
-9999.0,-153.54167895,56.45833785
13.0,95.20834095,30.62500245
133.0,108.95834205,25.20833535
15.0,-143.12501145,69.37500555
24.0,-146.45834505,67.29167205
100.0,25.62500205,47.29167045
115.0,1.87500014999998,41.45833665
103.0,-85.20834015,51.87500415
105.0,-49.79167065,64.37500515
134.0,-66.45833865,53.95833765
21.0,128.95834365,48.54167055
248.0,-58.12500465,52.70833755
-9999.0,-80.62500645,28.95833565
226.0,-56.04167115,53.12500425
91.0,-119.79167625,54.79167105
-9999.0,14.37500115,69.37500555
44.0,-163.95834645,65.62500525
219.0,-6.04166715000002,54.37500435
93.0,112.29167565,30.62500245
19.0,106.04167515,16.45833465
267.0,-91.87500735,35.20833615
29.0,98.54167455,19.37500155
318.0,-57.29167125,47.70833715
161.0,-131.04167715,56.87500455
206.0,-121.04167635,52.70833755
443.0,136.04167755,35.62500285
56.0,-117.70834275,47.70833715
84.0,23.12500185,58.54167135
315.0,-53.54167095,46.87500375
69.0,106.45834185,21.87500175
126.0,21.87500175,41.04166995
127.0,116.45834265,24.79166865
136.0,157.70834595,54.37500435
46.0,94.37500755,51.87500415
66.0,166.45834665,61.04167155
59.0,71.87500575,58.54167135
72.0,-124.79167665,56.87500455
-9999.0,23.12500185,70.62500565
124.0,22.29166845,46.45833705
79.0,16.87500135,41.04166995
222.0,-71.45833905,46.87500375
43.0,-134.79167745,63.54167175
45.0,-123.12500985,51.87500415
54.0,-100.62500805,25.62500205
103.0,25.62500205,60.62500485
65.0,-114.79167585,38.95833645
60.0,-98.95834125,23.95833525
105.0,-88.95834045,50.20833735
99.0,9.37500075,61.45833825
-9999.0,8.54166734999998,63.95833845
10.0,119.37500955,41.04166995
-9999.0,104.79167505,-5.62500045
96.0,44.37500355,41.87500335
81.0,-164.37501315,60.62500485
249.0,-58.54167135,53.54167095
111.0,-99.37500795,29.79166905
11.0,-120.62500965,38.12500305
94.0,31.45833585,60.62500485
201.0,-61.87500495,53.95833765
161.0,-1.04166675000002,48.54167055
85.0,-123.12500985,43.54167015
84.0,97.70834115,26.04166875
92.0,-77.29167285,52.29167085
-9999.0,-159.37501275,58.54167135
57.0,-94.79167425,46.45833705
39.0,-101.04167475,28.54166895
145.0,-76.87500615,41.45833665
113.0,14.79166785,57.29167125
-9999.0,20.20833495,37.70833635
76.0,32.70833595,68.95833885
59.0,101.04167475,22.29166845
383.0,-44.37500355,62.29167165
60.0,166.87501335,62.70833835
96.0,-2.29166685000001,40.62500325
62.0,-115.62500925,39.37500315
-9999.0,1.04166674999999,50.62500405
-9999.0,-131.45834385,53.95833765
-9999.0,103.54167495,3.12500025
46.0,-132.70834395,62.70833835
125.0,-69.79167225,53.95833765
112.0,27.29166885,42.29167005
31.0,-153.95834565,68.54167215
148.0,-2.29166685000001,48.54167055
56.0,100.62500805,20.62500165
-9999.0,-80.20833975,64.37500515
55.0,-157.29167925,63.54167175
157.0,-66.87500535,52.70833755
-9999.0,-148.95834525,59.79167145
63.0,93.95834085,51.87500415
45.0,175.20834735,66.04167195
135.0,77.70833955,31.04166915
81.0,109.37500875,30.62500245
178.0,-83.12500665,46.87500375
120.0,-98.95834125,29.37500235
114.0,-86.87500695,45.20833695
33.0,134.79167745,52.29167085
81.0,20.20833495,51.87500415
69.0,-107.29167525,41.45833665
11.0,117.29167605,40.20833655
47.0,100.20834135,23.12500185
-9999.0,36.87500295,66.04167195
128.0,-66.04167195,52.70833755
117.0,-153.95834565,59.79167145
20.0,122.29167645,41.04166995
8.0,120.20834295,41.45833665
168.0,-63.12500505,54.37500435
63.0,-125.20834335,60.20833815
143.0,-84.79167345,42.29167005
-9999.0,141.87501135,47.29167045
-9999.0,-5.62500045000002,56.45833785
28.0,-137.70834435,68.12500545
215.0,-47.70833715,61.04167155
29.0,36.04166955,36.04166955
85.0,45.20833695,62.29167165
69.0,-116.45834265,54.37500435
39.0,162.29167965,62.70833835
174.0,-68.95833885,49.79167065
78.0,-83.12500665,52.70833755
-9999.0,19.37500155,58.12500465
27.0,108.12500865,32.70833595
-9999.0,114.79167585,5.62500045
266.0,-47.70833715,61.87500495
164.0,23.95833525,48.54167055
198.0,15.62500125,45.62500365
229.0,-15.62500125,65.20833855
101.0,23.12500185,56.45833785
110.0,151.45834545,-25.20833535
-9999.0,35.20833615,69.37500555
102.0,142.70834475,53.12500425
-9999.0,26.45833545,37.29166965
34.0,109.37500875,32.29166925
39.0,-163.95834645,66.04167195
-9999.0,36.04166955,65.20833855
153.0,-71.04167235,48.54167055
162.0,-68.95833885,52.29167085
6.0,-121.45834305,37.70833635
88.0,142.70834475,50.20833735
71.0,-158.54167935,61.45833825
46.0,106.04167515,31.04166915
98.0,-151.87501215,61.04167155
237.0,140.62501125,43.12500345
55.0,61.04167155,59.79167145
79.0,-86.45834025,53.12500425
144.0,1.87500014999998,48.12500385
6.0,107.70834195,38.12500305
-9999.0,-128.95834365,50.62500405
148.0,149.79167865,-31.87500255
106.0,-86.87500695,51.04167075
13.0,99.37500795,32.70833595
80.0,16.04166795,50.20833735
95.0,26.04166875,52.70833755
41.0,-151.45834545,66.45833865
96.0,52.29167085,64.37500515
100.0,36.45833625,49.79167065
11.0,115.62500925,52.29167085
105.0,28.95833565,47.70833715
85.0,175.62501405,62.70833835
185.0,-77.70833955,44.79167025
44.0,-155.62501245,67.29167205
34.0,-135.62501085,63.54167175
-9999.0,115.20834255,6.04166714999999
-9999.0,-68.54167215,48.54167055
144.0,149.37501195,-36.45833625
55.0,70.62500565,67.70833875
198.0,-88.12500705,38.95833645
96.0,28.54166895,-32.29166925
36.0,-121.04167635,44.37500355
102.0,108.12500865,26.04166875
-9999.0,160.62501285,59.79167145
205.0,5.62500044999999,44.37500355
-9999.0,115.62500925,6.45833385
358.0,-143.54167815,60.20833815
233.0,-86.04167355,38.95833645
14.0,99.79167465,32.29166925
286.0,-94.37500755,34.37500275
214.0,41.87500335,43.12500345
120.0,-87.29167365,49.79167065
27.0,-148.95834525,68.54167215
32.0,101.45834145,25.20833535
58.0,93.54167415,54.37500435
90.0,-89.37500715,51.87500415
52.0,119.79167625,-31.87500255
95.0,20.62500165,48.95833725
50.0,138.54167775,58.12500465
-9999.0,17.29166805,61.45833825
33.0,-110.20834215,30.62500245
92.0,-66.04167195,-54.79167105
-9999.0,-163.95834645,66.87500535
116.0,-115.62500925,46.87500375
46.0,-108.95834205,40.20833655
83.0,-112.29167565,41.87500335
82.0,-156.87501255,60.20833815
145.0,114.37500915,25.62500205
150.0,113.95834245,25.62500205
16.0,121.45834305,51.45833745
85.0,92.29167405,63.12500505
86.0,42.70833675,65.62500525
107.0,34.79166945,41.45833665
-9999.0,-79.79167305,53.12500425
22.0,-104.79167505,19.79166825
95.0,10.62500085,46.04167035
39.0,136.87501095,52.70833755
24.0,112.70834235,56.45833785
22.0,102.29167485,28.95833565
72.0,172.70834715,61.87500495
-9999.0,-66.04167195,45.20833695
81.0,94.79167425,27.70833555
86.0,-93.95834085,40.20833655
43.0,108.12500865,12.29166765
174.0,-97.29167445,29.79166905
71.0,76.04167275,66.45833865
104.0,29.79166905,60.20833815
159.0,8.12500064999998,59.37500475
117.0,107.70834195,21.87500175
-9999.0,18.54166815,70.62500565
86.0,108.12500865,29.79166905
74.0,-92.29167405,44.37500355
33.0,103.54167495,52.70833755
-9999.0,132.29167725,35.20833615
101.0,15.62500125,53.12500425
74.0,75.20833935,64.37500515
-9999.0,156.04167915,52.29167085
226.0,-89.79167385,37.70833635
12.0,112.29167565,38.12500305
49.0,-154.37501235,63.95833845
81.0,-158.95834605,60.62500485
143.0,19.37500155,41.87500335
28.0,-145.62501165,65.20833855
-9999.0,26.04166875,59.79167145
272.0,-85.20834015,33.95833605
363.0,8.12500064999998,46.45833705
164.0,117.29167605,29.79166905
147.0,-83.54167335,42.29167005
143.0,11.45833425,46.04167035
-9999.0,136.04167755,-34.79166945
97.0,-92.29167405,48.95833725
60.0,112.29167565,32.29166925
33.0,-138.12501105,67.29167205
258.0,-3.95833365000001,52.29167085
100.0,-91.87500735,48.95833725
-9999.0,14.79166785,54.37500435
-9999.0,-69.79167225,41.04166995
-9999.0,-63.12500505,59.37500475
-9999.0,8.54166734999998,58.12500465
70.0,28.54166895,39.37500315
34.0,133.95834405,50.20833735
75.0,78.95833965,65.62500525
230.0,13.54166775,46.45833705
92.0,25.62500205,49.79167065
127.0,-86.45834025,45.62500365
40.0,97.70834115,28.12500225
85.0,168.12501345,61.87500495
265.0,-92.29167405,35.20833615
82.0,34.37500275,62.29167165
76.0,48.95833725,66.87500535
70.0,49.37500395,67.29167205
237.0,-71.04167235,44.37500355
76.0,-158.12501265,61.04167155
13.0,111.04167555,36.87500295
102.0,26.45833545,61.04167155
55.0,137.29167765,56.04167115
42.0,-153.95834565,67.70833875
82.0,31.04166915,58.12500465
30.0,126.87501015,42.70833675
98.0,-71.87500575,55.20833775
187.0,-94.79167425,35.62500285
152.0,4.79166705,45.62500365
19.0,128.54167695,43.12500345
59.0,135.62501085,55.62500445
388.0,-45.20833695,61.87500495
129.0,-78.12500625,49.79167065
99.0,143.12501145,51.04167075
17.0,-103.95834165,21.04166835
87.0,51.04167075,60.62500485
18.0,97.70834115,52.29167085
-9999.0,151.45834545,-23.95833525
169.0,-81.87500655,45.20833695
39.0,88.95834045,51.87500415
74.0,60.20833815,66.45833865
83.0,32.29166925,57.70833795
56.0,-156.04167915,64.79167185
117.0,-155.20834575,59.37500475
31.0,174.37501395,67.29167205
89.0,88.12500705,62.29167165
330.0,-91.04167395,29.79166905
32.0,124.37500995,41.45833665
151.0,5.20833374999998,48.95833725
-9999.0,18.95833485,63.12500505
34.0,-161.04167955,66.45833865
46.0,86.04167355,49.79167065
206.0,13.95833445,46.45833705
88.0,38.95833645,61.45833825
56.0,-138.54167775,61.04167155
50.0,138.12501105,50.20833735
14.0,126.45834345,50.62500405
213.0,-78.12500625,38.54166975
11.0,125.20834335,48.54167055
215.0,-77.29167285,40.20833655
50.0,176.87501415,64.37500515
84.0,21.45833505,62.70833835
43.0,-95.20834095,48.12500385
57.0,135.62501085,44.79167025
-9999.0,13.95833445,53.95833765
30.0,-101.45834145,22.29166845
87.0,35.20833615,62.70833835
21.0,-89.37500715,14.79166785
-9999.0,-38.12500305,65.62500525
158.0,-67.29167205,53.54167095
137.0,108.12500865,23.54166855
261.0,-74.79167265,39.79166985
47.0,-109.37500875,45.62500365
90.0,40.62500325,52.70833755
186.0,10.20833415,51.87500415
186.0,8.12500064999998,58.95833805
73.0,-95.20834095,40.62500325
140.0,-91.87500735,39.37500315
-9999.0,-4.79166705,54.79167105
226.0,13.12500105,64.37500515
56.0,-113.54167575,37.70833635
272.0,-92.70834075,33.12500265
27.0,-150.62501205,68.54167215
-9999.0,11.45833425,55.20833775
79.0,102.70834155,12.29166765
90.0,58.95833805,57.29167125
236.0,97.29167445,3.95833365
-9999.0,110.20834215,1.87500014999999
55.0,-131.87501055,61.45833825
336.0,-72.70833915,-41.87500335
144.0,5.20833374999998,52.70833755
227.0,13.95833445,65.20833855
-9999.0,23.54166855,65.62500525
24.0,102.70834155,31.04166915
187.0,-83.95834005,46.87500375
99.0,24.37500195,59.37500475
70.0,71.04167235,64.79167185
77.0,-151.04167875,61.45833825
87.0,16.45833465,63.95833845
24.0,129.79167705,51.04167075
-9999.0,12.70833435,41.04166995
-9999.0,132.29167725,42.70833675
50.0,86.45834025,52.29167085
203.0,-4.79166705,58.12500465
243.0,-71.45833905,44.79167025
15.0,101.87500815,27.70833555
36.0,-109.37500875,46.45833705
68.0,-95.20834095,41.45833665
25.0,98.95834125,22.70833515
0.0,45.20833695,36.04166955
84.0,18.54166815,59.79167145
238.0,-90.20834055,33.95833605
-9999.0,131.87501055,32.70833595
77.0,26.04166875,67.70833875
112.0,10.62500085,55.20833775
93.0,40.62500325,48.95833725
-9999.0,36.87500295,65.62500525
-9999.0,113.54167575,21.87500175
245.0,-58.12500465,48.54167055
17.0,125.62501005,52.29167085
86.0,11.04166755,46.45833705
87.0,39.79166985,57.29167125
93.0,40.62500325,56.04167115
135.0,-69.79167225,-53.95833765
175.0,-49.79167065,62.70833835
146.0,0.625000049999983,47.29167045
179.0,-84.37500675,47.29167045
86.0,41.45833665,51.04167075
388.0,-83.95834005,35.20833615
193.0,-87.70834035,39.37500315
175.0,110.20834215,25.62500205
238.0,121.45834305,23.95833525
143.0,23.12500185,48.54167055
54.0,104.79167505,26.04166875
32.0,-108.54167535,30.62500245
73.0,-125.62501005,53.95833765
142.0,23.95833525,70.62500565
-9999.0,-24.79166865,68.95833885
-9999.0,129.37501035,33.12500265
36.0,94.79167425,28.54166895
83.0,-114.37500915,47.70833715
52.0,-94.79167425,43.95833685
319.0,-87.70834035,31.04166915
262.0,-93.95834085,29.79166905
90.0,27.29166885,63.54167175
40.0,-151.04167875,66.87500535
-9999.0,39.37500315,41.45833665
-9999.0,-3.54166695000001,50.20833735
96.0,40.62500325,60.62500485
41.0,103.95834165,30.20833575
75.0,46.45833705,54.79167105
-9999.0,22.70833515,63.95833845
83.0,114.79167585,32.70833595
280.0,-61.04167155,46.45833705
96.0,24.79166865,62.29167165
68.0,-92.70834075,48.12500385
31.0,-148.12501185,67.70833875
54.0,84.79167345,50.62500405
14.0,100.62500805,33.95833605
19.0,-123.54167655,38.95833645
228.0,-79.37500635,34.37500275
34.0,26.04166875,39.79166985
325.0,-89.37500715,30.62500245
36.0,102.70834155,18.95833485
10.0,97.70834115,50.62500405
87.0,-93.12500745,50.62500405
162.0,149.37501195,-33.54166935
234.0,-66.04167195,48.95833725
83.0,23.54166855,66.87500535
102.0,56.87500455,64.37500515
92.0,50.20833735,59.37500475
-9999.0,120.20834295,13.95833445
-9999.0,-65.20833855,60.20833815
-9999.0,-6.04166715000002,36.04166955
-9999.0,-152.70834555,59.37500475
78.0,30.62500245,67.70833875
345.0,139.79167785,38.54166975
130.0,161.45834625,55.62500445
-9999.0,144.37501155,44.37500355
-9999.0,-148.12501185,60.62500485
291.0,-87.70834035,31.45833585
35.0,-158.54167935,66.87500535
-9999.0,-3.54166695000001,54.37500435
77.0,108.12500865,28.12500225
-9999.0,21.04166835,38.95833645
90.0,110.20834215,21.45833505
99.0,32.70833595,52.70833755
7.0,-121.87500975,38.54166975
-9999.0,-171.04168035,63.95833845
208.0,-75.62500605,42.70833675
125.0,22.29166845,43.95833685
9.0,118.12500945,41.87500335
85.0,-91.04167395,43.12500345
16.0,121.04167635,48.12500385
148.0,2.70833354999999,44.79167025
72.0,-98.12500785,23.95833525
23.0,129.37501035,51.04167075
41.0,99.79167465,20.62500165
-9999.0,-5.62500045000002,52.70833755
43.0,-94.79167425,59.37500475
161.0,2.29166684999998,46.87500375
-9999.0,-94.37500755,58.95833805
61.0,-155.20834575,65.20833855
78.0,-90.62500725,44.37500355
-9999.0,67.29167205,68.95833885
96.0,8.12500064999998,43.95833685
-9999.0,121.87500975,0.208333350000004
-9999.0,-13.12500105,65.20833855
21.0,123.95834325,42.29167005
24.0,124.79167665,55.62500445
137.0,-85.20834015,43.54167015
29.0,102.70834155,29.79166905
139.0,-86.04167355,46.45833705
-9999.0,-70.20833895,43.12500345
182.0,158.95834605,53.12500425
127.0,14.37500115,64.37500515
137.0,-69.79167225,53.12500425
70.0,-91.87500735,46.87500375
95.0,21.04166835,53.54167095
28.0,-101.87500815,26.04166875
77.0,18.12500145,52.70833755
51.0,110.62500885,32.29166925
-9999.0,15.62500125,69.37500555
237.0,-84.79167345,32.70833595
87.0,86.45834025,63.12500505
66.0,-173.95834725,65.62500525
16.0,98.12500785,52.29167085
-9999.0,-2.29166685000001,56.04167115
83.0,-86.87500695,52.70833755
-9999.0,-152.29167885,58.95833805
95.0,29.79166905,57.70833795
71.0,30.62500245,68.54167215
159.0,-78.54167295,43.54167015
-9999.0,11.45833425,56.04167115
-9999.0,-64.79167185,43.54167015
38.0,91.04167395,51.87500415
97.0,26.04166875,48.95833725
143.0,119.79167625,26.45833545
161.0,-68.54167215,52.70833755
95.0,26.04166875,58.54167135
64.0,69.37500555,65.62500525
260.0,7.70833395,46.87500375
59.0,75.20833935,69.37500555
168.0,-78.12500625,47.29167045
10.0,111.87500895,50.62500405
21.0,-142.70834475,66.45833865
154.0,-85.62500685,47.70833715
20.0,111.45834225,55.20833775
91.0,-79.37500635,51.45833745
66.0,-106.87500855,25.62500205
-9999.0,23.12500185,59.79167145
11.0,102.70834155,34.79166945
-9999.0,-73.54167255,-39.79166985
71.0,-118.54167615,42.70833675
169.0,1.04166674999999,42.29167005
162.0,-86.87500695,40.62500325
94.0,28.95833565,53.12500425
-9999.0,22.29166845,59.37500475
44.0,133.12501065,44.79167025
233.0,-85.20834015,32.29166925
97.0,28.95833565,56.87500455
189.0,-62.29167165,54.79167105
-9999.0,27.29166885,37.29166965
87.0,26.04166875,46.04167035
58.0,73.54167255,58.12500465
36.0,-77.70833955,61.87500495
-9999.0,1.87500014999998,51.04167075
83.0,45.62500365,64.79167185
303.0,-60.62500485,45.62500365
91.0,43.95833685,53.95833765
-9999.0,-78.95833965,52.29167085
-9999.0,143.95834485,42.70833675
135.0,113.54167575,24.79166865
56.0,102.70834155,22.70833515
-9999.0,-77.29167285,38.54166975
132.0,75.62500605,33.12500265
28.0,106.04167515,12.70833435
154.0,5.62500044999999,48.54167055
-9999.0,30.20833575,71.04167235
21.0,97.29167445,54.37500435
79.0,113.12500905,22.29166845
41.0,112.29167565,33.95833605
5.0,-121.04167635,36.45833625
91.0,43.95833685,53.12500425
90.0,30.20833575,66.04167195
43.0,95.20834095,51.87500415
76.0,-94.37500755,50.20833735
106.0,143.95834485,49.79167065
35.0,-135.62501085,63.12500505
-9999.0,26.45833545,39.37500315
91.0,38.95833645,56.45833785
-9999.0,11.87500095,67.29167205
90.0,44.37500355,54.79167105
-9999.0,-6.04166715000002,50.20833735
97.0,14.37500115,41.04166995
86.0,-130.62501045,61.04167155
74.0,-156.04167915,61.45833825
85.0,-83.95834005,52.70833755
29.0,107.29167525,54.79167105
80.0,85.20834015,61.45833825
65.0,153.95834565,60.62500485
236.0,-84.37500675,38.54166975
86.0,60.62500485,65.62500525
51.0,104.79167505,10.20833415
65.0,61.04167155,67.70833875
45.0,83.95834005,28.54166895
-9999.0,9.79166744999998,58.95833805
47.0,129.37501035,41.45833665
101.0,28.95833565,62.70833835
197.0,-90.20834055,38.12500305
256.0,-57.70833795,52.29167085
-9999.0,143.54167815,44.37500355
250.0,-91.04167395,34.79166945
-9999.0,-84.37500675,29.79166905
-9999.0,74.37500595,68.54167215
145.0,-87.70834035,46.87500375
95.0,54.37500435,63.12500505
176.0,-117.29167605,51.45833745
-9999.0,153.54167895,-28.12500225
78.0,32.29166925,64.37500515
184.0,-131.45834385,56.87500455
63.0,172.70834715,63.12500505
-9999.0,109.79167545,18.12500145
67.0,75.20833935,67.29167205
71.0,-71.04167235,-38.12500305
117.0,-80.20833975,50.62500405
13.0,96.04167435,30.20833575
41.0,105.20834175,17.70833475
121.0,-93.95834085,38.54166975
82.0,-7.70833395000002,41.04166995
92.0,23.95833525,56.04167115
212.0,-83.95834005,39.37500315
74.0,38.54166975,66.45833865
157.0,-16.87500135,65.62500525
57.0,136.04167755,53.95833765
160.0,16.87500135,67.29167205
217.0,2.29166684999998,42.70833675
94.0,115.20834255,32.29166925
280.0,8.95833404999999,46.87500375
-9999.0,18.12500145,39.79166985
116.0,50.62500405,37.29166965
36.0,-151.45834545,67.70833875
-9999.0,-161.45834625,70.62500565
91.0,-71.87500575,56.04167115
-9999.0,-69.37500555,41.45833665
205.0,-59.37500475,51.04167075
-9999.0,98.54167455,1.04166675
103.0,45.20833695,41.87500335
-9999.0,-151.45834545,60.62500485
39.0,-134.79167745,61.87500495
21.0,130.62501045,43.95833685
96.0,-107.70834195,38.54166975
63.0,98.95834125,12.29166765
101.0,55.62500445,59.79167145
162.0,156.87501255,51.04167075
-9999.0,8.54166734999998,54.79167105
70.0,-164.79167985,62.29167165
42.0,101.04167475,24.37500195
170.0,-7.29166725000002,53.12500425
231.0,141.45834465,39.79166985
75.0,103.95834165,22.70833515
-9999.0,18.12500145,60.62500485
132.0,-75.62500605,49.79167065
48.0,-107.70834195,42.29167005
120.0,108.95834205,23.12500185
124.0,-84.37500675,43.12500345
127.0,-65.20833855,52.29167085
-9999.0,-6.87500055000001,34.37500275
31.0,-151.45834545,68.12500545
35.0,-151.87501215,68.12500545
75.0,-157.29167925,61.04167155
19.0,126.04167675,53.54167095
147.0,18.54166815,48.95833725
51.0,103.95834165,29.79166905
196.0,117.70834275,28.54166895
75.0,45.62500365,66.87500535
81.0,138.12501105,46.45833705
119.0,-150.62501205,59.79167145
135.0,111.45834225,24.37500195
37.0,72.29167245,37.29166965
289.0,140.62501125,38.54166975
56.0,-100.62500805,28.95833565
184.0,-65.20833855,50.62500405
62.0,137.29167765,48.54167055
220.0,-20.20833495,64.37500515
-9999.0,18.95833485,40.20833655
-9999.0,165.20834655,59.79167145
29.0,103.95834165,31.04166915
106.0,26.04166875,55.20833775
96.0,23.95833525,52.70833755
169.0,-4.79166705,51.87500415
96.0,112.29167565,21.87500175
43.0,-101.45834145,27.70833555
174.0,-48.95833725,61.87500495
82.0,103.54167495,10.62500085
18.0,-152.70834555,69.37500555
86.0,-74.79167265,55.20833775
242.0,-14.37500115,65.20833855
55.0,26.04166875,68.95833885
14.0,122.29167645,53.12500425
29.0,107.70834195,32.29166925
116.0,116.04167595,23.95833525
175.0,-4.37500035000002,58.12500465
31.0,125.20834335,56.04167115
141.0,114.79167585,26.04166875
-9999.0,-1.87500015000001,43.54167015
32.0,-138.95834445,66.45833865
49.0,121.04167635,-31.04166915
152.0,-71.87500575,49.37500395
38.0,101.04167475,13.95833445
89.0,-91.87500735,42.70833675
82.0,21.45833505,53.12500425
25.0,107.29167525,53.54167095
55.0,-113.12500905,36.45833625
-9999.0,122.29167645,29.37500235
241.0,-81.45833985,33.95833605
-9999.0,26.87500215,71.04167235
194.0,-4.37500035000002,51.87500415
151.0,18.95833485,69.79167225
97.0,-82.29167325,51.45833745
135.0,-86.87500695,44.37500355
90.0,49.79167065,56.87500455
14.0,124.37500995,43.54167015
-9999.0,141.87501135,38.54166975
-9999.0,70.62500565,66.45833865
8.0,111.45834225,48.54167055
19.0,-102.29167485,22.29166845
153.0,5.20833374999998,48.54167055
44.0,166.04167995,64.79167185
59.0,71.87500575,67.70833875
219.0,136.04167755,34.37500275
78.0,16.04166795,41.87500335
101.0,110.20834215,19.79166825
178.0,-64.37500515,51.45833745
-9999.0,-88.54167375,29.37500235
20.0,-102.70834155,21.45833505
65.0,55.62500445,68.54167215
-9999.0,136.87501095,-11.45833425
142.0,13.54166775,57.29167125
279.0,-141.87501135,60.20833815
742.0,116.04167595,1.87500014999999
94.0,71.45833905,35.62500285
214.0,-123.95834325,47.29167045
135.0,9.79166744999998,62.29167165
77.0,28.95833565,69.79167225
95.0,74.79167265,33.95833605
210.0,-82.70833995,32.70833595
76.0,18.54166815,52.70833755
133.0,-86.04167355,50.20833735
96.0,33.54166935,56.87500455
-9999.0,-2.29166685000001,48.95833725
14.0,126.04167675,51.45833745
24.0,100.62500805,18.12500145
-9999.0,-9.79166745000001,52.70833755
10.0,99.37500795,31.04166915
17.0,-103.12500825,21.45833505
72.0,26.87500215,70.20833895
73.0,-0.208333350000004,41.45833665
20.0,126.45834345,53.95833765
87.0,-72.29167245,-51.87500415
-9999.0,121.87500975,23.95833525
136.0,2.70833354999999,49.79167065
114.0,33.95833605,58.95833805
93.0,45.62500365,59.79167145
108.0,2.70833354999999,43.12500345
92.0,145.62501165,-18.12500145
9.0,116.04167595,51.45833745
-9999.0,-61.45833825,44.79167025
76.0,-94.37500755,51.45833745
19.0,119.79167625,56.04167115
-9999.0,148.12501185,-39.79166985
249.0,-73.95833925,43.12500345
246.0,-83.12500665,36.45833625
18.0,105.20834175,33.12500265
338.0,102.29167485,2.70833354999999
-9999.0,37.70833635,66.04167195
176.0,-1.45833345,42.70833675
13.0,115.20834255,37.70833635
-9999.0,-78.95833965,61.87500495
267.0,140.62501125,40.20833655
-9999.0,-74.37500595,-43.95833685
66.0,23.54166855,40.62500325
69.0,-127.70834355,59.79167145
77.0,23.12500185,40.62500325
62.0,93.54167415,54.79167105
69.0,-116.45834265,53.12500425
74.0,-93.95834085,52.29167085
-9999.0,109.79167545,20.20833495
132.0,-77.70833955,49.79167065
-9999.0,141.04167795,46.04167035
103.0,28.12500225,62.70833835
92.0,43.12500345,52.70833755
233.0,-58.12500465,48.95833725
-9999.0,2.70833354999999,40.20833655
96.0,30.62500245,56.04167115
187.0,113.12500905,27.70833555
145.0,9.79166744999998,54.37500435
-9999.0,-6.04166715000002,62.29167165
27.0,106.04167515,10.62500085
69.0,-157.29167925,61.87500495
206.0,146.45834505,-38.54166975
146.0,115.62500925,26.04166875
154.0,-1.87500015000001,51.87500415
171.0,-73.12500585,-39.79166985
101.0,28.54166895,49.79167065
43.0,105.62500845,11.04166755
99.0,24.37500195,50.20833735
69.0,76.04167275,58.54167135
55.0,138.12501105,57.29167125
110.0,9.79166744999998,57.29167125
73.0,-88.95834045,53.54167095
842.0,114.37500915,1.87500014999999
119.0,114.79167585,23.54166855
12.0,107.29167525,36.04166955
85.0,-136.87501095,60.20833815
38.0,88.54167375,52.70833755
217.0,-60.20833815,51.45833745
109.0,171.45834705,61.04167155
226.0,-75.20833935,41.45833665
17.0,101.04167475,31.87500255
224.0,-71.04167235,45.20833695
-9999.0,-66.04167195,49.37500395
-9999.0,-63.12500505,46.45833705
83.0,31.45833585,66.45833865
95.0,39.37500315,51.04167075
142.0,-81.87500655,49.37500395
43.0,152.70834555,61.87500495
51.0,67.29167205,67.70833875
89.0,-83.54167335,52.29167085
-9999.0,-94.37500755,29.37500235
519.0,103.12500825,-4.37500035000001
-9999.0,-1.45833345,44.79167025
261.0,-90.62500725,36.87500295
152.0,14.79166785,65.20833855
11.0,98.54167455,32.29166925
32.0,-100.62500805,21.45833505
161.0,147.70834515,-37.29166965
-9999.0,18.54166815,55.20833775
227.0,-78.95833965,42.29167005
13.0,27.70833555,37.29166965
82.0,15.62500125,50.20833735
54.0,-95.62500765,47.29167045
246.0,-69.79167225,43.95833685
72.0,44.79167025,67.70833875
78.0,92.29167405,52.29167085
64.0,34.37500275,63.95833845
66.0,76.87500615,68.12500545
262.0,-84.37500675,30.20833575
192.0,17.29166805,44.37500355
136.0,10.62500085,49.79167065
23.0,161.04167955,64.79167185
-9999.0,-68.95833885,-55.62500445
256.0,-91.87500735,34.79166945
-9999.0,141.04167795,44.37500355
93.0,44.37500355,58.95833805
72.0,18.54166815,66.87500535
-9999.0,120.62500965,25.20833535
-9999.0,155.62501245,54.79167105
-9999.0,14.79166785,43.95833685
123.0,-73.12500585,-38.54166975
37.0,116.87500935,-30.62500245
93.0,24.79166865,51.45833745
228.0,-66.87500535,46.04167035
259.0,141.04167795,40.62500325
14.0,121.87500975,53.54167095
108.0,21.04166835,54.37500435
18.0,110.20834215,53.12500425
-9999.0,2.29166684999998,39.37500315
7.0,112.70834235,49.37500395
78.0,109.79167545,30.62500245
85.0,39.79166985,58.95833805
24.0,100.62500805,17.70833475
54.0,-113.12500905,44.37500355
259.0,-88.54167375,34.37500275
114.0,33.95833605,59.37500475
2.0,104.37500835,38.95833645
72.0,141.04167795,-36.87500295
111.0,128.95834365,36.87500295
592.0,116.04167595,3.95833365
106.0,-122.70834315,56.04167115
82.0,-90.62500725,48.12500385
158.0,-122.70834315,49.37500395
6.0,-101.04167475,18.54166815
64.0,-5.20833375000001,40.62500325
8.0,93.95834085,30.62500245
238.0,-78.54167295,33.95833605
136.0,8.12500064999998,50.20833735
129.0,43.12500345,41.45833665
25.0,131.04167715,50.62500405
39.0,-146.87501175,64.37500515
66.0,166.45834665,61.87500495
-9999.0,4.79166705,59.37500475
95.0,27.29166885,52.29167085
134.0,-126.04167675,52.29167085
56.0,-92.29167405,56.04167115
131.0,-81.87500655,26.45833545
76.0,136.87501095,46.04167035
26.0,100.62500805,26.87500215
-9999.0,18.95833485,57.70833795
251.0,-82.29167325,38.12500305
-9999.0,-63.54167175,43.95833685
107.0,141.45834465,-38.12500305
67.0,-115.20834255,54.37500435
21.0,105.20834175,31.87500255
135.0,-88.12500705,41.87500335
226.0,-82.70833995,38.54166975
92.0,55.20833775,53.54167095
63.0,137.29167765,56.45833785
149.0,114.79167585,29.79166905
224.0,-67.29167205,50.20833735
832.0,114.79167585,2.29166685
-9999.0,-3.54166695000001,53.54167095
22.0,126.04167675,54.37500435
105.0,13.54166775,53.54167095
199.0,112.70834235,26.45833545
-9999.0,112.70834235,3.12500025
109.0,11.87500095,53.12500425
-9999.0,98.12500785,10.20833415
211.0,-79.79167305,45.62500365
129.0,-3.12500025,42.29167005
112.0,159.79167945,55.62500445
92.0,19.79166825,40.20833655
10.0,126.45834345,47.70833715
113.0,11.87500095,53.95833765
-9999.0,-66.87500535,49.79167065
15.0,101.04167475,26.87500215
110.0,18.95833485,63.54167175
26.0,-151.45834545,68.54167215
66.0,33.54166935,64.37500515
-9999.0,-1.45833345,55.62500445
38.0,-137.29167765,61.04167155
795.0,114.37500915,2.70833354999999
92.0,14.79166785,62.29167165
18.0,112.70834235,56.04167115
21.0,130.20834375,48.12500385
61.0,-118.12500945,56.87500455
128.0,-1.45833345,52.29167085
62.0,107.70834195,30.62500245
58.0,-162.70834635,62.70833835
94.0,34.37500275,57.29167125
201.0,141.87501135,43.12500345
173.0,149.37501195,-33.12500265
70.0,-113.95834245,50.20833735
65.0,31.04166915,-26.45833545
77.0,28.12500225,67.29167205
31.0,98.95834125,18.95833485
206.0,156.04167915,50.62500405
102.0,29.37500235,53.95833765
49.0,97.29167445,58.95833805
51.0,-106.87500855,45.62500365
-9999.0,139.37501115,38.12500305
106.0,-109.37500875,43.95833685
-9999.0,34.79166945,66.04167195
-9999.0,106.04167515,-1.45833345
29.0,-153.12501225,68.54167215
63.0,-7.29166725000002,41.04166995
76.0,126.87501015,37.29166965
86.0,44.79167025,55.62500445
114.0,-123.12500985,54.79167105
168.0,13.12500105,56.87500455
101.0,33.95833605,57.29167125
144.0,-122.70834315,49.79167065
180.0,-75.62500605,46.87500375
192.0,-71.04167235,46.04167035
145.0,18.54166815,45.20833695
58.0,113.54167575,33.12500265
72.0,-124.79167665,57.70833795
102.0,-92.29167405,49.37500395
267.0,140.20834455,37.70833635
72.0,38.12500305,64.79167185
32.0,101.45834145,55.62500445
51.0,-108.95834205,42.29167005
184.0,-90.20834055,15.20833455
-9999.0,147.70834515,-40.62500325
172.0,-76.45833945,42.29167005
14.0,120.62500965,49.79167065
67.0,-158.12501265,61.87500495
-9999.0,145.62501165,-38.95833645
92.0,40.62500325,55.20833775
31.0,118.12500945,36.04166955
-9999.0,108.54167535,-7.70833395
17.0,-141.87501135,63.12500505
278.0,-93.54167415,34.79166945
262.0,-129.37501035,53.95833765
33.0,107.70834195,11.04166755
87.0,-128.95834365,56.87500455
29.0,-107.70834195,29.79166905
164.0,-86.45834025,41.04166995
45.0,40.62500325,39.79166985
55.0,67.70833875,67.29167205
-9999.0,18.12500145,58.54167135
31.0,-158.95834605,68.54167215
103.0,32.70833595,59.79167145
-9999.0,-66.87500535,49.37500395
72.0,-124.79167665,52.29167085
160.0,12.70833435,43.95833685
109.0,120.62500965,31.04166915
29.0,120.62500965,37.29166965
87.0,48.95833725,56.45833785
291.0,-84.79167345,37.29166965
187.0,112.70834235,27.70833555
197.0,5.20833374999998,49.37500395
95.0,21.45833505,69.37500555
30.0,18.95833485,-32.70833595
93.0,43.12500345,55.20833775
12.0,94.37500755,30.62500245
14.0,122.70834315,53.12500425
300.0,132.29167725,34.79166945
274.0,-87.70834035,35.20833615
4.0,36.04166955,34.37500275
217.0,-3.12500025,52.29167085
153.0,9.79166744999998,51.45833745
151.0,-80.62500645,47.70833715
58.0,75.20833935,69.79167225
71.0,-98.54167455,23.95833525
104.0,25.20833535,59.37500475
21.0,-5.20833375000001,36.87500295
85.0,44.79167025,61.04167155
-9999.0,-36.45833625,66.04167195
112.0,-74.79167265,52.70833755
-9999.0,-61.45833825,47.29167045
80.0,22.70833515,51.87500415
101.0,80.20833975,29.79166905
-9999.0,28.12500225,41.04166995
164.0,15.20833455,66.04167195
-9999.0,11.45833425,56.45833785
60.0,-114.79167585,54.37500435
10.0,113.95834245,41.04166995
232.0,-81.04167315,39.37500315
177.0,-63.54167175,53.12500425
-9999.0,-29.37500235,68.12500545
54.0,85.20834015,51.04167075
94.0,21.04166835,65.20833855
327.0,-84.37500675,34.79166945
105.0,119.37500955,25.62500205
-9999.0,-151.45834545,58.54167135
45.0,171.04168035,65.62500525
16.0,111.04167555,35.20833615
216.0,13.12500105,47.70833715
98.0,-72.70833915,54.79167105
64.0,-119.79167625,58.12500465
-9999.0,33.12500265,44.79167025
61.0,-121.87500975,43.12500345
51.0,-111.04167555,41.87500335
96.0,44.79167025,42.70833675
110.0,36.45833625,61.87500495
78.0,36.45833625,67.70833875
84.0,-8.54166735000001,41.45833665
104.0,25.62500205,-33.95833605
-9999.0,14.37500115,67.29167205
43.0,100.62500805,24.79166865
77.0,-151.87501215,61.87500495
62.0,128.95834365,40.62500325
-9999.0,121.87500975,6.04166714999999
-9999.0,141.45834465,44.37500355
-9999.0,-69.79167225,47.70833715
-9999.0,104.79167505,-0.625000049999997
218.0,7.70833395,58.54167135
139.0,10.62500085,49.37500395
140.0,-83.95834005,48.95833725
97.0,17.70833475,66.45833865
106.0,-88.95834045,46.45833705
148.0,-2.29166685000001,52.70833755
-9999.0,133.95834405,36.04166955
70.0,106.87500855,27.29166885
97.0,16.04166795,58.95833805
46.0,106.45834185,11.04166755
8.0,103.12500825,36.87500295
29.0,-4.79166705,38.12500305
82.0,-125.20834335,55.62500445
51.0,-106.45834185,26.04166875
88.0,42.29167005,53.12500425
236.0,-66.04167195,48.54167055
96.0,16.87500135,53.12500425
97.0,28.54166895,46.87500375
90.0,108.95834205,30.20833575
34.0,-101.87500815,29.79166905
44.0,126.04167675,38.95833645
90.0,51.87500415,59.37500475
133.0,17.70833475,68.95833885
4.0,92.29167405,28.12500225
-9999.0,16.04166795,38.95833645
105.0,-118.54167615,49.37500395
278.0,-84.37500675,37.29166965
59.0,-125.62501005,59.37500475
139.0,116.45834265,30.62500245
78.0,148.95834525,-21.04166835
90.0,28.95833565,41.04166995
113.0,-116.04167595,46.45833705
-9999.0,16.45833465,54.79167105
119.0,15.20833455,65.62500525
250.0,-86.87500695,36.45833625
15.0,100.20834135,28.12500225
-9999.0,126.04167675,36.04166955
144.0,129.37501035,36.87500295
106.0,32.70833595,58.54167135
388.0,101.87500815,3.12500025
-9999.0,103.95834165,0.625000049999997
241.0,-68.95833885,44.79167025
146.0,-97.29167445,32.70833595
82.0,19.79166825,60.20833815
91.0,46.87500375,64.79167185
-9999.0,121.87500975,-34.37500275
6.0,120.62500965,42.70833675
505.0,109.37500875,1.04166675
140.0,-96.45834105,35.20833615
23.0,106.45834185,14.79166785
50.0,103.12500825,51.04167075
148.0,-87.29167365,47.29167045
255.0,-46.87500375,61.45833825
-9999.0,17.70833475,60.62500485
93.0,53.95833765,61.45833825
93.0,34.37500275,54.79167105
82.0,33.12500265,68.12500545
59.0,136.04167755,46.45833705
232.0,-3.95833365000001,50.62500405
52.0,138.54167775,51.87500415
75.0,27.70833555,67.70833875
85.0,-95.62500765,38.54166975
32.0,-138.54167775,63.12500505
-9999.0,-81.04167315,30.20833575
16.0,-141.45834465,63.54167175
59.0,161.04167955,61.45833825
229.0,-78.54167295,38.12500305
183.0,-133.12501065,58.12500465
-9999.0,-7.70833395000002,56.87500455
81.0,36.45833625,68.12500545
