LandCover_1_Needleleaf,x,y
18.0,28.54166895,59.37500475
3.0,-144.79167825,63.12500505
0.0,-76.04167275,38.12500305
0.0,-64.37500515,48.12500385
0.0,-1.04166675000002,50.62500405
26.0,118.54167615,29.79166905
41.0,-92.29167405,33.12500265
0.0,99.37500795,3.54166694999999
24.0,36.04166955,67.29167205
0.0,-53.54167095,48.12500385
0.0,16.87500135,66.87500535
100.0,-108.95834205,42.70833675
59.0,51.87500415,61.87500495
0.0,149.37501195,-32.70833595
0.0,44.79167025,43.12500345
0.0,122.29167645,25.20833535
27.0,176.04168075,63.54167175
0.0,135.20834415,-14.79166785
0.0,-96.45834105,36.87500295
0.0,103.95834165,27.70833555
0.0,141.04167795,39.37500315
39.0,-83.54167335,34.79166945
0.0,-68.95833885,-54.79167105
0.0,127.70834355,46.45833705
4.0,60.20833815,66.04167195
0.0,-1.87500015000001,35.62500285
0.0,-152.70834555,60.20833815
0.0,72.70833915,66.45833865
0.0,-92.29167405,46.04167035
0.0,101.45834145,19.37500155
0.0,16.45833465,64.37500515
19.0,45.62500365,59.37500475
0.0,-151.45834545,59.37500475
28.0,52.29167085,61.04167155
0.0,-98.12500785,32.70833595
0.0,-57.29167125,54.79167105
0.0,35.62500285,64.79167185
0.0,37.70833635,53.12500425
0.0,-110.20834215,36.87500295
0.0,23.12500185,64.37500515
16.0,37.70833635,63.12500505
0.0,-9.79166745000001,53.54167095
0.0,105.20834175,48.54167055
19.0,-82.70833995,32.29166925
0.0,104.79167505,0.625000049999997
0.0,52.70833755,68.12500545
0.0,132.70834395,42.70833675
0.0,-62.70833835,55.20833775
0.0,18.12500145,56.87500455
6.0,108.54167535,26.45833545
0.0,-62.70833835,46.04167035
0.0,-88.12500705,42.70833675
4.0,113.95834245,25.62500205
0.0,110.62500885,1.87500014999999
54.0,-1.04166675000002,44.79167025
100.0,-118.54167615,60.20833815
13.0,128.54167695,36.87500295
0.0,135.20834415,48.95833725
0.0,-80.20833975,62.29167165
0.0,20.62500165,45.62500365
25.0,129.79167705,50.62500405
100.0,-121.87500975,48.95833725
0.0,-112.70834235,43.95833685
0.0,10.62500085,59.37500475
0.0,-55.62500445,51.87500415
3.0,-58.95833805,48.12500385
2.0,-4.37500035000002,56.04167115
28.0,52.29167085,63.95833845
29.0,108.95834205,48.95833725
0.0,-130.20834375,55.62500445
0.0,117.70834275,5.62500045
35.0,93.12500745,52.29167085
10.0,-95.20834095,31.87500255
17.0,131.04167715,49.37500395
14.0,-94.79167425,48.54167055
9.0,-72.29167245,-42.70833675
0.0,109.37500875,31.87500255
7.0,111.87500895,31.04166915
0.0,139.37501115,39.37500315
51.0,10.62500085,59.79167145
7.0,173.54168055,63.12500505
20.0,51.45833745,58.95833805
28.0,156.87501255,55.20833775
0.0,13.54166775,50.62500405
0.0,107.29167525,15.62500125
0.0,27.70833555,71.04167235
20.0,-154.79167905,63.12500505
0.0,39.79166985,39.37500315
0.0,126.87501015,44.79167025
0.0,-90.62500725,33.12500265
42.0,-92.29167405,34.37500275
56.0,-131.45834385,55.20833775
0.0,104.37500835,23.12500185
0.0,-63.95833845,53.95833765
0.0,38.12500305,41.04166995
6.0,-76.87500615,44.37500355
0.0,-6.45833385,53.12500425
0.0,15.62500125,46.04167035
18.0,-75.62500605,50.20833735
0.0,-92.29167405,43.54167015
8.0,116.04167595,24.37500195
26.0,-85.20834015,30.20833575
0.0,170.20834695,64.79167185
21.0,46.87500375,61.04167155
0.0,-160.62501285,66.04167195
12.0,-86.45834025,32.29166925
21.0,40.20833655,63.12500505
0.0,-96.04167435,38.12500305
0.0,-106.87500855,38.54166975
0.0,-117.29167605,36.87500295
0.0,45.20833695,41.87500335
0.0,106.87500855,12.70833435
0.0,105.20834175,11.45833425
0.0,101.87500815,49.79167065
0.0,10.62500085,53.12500425
0.0,156.87501255,56.04167115
0.0,14.37500115,68.95833885
0.0,27.29166885,49.79167065
1.0,101.87500815,36.87500295
0.0,41.45833665,50.62500405
0.0,-74.79167265,38.12500305
0.0,44.37500355,67.70833875
23.0,-136.45834425,61.87500495
0.0,106.45834185,21.87500175
18.0,103.95834165,33.54166935
0.0,-131.04167715,51.87500415
85.0,88.54167375,51.87500415
0.0,-88.12500705,36.45833625
0.0,122.70834315,38.95833645
0.0,-0.208333350000004,46.45833705
0.0,57.29167125,54.37500435
0.0,0.208333349999975,41.04166995
20.0,109.37500875,27.29166885
0.0,-62.70833835,56.04167115
0.0,12.29166765,46.87500375
100.0,92.70834075,52.70833755
0.0,-91.04167395,38.95833645
0.0,-159.37501275,70.20833895
0.0,151.87501215,-32.29166925
0.0,-94.79167425,33.95833605
0.0,-107.70834195,43.95833685
0.0,149.79167865,61.45833825
51.0,-125.20834335,50.20833735
18.0,-116.87500935,47.70833715
13.0,63.95833845,66.04167195
0.0,37.29166965,40.62500325
0.0,71.45833905,66.87500535
1.0,101.45834145,29.37500235
68.0,48.95833725,63.12500505
14.0,33.54166935,52.29167085
0.0,115.20834255,22.70833515
0.0,-109.37500875,48.12500385
2.0,168.54168015,60.62500485
0.0,116.87500935,6.87500055
21.0,143.95834485,61.04167155
0.0,53.95833765,55.20833775
12.0,-108.54167535,27.70833555
0.0,143.54167815,-5.20833375000001
24.0,64.37500515,65.20833855
7.0,37.70833635,56.87500455
0.0,-44.79167025,61.04167155
0.0,6.04166714999999,53.54167095
0.0,16.87500135,40.20833655
5.0,12.70833435,46.45833705
0.0,93.95834085,26.87500215
39.0,-89.37500715,31.45833585
0.0,69.79167225,61.45833825
12.0,101.45834145,52.29167085
19.0,-82.70833995,30.20833575
0.0,-91.45834065,47.29167045
0.0,118.54167615,-31.87500255
18.0,109.79167545,28.95833565
0.0,2.29166684999998,44.79167025
67.0,-59.79167145,53.95833765
0.0,41.87500335,53.95833765
0.0,141.87501135,-36.87500295
0.0,-162.29167965,60.62500485
0.0,155.62501245,53.12500425
0.0,-104.79167505,37.70833635
16.0,-98.54167455,20.20833495
7.0,-158.54167935,59.79167145
0.0,28.12500225,50.62500405
0.0,120.62500965,-30.20833575
54.0,-123.12500985,53.54167095
0.0,103.54167495,33.12500265
4.0,172.70834715,66.45833865
0.0,-85.20834015,46.45833705
17.0,126.87501015,41.87500335
19.0,-121.45834305,54.37500435
10.0,129.37501035,51.04167075
53.0,134.37501075,53.95833765
0.0,64.79167185,68.95833885
0.0,29.37500235,47.29167045
49.0,-113.95834245,46.87500375
22.0,108.54167535,27.70833555
0.0,171.87501375,66.04167195
67.0,133.12501065,53.54167095
0.0,122.70834315,39.37500315
0.0,96.87500775,23.54166855
0.0,-4.37500035000002,35.62500285
0.0,103.95834165,12.29166765
0.0,100.20834135,48.54167055
0.0,132.70834395,47.70833715
0.0,176.45834745,62.29167165
9.0,-79.79167305,45.20833695
53.0,31.87500255,65.20833855
0.0,-86.87500695,39.37500315
91.0,-113.95834245,45.62500365
0.0,0.625000049999983,48.95833725
0.0,-148.95834525,63.95833845
43.0,-91.04167395,31.04166915
0.0,104.37500835,-6.04166715000001
0.0,70.62500565,36.04166955
0.0,104.79167505,18.12500145
33.0,-73.54167255,48.54167055
11.0,93.54167415,65.20833855
0.0,-81.04167315,27.70833555
100.0,-106.87500855,54.79167105
0.0,110.62500885,20.20833495
7.0,130.20834375,50.20833735
6.0,-86.04167355,33.95833605
0.0,-71.87500575,66.45833865
32.0,-76.45833945,36.45833625
20.0,-138.54167775,63.95833845
0.0,-157.70834595,70.62500565
20.0,136.45834425,46.04167035
0.0,105.62500845,31.45833585
0.0,145.20834495,44.37500355
0.0,-72.70833915,61.87500495
0.0,-152.29167885,61.87500495
0.0,116.87500935,31.87500255
0.0,110.20834215,29.37500235
16.0,-147.29167845,66.45833865
0.0,-9.37500075,39.37500315
0.0,22.70833515,49.37500395
15.0,-132.70834395,63.54167175
0.0,103.12500825,19.79166825
0.0,55.20833775,59.79167145
0.0,-101.04167475,17.29166805
0.0,139.79167785,42.29167005
38.0,-89.79167385,30.62500245
0.0,-81.04167315,39.37500315
0.0,100.62500805,33.95833605
20.0,118.54167615,52.29167085
63.0,13.95833445,63.95833845
22.0,98.95834125,31.45833585
0.0,19.37500155,-33.95833605
9.0,-83.95834005,47.70833715
0.0,103.95834165,20.62500165
0.0,-48.54167055,63.54167175
0.0,-96.04167435,33.54166935
47.0,126.04167675,56.87500455
29.0,139.79167785,59.79167145
0.0,28.54166895,36.45833625
4.0,158.12501265,53.12500425
0.0,124.37500995,50.20833735
0.0,159.37501275,58.95833805
0.0,104.37500835,35.20833615
5.0,103.95834165,34.79166945
0.0,9.37500075,44.79167025
0.0,-90.62500725,38.95833645
19.0,134.37501075,49.79167065
20.0,128.54167695,36.04166955
25.0,-63.54167175,45.20833695
0.0,-159.79167945,68.54167215
71.0,-87.29167365,53.54167095
6.0,6.04166714999999,61.87500495
0.0,22.29166845,58.12500465
0.0,-7.29166725000002,43.54167015
0.0,-70.62500565,61.45833825
0.0,103.54167495,19.37500155
0.0,0.625000049999983,52.29167085
0.0,138.95834445,38.54166975
0.0,68.54167215,66.45833865
0.0,22.29166845,63.95833845
0.0,-87.29167365,50.62500405
0.0,133.54167735,42.70833675
0.0,148.95834525,-37.70833635
43.0,-83.54167335,33.54166935
0.0,80.62500645,29.79166905
0.0,118.54167615,39.37500315
0.0,1.04166674999999,52.29167085
0.0,106.04167515,30.20833575
18.0,136.04167755,45.20833695
2.0,35.62500285,56.45833785
0.0,14.37500115,49.37500395
20.0,-93.95834085,48.54167055
8.0,118.95834285,51.45833745
0.0,-1.45833345,46.45833705
20.0,125.20834335,40.62500325
0.0,31.87500255,53.12500425
0.0,-163.95834645,66.04167195
40.0,-114.79167585,43.54167015
0.0,143.12501145,42.70833675
3.0,-77.70833955,41.04166995
25.0,-146.04167835,64.79167185
0.0,-115.20834255,41.45833665
2.0,164.79167985,61.45833825
0.0,3.12500025,46.04167035
0.0,160.62501285,55.20833775
0.0,158.12501265,55.62500445
0.0,51.04167075,37.70833635
0.0,-113.12500905,50.20833735
100.0,36.87500295,64.79167185
0.0,-79.79167305,37.29166965
0.0,35.20833615,64.37500515
0.0,105.20834175,18.95833485
0.0,-97.29167445,24.79166865
0.0,28.54166895,71.45833905
1.0,-66.87500535,53.54167095
0.0,31.45833585,41.04166995
0.0,14.79166785,53.12500425
0.0,119.79167625,31.04166915
8.0,-81.87500655,48.54167055
0.0,1.45833345,48.12500385
15.0,136.04167755,56.04167115
100.0,-106.04167515,39.79166985
0.0,-6.87500055000001,38.12500305
0.0,44.37500355,41.87500335
0.0,-163.54167975,62.70833835
0.0,-119.79167625,55.62500445
100.0,94.37500755,54.79167105
3.0,106.04167515,32.29166925
5.0,35.20833615,41.45833665
0.0,-97.70834115,29.37500235
0.0,97.29167445,3.95833365
0.0,27.29166885,48.54167055
0.0,-84.79167345,39.79166985
8.0,102.29167485,28.95833565
0.0,-69.37500555,56.04167115
100.0,-125.20834335,52.29167085
0.0,71.04167235,41.87500335
0.0,96.45834105,19.79166825
0.0,66.04167195,68.95833885
0.0,-161.87501295,66.45833865
66.0,17.70833475,63.95833845
100.0,-95.62500765,51.45833745
49.0,-121.45834305,36.04166955
0.0,-95.62500765,28.54166895
0.0,-159.79167945,70.62500565
0.0,151.45834545,-24.79166865
94.0,-87.29167365,51.87500415
70.0,-112.70834235,47.29167045
0.0,16.45833465,41.45833665
4.0,-76.45833945,36.87500295
0.0,41.87500335,61.45833825
49.0,27.29166885,65.62500525
67.0,92.70834075,55.20833775
0.0,2.70833354999999,42.70833675
28.0,-95.62500765,28.95833565
0.0,101.04167475,16.45833465
0.0,129.37501035,32.29166925
100.0,-119.79167625,56.87500455
33.0,-150.62501205,60.20833815
5.0,-153.54167895,66.45833865
0.0,110.20834215,28.12500225
0.0,99.37500795,20.62500165
1.0,158.54167935,62.70833835
0.0,4.37500034999999,48.95833725
0.0,111.87500895,29.37500235
23.0,117.29167605,36.04166955
20.0,119.79167625,52.70833755
0.0,-87.70834035,35.20833615
0.0,48.54167055,66.87500535
7.0,106.87500855,49.37500395
0.0,118.54167615,-34.37500275
17.0,59.79167145,59.37500475
0.0,30.20833575,51.87500415
43.0,-88.54167375,31.87500255
0.0,118.95834285,-1.87500015000001
0.0,43.12500345,53.54167095
0.0,103.95834165,1.87500014999999
0.0,-114.37500915,47.70833715
39.0,133.12501065,51.45833745
0.0,-113.12500905,45.20833695
0.0,-82.29167325,29.79166905
31.0,30.20833575,51.45833745
54.0,-107.29167525,38.54166975
0.0,-123.95834325,38.95833645
3.0,24.79166865,56.87500455
0.0,41.04166995,58.12500465
14.0,168.12501345,64.79167185
0.0,14.37500115,48.95833725
0.0,9.37500075,40.20833655
0.0,39.79166985,58.54167135
25.0,24.79166865,60.20833815
0.0,-22.70833515,66.45833865
0.0,28.12500225,49.79167065
0.0,113.12500905,38.54166975
1.0,71.04167235,66.87500535
0.0,98.12500785,18.54166815
0.0,-111.04167555,47.70833715
0.0,-119.79167625,53.12500425
0.0,-153.95834565,57.70833795
0.0,0.208333349999975,41.87500335
0.0,1.87500014999998,45.20833695
0.0,37.70833635,60.20833815
0.0,16.87500135,48.54167055
0.0,5.20833374999998,58.95833805
0.0,113.12500905,3.12500025
0.0,29.79166905,63.12500505
0.0,14.79166785,43.95833685
0.0,102.29167485,53.12500425
8.0,10.62500085,51.87500415
0.0,96.04167435,30.62500245
10.0,-82.70833995,51.04167075
0.0,-73.54167255,53.12500425
5.0,110.62500885,27.29166885
3.0,-155.20834575,61.87500495
0.0,13.95833445,46.45833705
21.0,128.95834365,48.12500385
7.0,-121.04167635,35.62500285
0.0,-8.12500065,38.12500305
2.0,-73.95833925,60.20833815
0.0,-151.04167875,61.04167155
2.0,14.79166785,65.20833855
0.0,3.54166694999998,44.37500355
0.0,31.45833585,54.37500435
0.0,-19.37500155,66.45833865
24.0,-85.62500685,31.45833585
0.0,-151.04167875,66.45833865
0.0,146.87501175,-34.37500275
0.0,98.54167455,21.87500175
0.0,123.95834325,42.70833675
0.0,116.87500935,52.29167085
69.0,-131.04167715,55.62500445
19.0,101.45834145,50.20833735
6.0,124.79167665,38.12500305
0.0,49.37500395,37.29166965
0.0,-130.62501045,57.70833795
0.0,112.70834235,30.20833575
0.0,-89.37500715,42.29167005
17.0,136.87501095,48.54167055
0.0,101.87500815,13.54166775
0.0,-63.12500505,54.37500435
46.0,-84.37500675,30.20833575
0.0,-144.79167825,65.20833855
0.0,18.54166815,49.79167065
20.0,43.12500345,65.62500525
0.0,-166.04167995,66.04167195
0.0,116.04167595,23.54166855
0.0,-5.20833375000001,54.37500435
0.0,39.37500315,59.37500475
12.0,-81.45833985,48.54167055
53.0,-108.54167535,29.79166905
22.0,-63.12500505,53.95833765
0.0,28.54166895,-29.79166905
20.0,134.79167745,46.45833705
17.0,-108.95834205,31.45833585
100.0,100.62500805,28.54166895
0.0,99.37500795,33.54166935
0.0,-79.79167305,62.70833835
100.0,-90.20834055,52.29167085
0.0,20.62500165,47.29167045
0.0,-106.87500855,44.79167025
0.0,52.70833755,55.20833775
0.0,-104.37500835,20.20833495
64.0,-56.45833785,48.54167055
31.0,-81.45833985,33.95833605
3.0,107.29167525,21.04166835
12.0,-125.20834335,52.70833755
0.0,18.95833485,40.20833655
0.0,116.04167595,2.29166685
0.0,160.62501285,56.04167115
0.0,99.37500795,1.87500014999999
0.0,17.70833475,67.29167205
0.0,20.62500165,56.87500455
0.0,-94.79167425,36.87500295
0.0,-90.62500725,37.70833635
0.0,-114.79167585,38.95833645
20.0,109.37500875,48.95833725
0.0,174.79168065,68.12500545
0.0,126.87501015,36.87500295
40.0,25.62500205,64.37500515
0.0,131.45834385,31.87500255
8.0,53.12500425,61.45833825
0.0,-6.04166715000002,56.04167115
43.0,137.29167765,49.37500395
0.0,32.29166925,52.70833755
0.0,-55.62500445,53.12500425
0.0,-161.45834625,60.20833815
0.0,-149.37501195,71.04167235
0.0,108.12500865,29.37500235
0.0,15.20833455,58.54167135
100.0,-91.04167395,52.70833755
0.0,118.95834285,33.95833605
18.0,22.29166845,66.45833865
27.0,-64.79167185,54.37500435
37.0,118.54167615,26.45833545
5.0,-88.54167375,46.45833705
100.0,-107.29167525,44.79167025
28.0,121.87500975,51.04167075
16.0,116.45834265,40.62500325
0.0,-161.45834625,60.62500485
0.0,-63.54167175,56.04167115
0.0,19.37500155,69.79167225
0.0,36.45833625,68.54167215
0.0,97.70834115,35.62500285
0.0,-163.95834645,61.04167155
0.0,107.29167525,27.70833555
0.0,-105.62500845,44.37500355
0.0,10.20833415,57.70833795
56.0,-61.45833825,52.70833755
18.0,33.54166935,64.37500515
24.0,34.37500275,58.95833805
2.0,-76.87500615,39.37500315
20.0,146.04167835,59.79167145
0.0,26.87500215,60.20833815
15.0,128.12501025,36.87500295
85.0,48.95833725,62.70833835
18.0,11.04166755,61.45833825
64.0,23.54166855,60.20833815
10.0,46.45833705,61.04167155
0.0,18.12500145,60.62500485
19.0,126.87501015,36.04166955
0.0,19.37500155,68.12500545
19.0,116.45834265,29.37500235
0.0,130.20834375,33.12500265
100.0,-89.37500715,53.12500425
0.0,-15.62500125,63.95833845
0.0,154.37501235,59.37500475
85.0,-81.45833985,49.79167065
0.0,29.37500235,56.87500455
2.0,133.54167735,47.29167045
0.0,-161.87501295,66.04167195
0.0,-61.45833825,56.45833785
0.0,-72.70833915,-50.20833735
0.0,-108.54167535,41.45833665
1.0,-125.62501005,56.04167115
0.0,39.79166985,43.12500345
0.0,155.62501245,56.87500455
0.0,18.95833485,39.79166985
7.0,103.12500825,31.45833585
0.0,164.79167985,61.87500495
0.0,110.20834215,31.04166915
0.0,35.20833615,58.54167135
0.0,8.12500064999998,63.54167175
0.0,117.70834275,31.04166915
28.0,120.20834295,29.37500235
0.0,-80.62500645,31.04166915
0.0,20.62500165,43.95833685
0.0,45.62500365,60.62500485
0.0,62.70833835,56.87500455
18.0,-121.45834305,41.87500335
11.0,61.87500495,58.95833805
0.0,108.95834205,12.29166765
0.0,124.37500995,44.37500355
0.0,-120.20834295,46.04167035
0.0,0.208333349999975,51.04167075
0.0,6.87500054999998,43.12500345
0.0,126.04167675,47.29167045
8.0,75.20833935,64.37500515
0.0,23.12500185,39.37500315
0.0,-90.20834055,33.54166935
0.0,122.70834315,31.04166915
0.0,-3.95833365000001,35.20833615
26.0,26.04166875,51.04167075
0.0,-0.208333350000004,49.37500395
0.0,-95.20834095,43.12500345
0.0,47.70833715,57.70833795
0.0,36.87500295,52.70833755
62.0,-126.87501015,54.79167105
0.0,148.54167855,-40.20833655
0.0,96.45834105,28.54166895
0.0,-106.87500855,39.79166985
0.0,167.29168005,64.79167185
0.0,116.87500935,43.12500345
0.0,16.45833465,52.29167085
0.0,30.20833575,59.79167145
1.0,-95.20834095,29.79166905
6.0,110.62500885,27.70833555
100.0,29.79166905,60.20833815
19.0,117.70834275,29.37500235
0.0,4.79166705,59.37500475
0.0,143.12501145,-36.45833625
6.0,-102.70834155,22.29166845
0.0,118.95834285,31.45833585
26.0,-83.95834005,53.12500425
35.0,-65.62500525,51.45833745
0.0,13.54166775,44.79167025
4.0,-77.29167285,36.87500295
0.0,46.45833705,54.37500435
0.0,89.37500715,51.87500415
2.0,158.95834605,53.95833765
0.0,-132.29167725,61.45833825
0.0,154.79167905,59.79167145
0.0,96.45834105,4.37500034999999
53.0,-140.20834455,63.54167175
0.0,23.54166855,46.87500375
0.0,11.45833425,53.54167095
51.0,-91.87500735,48.54167055
0.0,153.12501225,-30.20833575
0.0,-76.04167275,49.37500395
0.0,-153.12501225,56.87500455
0.0,105.62500845,-5.62500045
2.0,100.62500805,28.95833565
0.0,28.12500225,48.54167055
45.0,109.79167545,49.79167065
0.0,-121.04167635,35.20833615
67.0,-114.79167585,56.45833785
0.0,6.87500054999998,44.37500355
0.0,-129.79167705,53.12500425
0.0,-139.37501115,66.87500535
0.0,-53.54167095,46.45833705
54.0,-116.04167595,46.45833705
0.0,110.20834215,37.70833635
0.0,-92.29167405,37.70833635
0.0,38.95833645,51.87500415
7.0,165.62501325,64.79167185
13.0,-141.45834465,67.29167205
0.0,68.54167215,67.29167205
0.0,76.45833945,66.45833865
100.0,-117.29167605,50.62500405
14.0,-112.70834235,55.20833775
0.0,63.12500505,58.12500465
0.0,-82.29167325,38.12500305
0.0,99.79167465,21.87500175
0.0,-87.70834035,30.62500245
0.0,-93.95834085,39.79166985
0.0,69.79167225,66.87500535
0.0,-97.70834115,34.37500275
0.0,-160.62501285,68.95833885
62.0,85.20834015,61.45833825
0.0,45.20833695,57.70833795
0.0,24.79166865,53.12500425
0.0,9.79166744999998,52.29167085
0.0,111.45834225,33.12500265
0.0,-71.45833905,-41.45833665
0.0,-83.54167335,38.95833645
11.0,116.87500935,27.70833555
20.0,24.37500195,62.70833835
0.0,34.37500275,52.29167085
0.0,111.45834225,26.45833545
0.0,18.95833485,67.70833875
0.0,-102.70834155,19.79166825
0.0,-90.62500725,29.37500235
0.0,83.12500665,51.87500415
0.0,86.87500695,28.12500225
0.0,106.87500855,33.54166935
0.0,-122.29167645,48.95833725
3.0,-100.20834135,20.20833495
0.0,-128.95834365,56.87500455
10.0,-73.12500585,53.95833765
0.0,113.12500905,32.29166925
8.0,111.45834225,29.37500235
0.0,-81.04167315,41.45833665
9.0,40.62500325,43.95833685
0.0,99.37500795,17.70833475
51.0,114.79167585,59.37500475
0.0,-75.62500605,52.29167085
0.0,119.37500955,26.87500215
5.0,146.04167835,59.37500475
0.0,76.04167275,66.87500535
0.0,23.95833525,53.54167095
6.0,130.62501045,44.37500355
0.0,-56.04167115,53.54167095
0.0,135.20834415,34.37500275
0.0,128.95834365,41.04166995
9.0,-153.12501225,63.12500505
0.0,109.79167545,22.70833515
56.0,18.54166815,65.62500525
0.0,12.70833435,63.95833845
0.0,-9.37500075,43.12500345
0.0,-111.87500895,37.29166965
0.0,-130.62501045,54.79167105
46.0,-86.45834025,31.87500255
0.0,115.20834255,1.04166675
0.0,97.29167445,5.20833374999999
0.0,98.95834125,36.45833625
13.0,113.54167575,36.87500295
0.0,-79.79167305,28.12500225
0.0,76.45833945,66.04167195
34.0,119.79167625,27.70833555
45.0,17.29166805,63.95833845
0.0,-101.04167475,28.54166895
47.0,-88.54167375,32.29166925
32.0,-91.04167395,31.87500255
0.0,-71.45833905,41.45833665
0.0,-119.37500955,38.54166975
0.0,-2.29166685000001,43.95833685
0.0,114.79167585,4.79166705
6.0,-67.29167205,54.79167105
0.0,97.70834115,26.04166875
68.0,87.29167365,51.04167075
19.0,15.20833455,64.37500515
67.0,-61.04167155,51.04167075
26.0,66.87500535,58.54167135
25.0,-74.79167265,49.37500395
0.0,-6.45833385,57.29167125
0.0,-6.87500055000001,58.12500465
0.0,-138.12501105,68.54167215
41.0,-93.54167415,31.45833585
0.0,43.54167015,57.70833795
27.0,28.54166895,61.87500495
0.0,-147.70834515,69.37500555
0.0,9.79166744999998,49.37500395
0.0,-94.37500755,35.20833615
12.0,-89.79167385,55.62500445
0.0,-91.87500735,31.45833585
0.0,-161.87501295,61.04167155
36.0,-57.70833795,49.37500395
100.0,18.54166815,50.62500405
0.0,-138.12501105,60.20833815
41.0,31.45833585,63.95833845
0.0,-83.54167335,49.37500395
54.0,-125.20834335,48.95833725
67.0,98.12500785,54.79167105
3.0,64.79167185,66.04167195
45.0,-77.29167285,49.79167065
0.0,114.79167585,51.45833745
67.0,-57.70833795,52.29167085
29.0,-92.70834075,49.37500395
0.0,107.70834195,20.62500165
19.0,-118.54167615,42.70833675
0.0,-87.29167365,44.79167025
43.0,-73.12500585,49.79167065
4.0,140.20834455,40.20833655
19.0,138.12501105,35.20833615
0.0,116.04167595,4.37500034999999
0.0,102.70834155,37.29166965
24.0,-157.29167925,61.45833825
34.0,-77.29167285,48.54167055
44.0,34.37500275,64.37500515
0.0,-67.70833875,-54.79167105
0.0,18.54166815,53.95833765
0.0,86.04167355,54.79167105
50.0,-79.37500635,33.95833605
20.0,98.12500785,54.37500435
0.0,13.54166775,66.87500535
0.0,-137.70834435,59.37500475
0.0,-138.12501105,59.37500475
0.0,-126.04167675,56.87500455
0.0,27.70833555,51.04167075
0.0,-161.04167955,65.20833855
23.0,129.79167705,51.45833745
0.0,23.54166855,47.29167045
0.0,30.62500245,52.29167085
100.0,-123.54167655,42.29167005
0.0,32.70833595,69.79167225
35.0,126.45834345,54.79167105
0.0,-127.70834355,53.54167095
0.0,138.95834445,57.70833795
0.0,-57.29167125,54.37500435
0.0,108.12500865,31.04166915
0.0,-73.12500585,-37.70833635
1.0,59.37500475,64.37500515
0.0,36.04166955,52.29167085
0.0,-130.20834375,53.12500425
9.0,55.62500445,59.79167145
3.0,111.04167555,24.37500195
25.0,117.70834275,28.12500225
4.0,126.45834345,38.54166975
0.0,-119.37500955,40.20833655
0.0,31.04166915,53.95833765
0.0,131.87501055,42.70833675
1.0,111.87500895,37.70833635
0.0,34.79166945,42.29167005
0.0,-156.04167915,69.79167225
0.0,12.29166765,56.04167115
72.0,-106.04167515,40.20833655
85.0,77.70833955,31.45833585
69.0,13.95833445,57.70833795
0.0,-1.87500015000001,46.87500375
0.0,96.87500775,30.62500245
0.0,-88.95834045,40.20833655
0.0,102.70834155,24.37500195
46.0,32.29166925,68.12500545
0.0,106.04167515,3.54166694999999
0.0,-93.12500745,41.87500335
20.0,58.12500465,58.54167135
18.0,129.37501035,48.12500385
45.0,27.70833555,63.95833845
42.0,6.04166714999999,61.45833825
14.0,-79.79167305,45.62500365
0.0,101.87500815,21.45833505
0.0,151.04167875,-23.95833525
0.0,85.62500685,51.87500415
0.0,-73.54167255,42.70833675
0.0,5.62500044999999,44.79167025
39.0,22.70833515,46.45833705
13.0,26.04166875,46.45833705
19.0,-65.20833855,54.37500435
0.0,128.54167695,50.62500405
0.0,-157.70834595,56.87500455
72.0,-106.87500855,40.20833655
0.0,106.45834185,23.12500185
0.0,-163.54167975,69.37500555
0.0,-150.62501205,59.79167145
100.0,-123.95834325,56.45833785
0.0,22.70833515,38.12500305
13.0,128.95834365,44.79167025
0.0,106.87500855,12.29166765
0.0,56.04167115,55.20833775
18.0,127.29167685,34.79166945
0.0,-101.45834145,18.95833485
0.0,-119.79167625,42.70833675
0.0,-69.37500555,44.37500355
0.0,-76.04167275,34.79166945
0.0,38.95833645,51.45833745
17.0,-151.87501215,59.37500475
2.0,107.29167525,31.87500255
0.0,21.87500175,51.45833745
20.0,142.29167805,59.79167145
0.0,-140.20834455,66.04167195
0.0,17.70833475,48.12500385
0.0,21.45833505,69.37500555
21.0,33.12500265,60.62500485
0.0,-49.79167065,63.54167175
45.0,-111.45834225,44.37500355
14.0,-148.12501185,60.62500485
75.0,-125.20834335,58.95833805
0.0,-97.70834115,21.04166835
17.0,19.37500155,43.12500345
0.0,-157.70834595,62.29167165
23.0,24.79166865,59.37500475
0.0,120.20834295,14.37500115
6.0,140.62501125,42.70833675
0.0,-147.70834515,69.79167225
29.0,-112.70834235,35.62500285
0.0,111.04167555,35.62500285
16.0,-108.95834205,30.62500245
0.0,-59.79167145,53.54167095
0.0,-76.87500615,52.70833755
0.0,-1.04166675000002,53.95833765
0.0,18.12500145,42.70833675
0.0,-72.29167245,42.70833675
0.0,-61.04167155,48.12500385
0.0,-157.29167925,61.87500495
0.0,-13.12500105,65.62500525
21.0,103.54167495,31.04166915
0.0,-136.87501095,60.62500485
0.0,-79.79167305,35.62500285
1.0,-91.04167395,34.37500275
0.0,27.29166885,50.62500405
0.0,-73.12500585,40.20833655
0.0,13.95833445,66.04167195
23.0,34.79166945,60.62500485
0.0,-89.37500715,47.70833715
53.0,143.54167815,51.04167075
0.0,15.62500125,44.37500355
20.0,31.87500255,63.12500505
0.0,106.87500855,20.62500165
11.0,48.12500385,54.37500435
0.0,155.20834575,55.20833775
0.0,112.70834235,32.70833595
0.0,14.37500115,38.12500305
33.0,41.45833665,65.62500525
31.0,-84.79167345,32.29166925
6.0,-94.79167425,57.70833795
0.0,115.62500925,3.95833365
0.0,112.29167565,31.04166915
0.0,3.95833364999999,46.87500375
12.0,108.95834205,26.45833545
25.0,16.45833465,58.54167135
0.0,140.20834455,36.04166955
50.0,16.04166795,63.12500505
37.0,98.54167455,31.45833585
0.0,1.45833345,41.04166995
29.0,25.62500205,68.95833885
26.0,128.95834365,46.45833705
0.0,45.20833695,54.79167105
0.0,136.45834425,50.20833735
0.0,-42.70833675,60.62500485
0.0,-159.37501275,58.95833805
0.0,127.70834355,49.37500395
28.0,26.45833545,63.95833845
1.0,-159.79167945,65.20833855
0.0,146.04167835,-38.95833645
66.0,-85.20834015,51.04167075
0.0,20.62500165,68.54167215
42.0,25.20833535,58.54167135
0.0,-103.54167495,22.29166845
0.0,-97.29167445,20.62500165
0.0,15.62500125,69.37500555
0.0,153.12501225,-28.12500225
0.0,138.54167775,38.54166975
0.0,108.54167535,29.37500235
3.0,127.70834355,48.12500385
0.0,-73.12500585,-40.20833655
0.0,-154.79167905,56.87500455
0.0,-99.37500795,51.45833745
25.0,-62.29167165,54.37500435
0.0,38.95833645,65.62500525
0.0,161.87501295,61.04167155
0.0,112.70834235,38.54166975
9.0,-103.95834165,20.62500165
22.0,-82.70833995,54.37500435
20.0,131.04167715,51.04167075
89.0,-121.45834305,57.70833795
0.0,109.37500875,19.37500155
14.0,-67.29167205,54.37500435
0.0,-81.04167315,27.29166885
0.0,100.20834135,13.54166775
0.0,33.12500265,65.20833855
0.0,25.62500205,52.29167085
9.0,25.62500205,58.95833805
0.0,86.87500695,52.70833755
0.0,113.95834245,21.87500175
0.0,-87.70834035,47.29167045
27.0,28.95833565,51.87500415
46.0,105.20834175,53.95833765
0.0,73.95833925,36.87500295
4.0,141.04167795,38.95833645
0.0,141.87501135,48.12500385
0.0,-93.12500745,50.62500405
8.0,-92.70834075,38.12500305
0.0,116.45834265,28.12500225
12.0,169.79168025,65.62500525
19.0,131.04167715,33.54166935
0.0,113.12500905,32.70833595
20.0,-58.54167135,51.87500415
0.0,113.12500905,30.20833575
0.0,40.62500325,53.12500425
0.0,-68.95833885,-55.62500445
0.0,152.70834555,-31.87500255
0.0,-83.95834005,55.62500445
4.0,93.54167415,24.37500195
0.0,-99.79167465,19.37500155
7.0,26.04166875,68.95833885
91.0,-57.29167125,53.95833765
0.0,39.37500315,57.29167125
100.0,126.45834345,54.37500435
0.0,-95.20834095,58.95833805
0.0,110.20834215,21.04166835
28.0,-69.79167225,49.37500395
0.0,21.45833505,69.79167225
0.0,-91.04167395,39.37500315
20.0,142.29167805,51.87500415
0.0,20.62500165,63.12500505
20.0,-120.20834295,37.70833635
53.0,134.37501075,54.37500435
18.0,110.62500885,29.79166905
0.0,-22.70833515,71.04167235
9.0,-70.62500565,50.62500405
0.0,-113.12500905,46.04167035
0.0,14.79166785,56.87500455
11.0,-60.20833815,54.37500435
0.0,-78.12500625,44.37500355
0.0,-160.62501285,67.29167205
20.0,136.04167755,34.37500275
0.0,-98.54167455,34.79166945
0.0,25.62500205,48.95833725
0.0,-41.87500335,61.45833825
3.0,110.62500885,34.79166945
0.0,137.29167765,34.79166945
20.0,-130.20834375,57.29167125
0.0,106.45834185,23.54166855
51.0,-93.95834085,50.62500405
0.0,-77.29167285,53.54167095
0.0,-99.37500795,18.95833485
0.0,35.20833615,52.29167085
0.0,102.70834155,-4.79166705
0.0,-117.70834275,42.29167005
28.0,20.62500165,65.20833855
11.0,-95.20834095,34.79166945
20.0,129.79167705,48.54167055
0.0,166.45834665,-21.87500175
0.0,105.62500845,8.95833404999999
0.0,11.45833425,49.79167065
100.0,-128.12501025,60.20833815
51.0,30.62500245,64.37500515
0.0,98.54167455,23.12500185
0.0,32.29166925,41.45833665
0.0,16.04166795,45.20833695
0.0,-81.04167315,43.12500345
0.0,-3.95833365000001,35.62500285
0.0,43.95833685,55.62500445
0.0,128.54167695,49.79167065
0.0,106.04167515,20.62500165
0.0,43.95833685,59.79167145
22.0,41.87500335,61.87500495
0.0,100.62500805,-1.45833345
45.0,15.20833455,48.95833725
0.0,97.70834115,31.04166915
0.0,106.04167515,24.79166865
0.0,-99.37500795,25.20833535
24.0,-67.29167205,44.79167025
0.0,-94.79167425,18.95833485
0.0,-3.54166695000001,47.29167045
0.0,-50.62500405,64.37500515
38.0,-146.87501175,64.37500515
0.0,-78.12500625,55.20833775
58.0,123.54167655,53.54167095
0.0,96.04167435,4.79166705
0.0,-109.37500875,41.04166995
49.0,-100.20834135,29.79166905
0.0,7.70833395,38.95833645
26.0,-118.12500945,34.37500275
100.0,-64.37500515,51.04167075
0.0,9.37500075,53.95833765
0.0,-138.12501105,62.29167165
0.0,-124.37500995,51.04167075
0.0,-95.20834095,48.95833725
0.0,119.79167625,37.70833635
0.0,38.95833645,61.87500495
0.0,37.29166965,41.45833665
16.0,-88.12500705,30.62500245
16.0,123.54167655,50.62500405
0.0,-76.87500615,43.12500345
0.0,-0.625000050000011,46.45833705
0.0,20.20833495,45.20833695
0.0,-70.20833895,46.45833705
32.0,-127.70834355,53.95833765
0.0,18.54166815,40.20833655
0.0,13.12500105,37.29166965
0.0,32.70833595,55.20833775
0.0,103.12500825,23.12500185
0.0,151.87501215,-33.12500265
9.0,34.79166945,57.29167125
19.0,-87.29167365,53.95833765
0.0,100.62500805,51.87500415
100.0,-66.87500535,50.62500405
0.0,-140.20834455,63.95833845
0.0,29.79166905,56.87500455
0.0,22.29166845,46.45833705
38.0,-71.04167235,50.20833735
0.0,-56.87500455,52.70833755
53.0,27.70833555,66.45833865
0.0,159.79167945,54.79167105
0.0,53.95833765,56.04167115
0.0,-87.29167365,36.04166955
0.0,-136.87501095,68.54167215
8.0,-80.62500645,28.12500225
0.0,-91.04167395,41.45833665
0.0,-120.62500965,43.54167015
0.0,-6.45833385,56.87500455
0.0,3.12500025,44.37500355
0.0,-158.12501265,56.04167115
3.0,22.29166845,38.54166975
0.0,121.45834305,24.79166865
64.0,-105.62500845,39.37500315
0.0,74.37500595,66.87500535
0.0,-92.29167405,31.04166915
100.0,-116.87500935,53.12500425
0.0,-120.62500965,56.04167115
0.0,63.95833845,68.95833885
0.0,23.12500185,41.45833665
0.0,-4.37500035000002,40.62500325
0.0,23.12500185,50.20833735
21.0,-91.04167395,15.62500125
0.0,110.20834215,20.20833495
0.0,151.04167875,-34.37500275
0.0,8.12500064999998,41.87500335
0.0,15.62500125,56.45833785
25.0,49.79167065,61.04167155
0.0,150.20834535,-23.54166855
0.0,101.45834145,-2.70833355000001
0.0,104.37500835,14.37500115
5.0,32.70833595,64.79167185
100.0,-150.62501205,60.62500485
0.0,-96.04167435,49.37500395
0.0,5.20833374999998,48.95833725
0.0,-95.62500765,36.87500295
0.0,-131.04167715,57.29167125
21.0,120.20834295,56.04167115
0.0,120.62500965,41.04166995
0.0,-59.37500475,56.04167115
46.0,-76.45833945,53.54167095
43.0,38.12500305,63.95833845
0.0,16.87500135,57.70833795
0.0,-8.95833405000002,52.29167085
0.0,13.12500105,45.20833695
20.0,130.62501045,50.20833735
41.0,27.29166885,61.45833825
0.0,101.87500815,36.04166955
0.0,110.20834215,56.45833785
0.0,10.62500085,51.45833745
31.0,-106.45834185,24.79166865
0.0,-71.87500575,-39.37500315
0.0,44.37500355,54.79167105
73.0,-126.04167675,60.20833815
0.0,-93.12500745,49.79167065
9.0,-66.87500535,48.54167055
0.0,101.87500815,25.20833535
0.0,132.29167725,-31.45833585
15.0,-55.62500445,51.45833745
0.0,142.70834475,52.29167085
0.0,-5.20833375000001,57.70833795
0.0,10.62500085,42.70833675
0.0,6.45833385,49.79167065
0.0,43.95833685,56.87500455
0.0,-81.04167315,31.04166915
2.0,81.45833985,28.95833565
100.0,44.37500355,63.54167175
3.0,-80.62500645,37.70833635
20.0,112.70834235,54.79167105
0.0,121.04167635,39.79166985
0.0,8.95833404999999,43.95833685
9.0,9.79166744999998,48.95833725
20.0,122.29167645,50.62500405
5.0,122.29167645,39.79166985
0.0,80.20833975,29.37500235
30.0,13.95833445,63.54167175
67.0,-72.70833915,51.87500415
20.0,115.20834255,51.87500415
4.0,131.45834385,33.54166935
29.0,-63.95833845,44.79167025
58.0,-75.62500605,49.37500395
6.0,44.79167025,58.54167135
0.0,-119.37500955,41.87500335
0.0,-91.04167395,43.12500345
0.0,-89.37500715,56.87500455
45.0,5.62500044999999,61.04167155
0.0,-158.95834605,69.79167225
0.0,-94.37500755,37.29166965
0.0,96.04167435,23.54166855
0.0,-88.95834045,41.87500335
0.0,-118.54167615,47.70833715
0.0,93.12500745,29.79166905
0.0,11.45833425,61.87500495
29.0,62.70833835,59.79167145
20.0,71.45833905,65.62500525
100.0,-115.62500925,48.95833725
30.0,32.29166925,58.54167135
0.0,107.29167525,27.29166885
0.0,108.12500865,33.12500265
0.0,17.70833475,66.45833865
0.0,156.45834585,53.12500425
3.0,9.37500075,41.87500335
5.0,103.54167495,50.20833735
20.0,108.12500865,52.70833755
33.0,26.45833545,38.54166975
0.0,108.12500865,21.04166835
16.0,141.04167795,41.45833665
68.0,-131.45834385,52.70833755
0.0,19.37500155,43.54167015
0.0,93.12500745,27.29166885
1.0,39.79166985,52.70833755
0.0,-94.37500755,46.04167035
58.0,34.79166945,60.20833815
0.0,98.12500785,23.95833525
0.0,13.95833445,41.04166995
0.0,-71.45833905,-38.12500305
20.0,33.12500265,62.29167165
0.0,-3.95833365000001,37.29166965
0.0,26.04166875,48.12500385
45.0,-78.12500625,34.37500275
0.0,-8.54166735000001,40.20833655
0.0,106.87500855,26.87500215
21.0,-141.45834465,66.04167195
0.0,-84.37500675,41.87500335
0.0,-78.12500625,38.95833645
0.0,-163.54167975,55.20833775
0.0,4.79166705,59.79167145
7.0,21.87500175,55.62500445
0.0,30.20833575,53.54167095
46.0,-84.37500675,54.37500435
0.0,-129.79167705,57.29167125
0.0,-78.54167295,46.45833705
0.0,128.54167695,48.54167055
17.0,79.37500635,30.20833575
0.0,150.62501205,58.95833805
63.0,8.95833404999999,59.79167145
5.0,96.87500775,31.45833585
0.0,-156.87501255,69.37500555
18.0,33.54166935,41.45833665
0.0,2.29166684999998,40.20833655
0.0,-157.70834595,68.54167215
30.0,83.54167335,63.54167175
28.0,31.87500255,60.20833815
19.0,-98.54167455,29.79166905
1.0,-84.79167345,41.87500335
0.0,21.04166835,61.04167155
0.0,-6.45833385,42.70833675
0.0,-23.12500185,69.79167225
6.0,158.95834605,53.54167095
0.0,-94.37500755,45.20833695
0.0,27.29166885,61.87500495
11.0,59.37500475,58.95833805
74.0,28.54166895,61.45833825
19.0,126.87501015,40.20833655
64.0,-121.87500975,48.12500385
0.0,-137.29167765,69.37500555
0.0,71.87500575,66.45833865
0.0,11.04166755,53.54167095
9.0,26.04166875,63.95833845
0.0,-3.54166695000001,42.29167005
0.0,-14.79166785,65.20833855
0.0,-73.54167255,51.87500415
25.0,-90.62500725,41.45833665
0.0,-83.95834005,42.70833675
0.0,6.04166714999999,36.87500295
46.0,28.12500225,61.87500495
0.0,-166.04167995,68.95833885
0.0,19.79166825,54.37500435
0.0,17.70833475,66.04167195
0.0,-49.37500395,63.54167175
0.0,14.79166785,47.70833715
1.0,-65.62500525,51.87500415
26.0,123.12500985,41.45833665
3.0,110.20834215,55.20833775
0.0,146.87501175,-43.54167015
10.0,103.95834165,27.29166885
27.0,-126.87501015,61.04167155
0.0,-68.54167215,43.95833685
0.0,150.62501205,-33.54166935
0.0,-63.54167175,55.20833775
0.0,98.54167455,24.37500195
0.0,116.87500935,29.79166905
0.0,93.54167415,26.04166875
0.0,98.95834125,19.79166825
0.0,-89.37500715,47.29167045
14.0,110.62500885,26.45833545
0.0,-1.87500015000001,55.20833775
0.0,-161.87501295,67.29167205
0.0,109.79167545,53.54167095
0.0,121.04167635,25.20833535
64.0,-106.45834185,38.54166975
0.0,108.12500865,19.37500155
0.0,133.54167735,45.62500365
35.0,-62.70833835,52.70833755
0.0,64.79167185,67.29167205
0.0,11.04166755,48.54167055
0.0,118.12500945,28.54166895
53.0,27.70833555,66.04167195
23.0,115.20834255,25.20833535
0.0,-108.95834205,42.29167005
0.0,-58.12500465,51.45833745
0.0,116.87500935,-33.54166935
0.0,47.29167045,58.54167135
0.0,-75.20833935,45.62500365
0.0,12.70833435,66.45833865
20.0,79.79167305,58.12500465
0.0,-114.79167585,39.37500315
0.0,16.04166795,40.62500325
51.0,136.87501095,53.54167095
16.0,109.37500875,27.70833555
26.0,28.95833565,51.45833745
31.0,15.20833455,52.29167085
0.0,-47.29167045,61.04167155
0.0,138.12501105,-35.20833615
0.0,23.54166855,63.12500505
45.0,-86.45834025,32.70833595
41.0,7.70833395,58.54167135
0.0,15.62500125,37.70833635
0.0,-18.95833485,64.37500515
8.0,52.70833755,64.79167185
0.0,98.12500785,11.45833425
0.0,30.20833575,-27.70833555
4.0,7.29166724999999,58.54167135
0.0,-96.87500775,32.70833595
0.0,57.70833795,59.37500475
0.0,28.54166895,-29.37500235
1.0,173.12501385,67.29167205
0.0,155.62501245,59.37500475
21.0,-83.54167335,29.79166905
31.0,-106.45834185,39.79166985
0.0,113.54167575,36.04166955
0.0,8.95833404999999,57.29167125
67.0,28.54166895,36.87500295
0.0,-156.87501255,56.04167115
0.0,143.12501145,-38.95833645
0.0,143.12501145,53.12500425
0.0,141.45834465,46.04167035
11.0,105.20834175,18.12500145
0.0,40.62500325,62.29167165
0.0,-86.45834025,38.54166975
0.0,43.12500345,53.95833765
0.0,81.87500655,51.04167075
7.0,46.87500375,58.12500465
100.0,-123.95834325,44.37500355
0.0,125.20834335,43.54167015
0.0,-154.79167905,68.54167215
0.0,-89.37500715,42.70833675
0.0,123.12500985,39.37500315
0.0,116.04167595,23.12500185
0.0,-159.79167945,62.29167165
0.0,-98.12500785,32.29166925
0.0,2.70833354999999,45.62500365
15.0,111.04167555,26.04166875
69.0,-123.54167655,46.87500375
0.0,38.12500305,66.45833865
0.0,-91.45834065,45.62500365
0.0,112.70834235,32.29166925
0.0,-98.54167455,48.95833725
0.0,56.45833785,54.79167105
0.0,-121.87500975,38.12500305
0.0,16.45833465,49.37500395
16.0,-121.04167635,37.29166965
64.0,-108.12500865,38.12500305
0.0,90.20834055,47.70833715
16.0,113.95834245,26.04166875
0.0,-48.12500385,63.12500505
20.0,-66.87500535,53.95833765
68.0,123.54167655,54.37500435
0.0,-68.54167215,56.04167115
67.0,-128.54167695,56.45833785
0.0,-98.95834125,32.29166925
26.0,41.87500335,40.20833655
20.0,108.95834205,50.20833735
12.0,87.29167365,63.95833845
2.0,-160.20834615,61.45833825
11.0,116.04167595,31.45833585
0.0,21.87500175,59.79167145
0.0,27.29166885,53.54167095
0.0,11.45833425,65.62500525
0.0,-78.95833965,25.62500205
0.0,-148.54167855,63.54167175
20.0,133.12501065,49.79167065
10.0,30.20833575,61.45833825
0.0,-9.79166745000001,51.45833745
0.0,98.54167455,25.62500205
44.0,-86.87500695,50.20833735
0.0,-1.04166675000002,54.37500435
7.0,3.12500025,43.12500345
0.0,23.12500185,-34.37500275
82.0,103.54167495,52.70833755
41.0,24.79166865,47.70833715
0.0,112.70834235,3.54166694999999
59.0,28.95833565,59.79167145
17.0,-118.12500945,52.70833755
22.0,10.20833415,63.54167175
9.0,86.04167355,51.04167075
4.0,97.29167445,27.70833555
0.0,9.37500075,39.79166985
0.0,96.45834105,31.45833585
0.0,37.70833635,59.79167145
0.0,-91.45834065,43.95833685
0.0,33.12500265,35.20833615
0.0,-135.62501085,56.87500455
16.0,-79.37500635,51.45833745
0.0,-154.79167905,70.62500565
3.0,159.79167945,63.54167175
0.0,128.12501025,51.45833745
0.0,26.45833545,51.04167075
0.0,10.20833415,44.79167025
0.0,42.70833675,66.45833865
0.0,106.04167515,12.29166765
0.0,3.95833364999999,45.62500365
0.0,-73.95833925,-43.95833685
0.0,-102.70834155,21.87500175
53.0,-113.12500905,55.20833775
3.0,141.04167795,58.54167135
0.0,-107.29167525,30.20833575
0.0,-8.12500065,71.04167235
15.0,-73.95833925,47.29167045
28.0,-76.45833945,36.04166955
19.0,38.54166975,57.70833795
14.0,-118.95834285,44.79167025
0.0,-69.79167225,-54.79167105
0.0,124.79167665,39.37500315
0.0,121.04167635,22.70833515
0.0,-87.29167365,48.54167055
9.0,158.12501265,56.87500455
8.0,-85.62500685,51.45833745
0.0,-90.62500725,43.12500345
100.0,13.95833445,61.04167155
0.0,-156.45834585,66.87500535
0.0,-75.62500605,43.12500345
0.0,-109.79167545,47.29167045
20.0,-108.54167535,38.12500305
22.0,21.04166835,66.04167195
0.0,109.79167545,21.45833505
6.0,95.62500765,51.45833745
11.0,-95.62500765,36.45833625
43.0,31.04166915,65.62500525
0.0,147.70834515,-37.29166965
28.0,45.20833695,63.54167175
85.0,-60.20833815,51.04167075
65.0,-77.29167285,50.62500405
96.0,-121.87500975,46.45833705
0.0,97.70834115,14.79166785
0.0,56.45833785,54.37500435
100.0,132.70834395,53.12500425
15.0,-141.04167795,65.62500525
0.0,8.54166734999998,48.12500385
0.0,-81.04167315,33.12500265
0.0,75.20833935,68.12500545
34.0,18.95833485,53.95833765
0.0,12.29166765,43.95833685
27.0,16.45833465,58.95833805
0.0,-76.87500615,56.45833785
0.0,-53.95833765,48.12500385
0.0,139.79167785,42.70833675
0.0,113.12500905,3.54166694999999
0.0,63.95833845,67.29167205
0.0,-43.95833685,61.87500495
87.0,54.79167105,61.04167155
17.0,-105.20834175,38.54166975
27.0,-89.37500715,55.62500445
20.0,-74.37500595,46.87500375
0.0,-95.62500765,17.29166805
10.0,103.12500825,30.62500245
0.0,-1.04166675000002,48.54167055
0.0,19.37500155,-34.79166945
0.0,133.12501065,36.87500295
0.0,18.95833485,-32.70833595
0.0,41.04166995,51.04167075
0.0,27.70833555,41.87500335
0.0,-79.37500635,47.70833715
5.0,31.87500255,56.87500455
20.0,104.79167505,53.95833765
28.0,30.20833575,59.37500475
100.0,-121.45834305,54.79167105
0.0,-17.70833475,65.62500525
0.0,-161.45834625,70.62500565
0.0,-5.20833375000001,36.87500295
0.0,-90.20834055,48.12500385
0.0,151.45834545,46.45833705
33.0,16.87500135,65.62500525
49.0,137.70834435,54.79167105
18.0,-66.45833865,53.95833765
0.0,-81.04167315,29.37500235
0.0,6.04166714999999,51.45833745
0.0,151.04167875,-22.29166845
0.0,-90.62500725,43.54167015
0.0,108.12500865,11.04166755
0.0,99.79167465,23.54166855
0.0,-72.70833915,6.04166714999999
0.0,26.87500215,59.79167145
0.0,110.20834215,34.37500275
4.0,38.54166975,53.95833765
0.0,86.45834025,52.70833755
0.0,33.95833605,45.20833695
0.0,36.45833625,69.37500555
0.0,55.62500445,55.62500445
0.0,11.04166755,50.62500405
3.0,83.54167335,57.70833795
0.0,-71.87500575,-41.45833665
9.0,108.54167535,27.29166885
0.0,100.20834135,18.95833485
0.0,-84.79167345,44.79167025
0.0,120.62500965,23.95833525
46.0,-84.37500675,32.70833595
0.0,156.87501255,62.70833835
12.0,126.45834345,39.79166985
0.0,56.45833785,61.04167155
85.0,23.54166855,56.87500455
3.0,110.62500885,33.54166935
0.0,-77.29167285,61.45833825
0.0,100.20834135,0.625000049999997
97.0,-117.70834275,53.12500425
0.0,-66.04167195,50.20833735
19.0,-83.12500665,42.29167005
0.0,49.79167065,54.37500435
22.0,-84.79167345,36.04166955
0.0,-114.37500915,42.29167005
0.0,101.45834145,26.45833545
0.0,27.70833555,41.04166995
0.0,2.70833354999999,46.87500375
0.0,16.87500135,49.79167065
0.0,13.54166775,53.54167095
8.0,118.54167615,41.45833665
0.0,-1.45833345,54.79167105
22.0,-6.04166715000002,43.54167015
0.0,151.45834545,-27.29166885
20.0,-99.37500795,21.45833505
45.0,31.87500255,68.54167215
0.0,-4.79166705,35.20833615
53.0,-81.87500655,50.62500405
29.0,-61.87500495,45.20833695
0.0,164.37501315,60.20833815
8.0,-145.20834495,66.45833865
0.0,109.79167545,18.95833485
0.0,-92.29167405,29.37500235
86.0,-123.95834325,50.20833735
0.0,34.79166945,62.29167165
0.0,-84.37500675,41.04166995
53.0,9.37500075,61.45833825
0.0,22.70833515,48.12500385
0.0,11.45833425,53.95833765
0.0,7.29166724999999,48.95833725
0.0,-151.45834545,61.87500495
28.0,55.20833775,60.20833815
27.0,62.29167165,61.04167155
0.0,16.04166795,56.04167115
0.0,-52.29167085,64.79167185
3.0,29.79166905,55.62500445
26.0,103.95834165,31.87500255
29.0,-73.12500585,48.54167055
0.0,-61.87500495,47.29167045
25.0,136.04167755,46.04167035
0.0,22.70833515,63.95833845
0.0,-76.87500615,58.95833805
36.0,-65.62500525,53.54167095
6.0,104.79167505,23.95833525
0.0,173.95834725,68.12500545
0.0,-132.70834395,54.79167105
0.0,-6.45833385,55.62500445
0.0,-90.20834055,29.79166905
0.0,129.37501035,41.04166995
0.0,100.62500805,51.45833745
0.0,93.12500745,27.70833555
0.0,115.62500925,31.87500255
0.0,10.62500085,61.87500495
18.0,-73.54167255,50.62500405
19.0,142.29167805,51.45833745
0.0,109.37500875,33.12500265
0.0,105.20834175,23.95833525
0.0,35.62500285,41.45833665
100.0,43.54167015,63.54167175
0.0,120.20834295,43.54167015
47.0,116.04167595,53.12500425
0.0,-68.54167215,-55.20833775
7.0,-94.37500755,46.87500375
0.0,108.54167535,19.37500155
0.0,115.62500925,32.70833595
34.0,-111.45834225,39.37500315
0.0,-129.37501035,57.29167125
78.0,-66.45833865,50.62500405
0.0,-117.70834275,55.62500445
4.0,-111.04167555,31.45833585
14.0,-56.45833785,49.79167065
0.0,-129.79167705,56.87500455
4.0,100.20834135,23.95833525
7.0,141.04167795,43.12500345
0.0,135.20834415,33.12500265
0.0,-152.70834555,68.54167215
0.0,-155.20834575,59.37500475
6.0,-73.54167255,51.45833745
0.0,-130.20834375,59.37500475
0.0,-3.12500025,58.12500465
0.0,-46.87500375,61.87500495
0.0,-112.70834235,35.20833615
46.0,123.12500985,52.29167085
0.0,13.95833445,44.79167025
0.0,-71.87500575,-40.62500325
0.0,145.20834495,-38.12500305
0.0,-151.45834545,59.79167145
3.0,31.45833585,63.54167175
0.0,-109.79167545,42.70833675
0.0,133.12501065,36.04166955
12.0,103.54167495,29.37500235
18.0,-145.62501165,67.29167205
43.0,29.37500235,65.20833855
12.0,122.70834315,50.20833735
0.0,44.37500355,57.70833795
10.0,-75.62500605,37.70833635
0.0,1.87500014999998,43.95833685
26.0,-82.29167325,52.29167085
26.0,96.04167435,56.87500455
0.0,31.04166915,50.62500405
18.0,-109.79167545,31.45833585
0.0,104.37500835,1.45833345
37.0,37.70833635,60.62500485
100.0,-120.20834295,55.20833775
45.0,95.62500765,50.62500405
8.0,-8.95833405000002,39.37500315
0.0,113.95834245,23.12500185
0.0,-7.29166725000002,40.62500325
18.0,132.70834395,55.62500445
12.0,-120.62500965,40.62500325
1.0,-71.04167235,52.70833755
0.0,118.12500945,4.79166705
75.0,-133.95834405,58.12500465
0.0,20.20833495,63.12500505
0.0,-3.12500025,51.04167075
34.0,96.04167435,57.29167125
36.0,-79.79167305,46.87500375
0.0,109.79167545,36.87500295
0.0,-81.87500655,36.87500295
0.0,102.70834155,11.87500095
18.0,68.12500545,65.20833855
0.0,41.45833665,61.45833825
26.0,-81.87500655,51.87500415
15.0,139.37501115,37.70833635
0.0,-159.79167945,60.20833815
21.0,-107.29167525,41.04166995
0.0,-82.29167325,49.37500395
20.0,105.20834175,49.79167065
14.0,-72.29167245,47.70833715
10.0,14.79166785,63.12500505
0.0,-153.12501225,60.20833815
0.0,156.04167915,50.20833735
0.0,28.12500225,53.54167095
0.0,46.04167035,53.54167095
25.0,99.37500795,27.29166885
0.0,-98.95834125,30.20833575
1.0,-67.70833875,52.29167085
0.0,-163.12501305,68.95833885
24.0,39.37500315,60.20833815
100.0,-121.04167635,46.87500375
0.0,77.70833955,68.54167215
39.0,8.12500064999998,48.12500385
0.0,-88.12500705,55.62500445
0.0,-153.12501225,60.62500485
0.0,160.20834615,58.12500465
0.0,131.87501055,47.70833715
0.0,-141.45834465,68.95833885
24.0,-91.87500735,33.95833605
0.0,77.29167285,70.62500565
7.0,-139.37501115,67.70833875
0.0,116.87500935,-0.625000049999997
0.0,-111.45834225,37.70833635
0.0,-76.87500615,50.20833735
0.0,0.208333349999975,48.12500385
0.0,123.54167655,48.54167055
0.0,104.37500835,-5.62500045
0.0,-109.37500875,38.54166975
0.0,-88.95834045,41.04166995
0.0,-161.87501295,68.95833885
16.0,-78.12500625,46.04167035
14.0,15.20833455,37.70833635
24.0,-82.70833995,53.95833765
0.0,56.87500455,67.29167205
35.0,8.95833404999999,55.62500445
0.0,130.62501045,31.04166915
0.0,-112.29167565,41.04166995
0.0,-162.29167965,59.79167145
0.0,-138.54167775,61.04167155
0.0,33.95833605,69.37500555
0.0,45.62500365,42.29167005
0.0,35.20833615,33.54166935
0.0,-138.95834445,66.45833865
4.0,124.79167665,41.45833665
0.0,41.87500335,66.87500535
0.0,-110.20834215,49.79167065
36.0,-84.37500675,32.29166925
12.0,170.20834695,64.37500515
15.0,-74.37500595,42.29167005
13.0,-90.62500725,52.70833755
0.0,-95.20834095,39.37500315
25.0,18.12500145,57.29167125
3.0,-72.70833915,51.45833745
27.0,-85.62500685,33.95833605
6.0,-77.70833955,38.54166975
0.0,-92.29167405,43.12500345
0.0,38.54166975,54.79167105
10.0,-112.29167565,44.79167025
0.0,161.04167955,55.20833775
77.0,-115.20834255,48.95833725
0.0,-160.62501285,70.20833895
0.0,-118.54167615,55.62500445
25.0,174.79168065,64.37500515
0.0,0.625000049999983,49.37500395
0.0,71.04167235,67.70833875
0.0,107.70834195,26.45833545
0.0,97.70834115,8.12500065
12.0,-112.70834235,45.62500365
0.0,27.29166885,36.87500295
63.0,14.79166785,62.29167165
0.0,-9.37500075,52.70833755
0.0,1.04166674999999,49.37500395
0.0,-95.62500765,33.95833605
6.0,-75.20833935,43.95833685
0.0,8.12500064999998,39.79166985
0.0,50.62500405,56.45833785
17.0,102.29167485,36.45833625
0.0,35.62500285,34.37500275
0.0,-141.04167795,61.87500495
68.0,-106.87500855,41.04166995
0.0,138.95834445,53.95833765
0.0,43.95833685,57.29167125
0.0,49.79167065,38.54166975
0.0,-75.62500605,38.95833645
0.0,-68.12500545,58.54167135
11.0,114.79167585,51.87500415
87.0,-118.54167615,57.29167125
0.0,-84.37500675,48.12500385
0.0,-90.62500725,39.37500315
59.0,96.87500775,59.79167145
0.0,120.62500965,38.54166975
0.0,23.12500185,38.95833645
0.0,143.12501145,-11.87500095
0.0,13.95833445,66.45833865
0.0,101.04167475,5.62500045
20.0,-93.95834085,49.79167065
7.0,-74.79167265,41.45833665
21.0,-62.70833835,45.20833695
37.0,-129.79167705,55.62500445
0.0,-125.20834335,58.54167135
10.0,14.37500115,58.95833805
0.0,43.54167015,53.54167095
0.0,-0.625000050000011,52.29167085
0.0,126.04167675,36.45833625
10.0,106.45834185,31.45833585
0.0,-87.29167365,39.79166985
3.0,-95.20834095,33.12500265
33.0,-66.04167195,52.70833755
47.0,-123.54167655,56.04167115
0.0,78.54167295,68.54167215
0.0,-97.29167445,33.54166935
23.0,118.95834285,28.54166895
0.0,22.70833515,68.95833885
0.0,108.54167535,34.79166945
15.0,-100.62500805,22.29166845
52.0,88.54167375,51.45833745
15.0,47.70833715,61.45833825
3.0,-158.12501265,62.70833835
0.0,-154.37501235,62.70833835
80.0,125.62501005,54.79167105
0.0,35.62500285,58.54167135
0.0,-156.45834585,57.70833795
0.0,135.62501085,36.45833625
0.0,129.79167705,31.45833585
0.0,-66.04167195,-54.37500435
0.0,13.12500105,43.54167015
0.0,98.54167455,22.29166845
2.0,121.04167635,41.87500335
0.0,-82.70833995,40.20833655
0.0,-91.45834065,35.20833615
67.0,92.29167405,63.12500505
14.0,-56.04167115,51.87500415
0.0,104.37500835,35.62500285
0.0,-19.37500155,63.95833845
0.0,-88.12500705,56.87500455
0.0,8.95833404999999,53.12500425
12.0,4.37500034999999,50.20833735
0.0,131.04167715,34.79166945
2.0,111.45834225,31.04166915
18.0,115.62500925,27.29166885
43.0,-86.45834025,51.04167075
0.0,113.95834245,23.54166855
68.0,18.54166815,53.54167095
29.0,56.87500455,63.95833845
0.0,159.79167945,54.37500435
0.0,106.04167515,26.87500215
0.0,-165.62501325,61.87500495
43.0,-106.04167515,41.04166995
38.0,-107.70834195,28.54166895
0.0,13.12500105,62.70833835
0.0,116.87500935,41.45833665
0.0,-153.54167895,58.12500465
67.0,41.87500335,65.62500525
0.0,-8.54166735000001,54.37500435
18.0,-109.37500875,30.20833575
0.0,33.95833605,69.79167225
31.0,66.04167195,58.12500465
0.0,3.95833364999999,47.29167045
20.0,118.95834285,51.87500415
0.0,42.70833675,58.12500465
42.0,58.54167135,59.37500475
0.0,-20.62500165,63.95833845
19.0,-87.29167365,49.79167065
0.0,121.45834305,30.20833575
0.0,85.62500685,53.12500425
0.0,60.20833815,67.29167205
11.0,118.12500945,25.20833535
0.0,22.70833515,71.04167235
10.0,106.87500855,32.29166925
100.0,-122.70834315,49.79167065
0.0,12.70833435,51.04167075
5.0,-133.95834405,63.95833845
0.0,24.37500195,55.20833775
11.0,165.20834655,62.70833835
0.0,-90.20834055,38.12500305
6.0,-111.45834225,38.12500305
20.0,124.37500995,52.70833755
0.0,54.79167105,67.70833875
0.0,-67.70833875,-55.62500445
0.0,0.208333349999975,46.45833705
69.0,-121.45834305,44.79167025
0.0,101.04167475,16.87500135
100.0,46.87500375,63.95833845
0.0,-153.95834565,67.70833875
0.0,43.95833685,53.12500425
0.0,12.70833435,41.04166995
0.0,114.37500915,30.62500245
0.0,47.29167045,39.37500315
0.0,-143.95834485,68.12500545
0.0,51.04167075,68.12500545
100.0,-68.12500545,50.20833735
0.0,96.87500775,19.79166825
0.0,-93.12500745,36.04166955
15.0,-92.29167405,56.45833785
0.0,-135.62501085,60.20833815
0.0,139.79167785,36.45833625
0.0,8.95833404999999,62.29167165
0.0,-71.04167235,41.45833665
0.0,-106.45834185,44.79167025
0.0,67.70833875,67.29167205
0.0,124.79167665,50.20833735
0.0,127.29167685,48.95833725
0.0,-83.12500665,42.70833675
0.0,-78.95833965,43.95833685
0.0,25.62500205,58.12500465
0.0,109.37500875,34.79166945
8.0,49.37500395,62.70833835
0.0,-93.12500745,61.45833825
100.0,-58.54167135,53.12500425
35.0,-93.54167415,47.29167045
0.0,6.45833385,51.87500415
0.0,161.04167955,56.04167115
29.0,-76.45833945,51.87500415
14.0,-124.37500995,58.12500465
0.0,-0.208333350000004,48.12500385
70.0,46.45833705,63.95833845
0.0,103.12500825,23.54166855
0.0,159.79167945,61.04167155
0.0,44.37500355,54.37500435
3.0,-105.20834175,20.62500165
17.0,-58.54167135,47.70833715
0.0,37.29166965,58.54167135
0.0,19.79166825,41.04166995
0.0,104.37500835,37.29166965
0.0,113.12500905,0.208333350000004
0.0,36.87500295,58.95833805
19.0,-96.04167435,31.87500255
0.0,108.54167535,39.37500315
11.0,87.70834035,51.45833745
0.0,-148.12501185,59.79167145
22.0,-56.45833785,53.54167095
0.0,-53.12500425,48.12500385
0.0,172.70834715,66.87500535
0.0,26.45833545,58.12500465
0.0,8.95833404999999,51.45833745
0.0,-73.12500585,41.87500335
0.0,120.62500965,48.12500385
0.0,-87.70834035,56.87500455
54.0,16.04166795,62.70833835
0.0,8.12500064999998,54.37500435
0.0,-106.04167515,41.87500335
0.0,21.87500175,51.87500415
0.0,-96.45834105,48.54167055
0.0,23.54166855,42.70833675
0.0,97.29167445,20.62500165
27.0,-22.70833515,66.04167195
0.0,-108.54167535,31.87500255
100.0,-126.45834345,55.20833775
0.0,-76.04167275,52.29167085
49.0,13.54166775,61.45833825
3.0,109.79167545,25.20833535
77.0,-121.04167635,47.29167045
0.0,107.70834195,31.87500255
0.0,-5.20833375000001,50.62500405
0.0,-4.79166705,43.95833685
15.0,19.37500155,50.20833735
0.0,19.37500155,44.37500355
0.0,101.87500815,48.54167055
41.0,-74.37500595,47.29167045
0.0,58.12500465,68.12500545
16.0,26.87500215,56.87500455
64.0,-134.79167745,62.70833835
36.0,25.20833535,68.12500545
15.0,-114.79167585,52.70833755
0.0,111.45834225,34.37500275
0.0,85.62500685,51.45833745
58.0,-127.70834355,57.70833795
0.0,-83.54167335,37.70833635
0.0,-7.70833395000002,43.95833685
0.0,23.12500185,58.54167135
0.0,112.29167565,33.12500265
0.0,107.70834195,-7.70833395
8.0,129.37501035,46.45833705
19.0,40.20833655,62.70833835
0.0,142.70834475,-34.37500275
0.0,58.95833805,55.62500445
11.0,-69.79167225,52.29167085
0.0,-23.95833525,71.04167235
20.0,51.04167075,64.79167185
0.0,100.62500805,36.87500295
0.0,176.87501415,62.29167165
2.0,96.87500775,28.54166895
46.0,138.12501105,47.70833715
14.0,-76.87500615,52.29167085
0.0,98.54167455,1.45833345
0.0,96.45834105,30.62500245
16.0,-112.70834235,37.29166965
100.0,-73.12500585,50.62500405
6.0,6.87500054999998,50.20833735
0.0,96.87500775,4.37500034999999
7.0,79.37500635,67.29167205
0.0,-155.62501245,64.79167185
8.0,135.62501085,33.95833605
0.0,104.79167505,18.95833485
0.0,-63.12500505,67.70833875
16.0,53.95833765,62.70833835
0.0,-78.12500625,52.70833755
0.0,-77.29167285,53.95833765
0.0,-131.04167715,62.29167165
39.0,26.45833545,67.29167205
11.0,-150.62501205,62.29167165
0.0,145.20834495,43.12500345
0.0,-111.87500895,35.62500285
45.0,40.20833655,65.20833855
0.0,74.37500595,61.45833825
12.0,-132.29167725,61.87500495
0.0,-161.04167955,60.62500485
0.0,-48.54167055,61.04167155
0.0,8.12500064999998,61.04167155
0.0,-83.95834005,36.45833625
0.0,103.12500825,24.37500195
0.0,6.45833385,53.12500425
27.0,-128.95834365,53.12500425
0.0,-105.20834175,32.70833595
29.0,40.62500325,63.12500505
19.0,-68.95833885,52.29167085
0.0,-93.95834085,36.87500295
0.0,-89.79167385,57.29167125
12.0,-74.37500595,43.95833685
36.0,40.62500325,60.20833815
0.0,-66.87500535,49.79167065
0.0,57.70833795,59.79167145
3.0,119.79167625,28.12500225
19.0,30.20833575,36.45833625
18.0,131.04167715,31.87500255
0.0,124.37500995,38.95833645
0.0,4.37500034999999,52.29167085
0.0,-89.79167385,36.45833625
0.0,99.37500795,12.29166765
100.0,-117.29167605,53.95833765
0.0,-67.70833875,58.95833805
0.0,-94.37500755,40.62500325
0.0,23.95833525,59.37500475
76.0,-86.87500695,52.70833755
4.0,23.12500185,37.70833635
41.0,-89.37500715,30.62500245
0.0,102.70834155,2.29166685
0.0,25.20833535,46.04167035
53.0,28.54166895,65.62500525
48.0,117.70834275,26.04166875
49.0,-88.12500705,31.45833585
7.0,-126.87501015,57.70833795
0.0,-76.87500615,37.70833635
0.0,110.20834215,19.37500155
100.0,-112.70834235,46.87500375
0.0,-115.20834255,52.70833755
0.0,-7.29166725000002,52.70833755
0.0,49.79167065,67.70833875
2.0,114.37500915,25.20833535
0.0,27.70833555,48.12500385
0.0,107.29167525,34.79166945
0.0,-50.62500405,63.95833845
0.0,133.12501065,48.54167055
20.0,96.04167435,60.20833815
2.0,-66.04167195,46.04167035
0.0,50.62500405,68.12500545
3.0,-77.70833955,46.45833705
0.0,-92.29167405,38.95833645
0.0,151.87501215,-28.54166895
0.0,121.87500975,41.87500335
0.0,-1.04166675000002,49.79167065
0.0,85.20834015,50.62500405
0.0,14.37500115,58.12500465
0.0,29.79166905,-31.45833585
0.0,-132.29167725,57.29167125
14.0,47.70833715,66.87500535
0.0,120.20834295,35.62500285
0.0,-126.87501015,58.12500465
0.0,-8.54166735000001,38.54166975
0.0,11.04166755,57.70833795
13.0,159.37501275,64.37500515
0.0,158.95834605,61.87500495
0.0,-150.62501205,68.54167215
0.0,161.87501295,54.79167105
0.0,136.87501095,53.95833765
0.0,-109.37500875,44.79167025
22.0,-85.20834015,48.12500385
0.0,8.95833404999999,47.70833715
20.0,28.95833565,55.62500445
41.0,-78.95833965,35.20833615
20.0,125.20834335,52.70833755
40.0,110.20834215,50.20833735
0.0,107.29167525,31.04166915
0.0,138.12501105,-32.29166925
0.0,-79.37500635,36.45833625
12.0,91.45834065,52.29167085
0.0,-53.54167095,66.04167195
0.0,107.70834195,33.12500265
0.0,148.54167855,-32.70833595
90.0,-119.37500955,51.04167075
8.0,45.62500365,59.79167145
47.0,-123.54167655,45.20833695
10.0,-98.95834125,18.12500145
22.0,-83.12500665,53.12500425
6.0,-78.12500625,45.20833695
0.0,3.54166694999998,46.87500375
29.0,44.79167025,56.45833785
0.0,-75.20833935,40.62500325
0.0,120.20834295,14.79166785
0.0,8.54166734999998,46.45833705
20.0,140.20834455,36.87500295
100.0,-105.62500845,40.62500325
5.0,156.04167915,56.04167115
0.0,57.70833795,60.62500485
0.0,-62.29167165,54.79167105
0.0,-96.04167435,39.37500315
0.0,139.79167785,-36.45833625
20.0,97.29167445,51.04167075
0.0,-129.37501035,55.62500445
0.0,151.04167875,-33.95833605
0.0,-67.70833875,48.95833725
0.0,-157.70834595,63.12500505
0.0,23.54166855,47.70833715
0.0,83.95834005,50.62500405
0.0,157.29167925,53.54167095
7.0,133.12501065,50.62500405
16.0,11.45833425,50.62500405
0.0,-107.70834195,30.62500245
10.0,-104.79167505,39.37500315
0.0,-83.54167335,38.12500305
20.0,123.12500985,49.37500395
79.0,29.37500235,60.20833815
0.0,163.54167975,-20.20833495
0.0,137.70834435,-32.70833595
0.0,153.12501225,-25.62500205
0.0,-118.95834285,38.54166975
0.0,-93.54167415,46.87500375
0.0,-63.95833845,57.70833795
40.0,36.87500295,50.20833735
3.0,-98.54167455,49.37500395
0.0,98.54167455,16.45833465
0.0,-79.37500635,42.70833675
0.0,-157.29167925,65.62500525
0.0,31.45833585,61.04167155
6.0,176.45834745,65.20833855
16.0,-111.45834225,41.45833665
0.0,-21.45833505,64.79167185
0.0,-87.70834035,43.95833685
34.0,46.87500375,66.45833865
28.0,-58.12500465,51.87500415
0.0,-8.12500065,41.45833665
9.0,116.87500935,27.29166885
0.0,46.45833705,67.70833875
0.0,174.37501395,64.79167185
38.0,13.95833445,58.12500465
100.0,-128.12501025,60.62500485
23.0,-100.20834135,52.29167085
0.0,105.62500845,-6.04166715000001
9.0,134.37501075,44.79167025
9.0,118.12500945,36.45833625
0.0,76.87500615,59.37500475
44.0,135.62501085,53.54167095
0.0,-8.54166735000001,41.04166995
2.0,127.29167685,52.29167085
46.0,23.95833525,51.87500415
45.0,-124.37500995,48.12500385
0.0,16.87500135,54.37500435
0.0,4.79166705,51.87500415
0.0,134.37501075,48.54167055
25.0,-83.95834005,51.45833745
0.0,-68.12500545,-55.62500445
0.0,120.62500965,44.79167025
0.0,-13.95833445,65.20833855
38.0,30.20833575,61.87500495
8.0,131.45834385,48.95833725
0.0,-82.29167325,27.29166885
100.0,58.95833805,59.79167145
0.0,115.62500925,3.54166694999999
0.0,-48.54167055,63.95833845
0.0,140.62501125,42.29167005
0.0,-117.70834275,43.95833685
0.0,-138.95834445,61.04167155
0.0,35.20833615,58.95833805
0.0,105.62500845,24.37500195
66.0,6.87500054999998,58.54167135
23.0,23.54166855,42.29167005
0.0,36.87500295,41.45833665
0.0,136.04167755,44.37500355
29.0,-93.54167415,35.62500285
0.0,35.62500285,52.70833755
26.0,-71.87500575,48.12500385
0.0,21.87500175,49.79167065
100.0,-133.95834405,61.04167155
18.0,-98.12500785,18.54166815
0.0,121.87500975,23.95833525
0.0,103.95834165,29.79166905
0.0,-46.87500375,61.45833825
0.0,-93.95834085,36.04166955
13.0,111.45834225,37.70833635
0.0,-71.87500575,46.45833705
12.0,-83.95834005,31.45833585
7.0,-1.04166675000002,41.87500335
0.0,118.54167615,-2.70833355000001
0.0,147.70834515,-38.12500305
0.0,13.95833445,48.12500385
0.0,98.12500785,24.79166865
0.0,112.70834235,2.70833354999999
26.0,-78.54167295,51.04167075
0.0,-99.79167465,31.04166915
0.0,-71.45833905,-43.54167015
0.0,115.62500925,5.20833374999999
14.0,-118.54167615,53.12500425
0.0,80.20833975,29.79166905
0.0,18.95833485,57.70833795
0.0,148.12501185,59.37500475
0.0,158.12501265,62.29167165
0.0,-74.37500595,47.70833715
0.0,106.04167515,12.70833435
100.0,-70.62500565,51.45833745
7.0,-154.79167905,60.20833815
0.0,23.54166855,68.54167215
0.0,109.37500875,20.62500165
0.0,31.45833585,41.87500335
0.0,-96.87500775,18.54166815
48.0,-81.45833985,28.95833565
46.0,-80.62500645,50.20833735
0.0,-159.37501275,68.95833885
23.0,119.79167625,26.45833545
21.0,40.20833655,43.95833685
0.0,-92.70834075,41.45833665
0.0,-16.87500135,65.62500525
0.0,19.79166825,51.04167075
0.0,-91.45834065,46.87500375
0.0,-83.54167335,48.95833725
4.0,171.87501375,63.95833845
23.0,-90.62500725,15.62500125
0.0,122.29167645,36.87500295
0.0,-80.62500645,52.70833755
29.0,58.95833805,56.87500455
100.0,-91.87500735,51.45833745
15.0,-98.12500785,30.20833575
0.0,-4.79166705,56.04167115
20.0,128.95834365,54.79167105
0.0,-75.20833935,37.29166965
67.0,-76.87500615,48.95833725
13.0,-78.54167295,48.12500385
0.0,60.20833815,58.12500465
0.0,121.87500975,0.208333350000004
8.0,-159.79167945,63.12500505
17.0,5.20833374999998,52.29167085
0.0,21.45833505,55.20833775
0.0,9.79166744999998,46.45833705
27.0,-116.04167595,51.04167075
0.0,144.37501155,59.37500475
20.0,105.20834175,54.37500435
0.0,116.45834265,5.62500045
0.0,-136.87501095,65.20833855
46.0,94.79167425,53.12500425
0.0,-6.87500055000001,52.29167085
0.0,33.12500265,42.29167005
0.0,-93.54167415,42.29167005
0.0,12.29166765,55.20833775
46.0,-71.45833905,48.95833725
24.0,73.95833925,61.45833825
52.0,23.54166855,53.12500425
8.0,98.95834125,53.12500425
0.0,115.20834255,6.04166714999999
0.0,-75.62500605,44.37500355
100.0,-130.20834375,60.20833815
26.0,-66.04167195,44.37500355
0.0,-7.70833395000002,37.29166965
20.0,-63.95833845,53.54167095
0.0,8.54166734999998,58.12500465
8.0,175.62501405,64.79167185
20.0,66.04167195,66.04167195
18.0,-87.29167365,33.95833605
0.0,-72.29167245,-35.20833615
0.0,-124.79167665,58.12500465
0.0,16.04166795,43.95833685
85.0,126.04167675,55.62500445
0.0,29.37500235,62.29167165
0.0,101.45834145,-0.208333350000004
0.0,120.20834295,37.70833635
34.0,-122.70834315,48.54167055
20.0,-56.45833785,50.62500405
0.0,21.45833505,45.62500365
17.0,114.37500915,51.87500415
0.0,-82.70833995,54.79167105
0.0,48.12500385,54.79167105
0.0,32.29166925,56.45833785
0.0,38.95833645,50.62500405
0.0,26.45833545,70.20833895
47.0,-90.62500725,31.04166915
100.0,-92.70834075,52.29167085
5.0,-77.29167285,36.04166955
46.0,-81.04167315,34.79166945
0.0,-104.79167505,20.20833495
0.0,-98.12500785,48.12500385
0.0,-2.70833355000002,53.95833765
6.0,-60.62500485,54.37500435
0.0,159.37501275,58.54167135
1.0,-57.70833795,48.12500385
18.0,13.54166775,63.54167175
0.0,39.37500315,53.12500425
0.0,123.12500985,-31.87500255
0.0,48.95833725,69.37500555
60.0,-123.54167655,47.29167045
0.0,26.87500215,55.62500445
0.0,7.29166724999999,52.29167085
0.0,-63.54167175,44.37500355
47.0,53.12500425,59.79167145
27.0,-157.70834595,65.20833855
20.0,123.95834325,53.12500425
0.0,21.45833505,44.37500355
0.0,124.79167665,49.37500395
3.0,-68.95833885,48.95833725
0.0,9.37500075,57.70833795
19.0,126.87501015,39.79166985
52.0,-70.62500565,53.54167095
0.0,57.29167125,67.70833875
0.0,-154.37501235,69.37500555
0.0,43.95833685,42.70833675
0.0,25.20833535,52.70833755
0.0,1.45833345,38.54166975
0.0,-74.37500595,60.20833815
33.0,113.54167575,25.20833535
100.0,-123.54167655,43.95833685
0.0,36.87500295,-18.12500145
23.0,29.79166905,60.62500485
0.0,43.12500345,61.87500495
100.0,-70.20833895,51.04167075
0.0,6.45833385,61.87500495
8.0,-163.95834645,66.45833865
0.0,-81.45833985,53.54167095
31.0,-116.45834265,49.37500395
0.0,130.62501045,37.70833635
15.0,135.62501085,51.45833745
0.0,112.29167565,29.37500235
0.0,-143.54167815,68.12500545
0.0,118.95834285,1.04166675
0.0,-88.95834045,38.54166975
0.0,16.45833465,67.29167205
16.0,-78.95833965,47.29167045
0.0,-153.12501225,62.29167165
47.0,-83.12500665,30.62500245
20.0,128.12501025,51.87500415
14.0,157.29167925,61.87500495
28.0,45.62500365,42.70833675
20.0,88.12500705,63.12500505
67.0,109.37500875,56.45833785
37.0,-114.79167585,50.20833735
21.0,-110.20834215,33.95833605
0.0,105.62500845,19.79166825
7.0,-85.62500685,42.29167005
0.0,107.70834195,29.79166905
10.0,26.04166875,58.12500465
46.0,121.04167635,53.95833765
0.0,116.04167595,42.29167005
4.0,26.04166875,66.04167195
0.0,-130.62501045,61.04167155
0.0,-94.79167425,36.04166955
0.0,-96.45834105,49.79167065
34.0,-135.62501085,57.29167125
0.0,30.20833575,57.29167125
0.0,22.29166845,54.79167105
0.0,97.29167445,3.54166694999999
5.0,116.04167595,56.87500455
0.0,-108.95834205,47.70833715
15.0,59.37500475,58.54167135
0.0,7.70833395,46.04167035
77.0,-83.54167335,50.20833735
0.0,101.04167475,35.62500285
2.0,102.29167485,30.62500245
9.0,1.04166674999999,41.45833665
97.0,-91.87500735,51.87500415
0.0,148.12501185,-8.12500065
0.0,-5.20833375000001,48.54167055
17.0,29.37500235,68.54167215
0.0,-86.87500695,43.12500345
39.0,-108.12500865,26.87500215
20.0,109.37500875,52.70833755
0.0,31.87500255,45.62500365
0.0,52.70833755,56.04167115
0.0,-47.70833715,61.04167155
4.0,102.70834155,22.29166845
34.0,-75.62500605,48.95833725
0.0,-86.04167355,36.45833625
0.0,47.29167045,56.45833785
0.0,15.62500125,43.54167015
0.0,108.95834205,20.20833495
0.0,132.70834395,36.45833625
0.0,91.87500735,27.70833555
41.0,29.37500235,63.12500505
23.0,156.04167915,55.20833775
0.0,26.45833545,-33.54166935
0.0,7.29166724999999,58.95833805
63.0,11.45833425,61.45833825
0.0,163.12501305,62.29167165
0.0,101.87500815,22.70833515
0.0,-71.04167235,-38.12500305
0.0,-72.70833915,61.45833825
85.0,13.54166775,57.70833795
6.0,109.37500875,26.45833545
3.0,131.45834385,46.45833705
20.0,118.12500945,51.87500415
26.0,2.70833354999999,42.29167005
13.0,74.79167265,64.79167185
19.0,63.95833845,58.12500465
0.0,-8.54166735000001,41.87500335
4.0,123.54167655,49.79167065
0.0,153.12501225,-26.45833545
0.0,-91.45834065,16.45833465
11.0,31.45833585,67.70833875
37.0,29.79166905,65.20833855
0.0,158.54167935,63.12500505
15.0,-155.62501245,64.37500515
0.0,99.37500795,26.87500215
0.0,-98.95834125,24.79166865
5.0,65.20833855,57.29167125
0.0,-164.37501315,63.54167175
21.0,119.37500955,30.20833575
0.0,100.62500805,21.45833505
5.0,130.62501045,43.12500345
100.0,-128.95834365,60.62500485
0.0,-96.04167435,34.79166945
26.0,58.54167135,57.29167125
11.0,67.70833875,66.45833865
51.0,23.95833525,51.45833745
20.0,16.04166795,65.20833855
0.0,41.45833665,53.95833765
0.0,-55.62500445,47.70833715
0.0,-69.37500555,45.62500365
0.0,-101.45834145,21.45833505
0.0,7.70833395,43.54167015
0.0,79.79167305,29.79166905
21.0,113.12500905,24.79166865
24.0,97.70834115,28.12500225
37.0,31.04166915,61.87500495
0.0,-8.95833405000002,37.70833635
0.0,-75.20833935,45.20833695
67.0,-134.37501075,57.70833795
0.0,103.95834165,38.12500305
0.0,-154.37501235,69.79167225
90.0,-88.54167375,51.04167075
0.0,1.04166674999999,43.12500345
0.0,-68.54167215,45.20833695
0.0,18.95833485,54.79167105
0.0,-132.70834395,57.70833795
0.0,140.20834455,49.79167065
0.0,16.87500135,53.95833765
0.0,-5.62500045000002,40.20833655
0.0,-102.29167485,22.29166845
4.0,14.79166785,68.54167215
0.0,-90.20834055,46.45833705
20.0,22.70833515,66.04167195
0.0,33.54166935,58.95833805
0.0,30.62500245,48.95833725
0.0,114.79167585,28.95833565
0.0,133.95834405,46.45833705
0.0,-88.12500705,42.29167005
0.0,141.45834465,45.20833695
11.0,-73.95833925,43.95833685
0.0,-155.62501245,58.54167135
0.0,133.12501065,33.95833605
6.0,-97.70834115,19.37500155
0.0,129.79167705,33.95833605
0.0,-164.37501315,66.87500535
4.0,-131.87501055,56.45833785
97.0,-122.29167645,52.70833755
0.0,-138.12501105,60.62500485
0.0,-109.37500875,46.45833705
0.0,-73.95833925,-41.87500335
79.0,-58.54167135,51.45833745
0.0,-152.70834555,63.12500505
0.0,37.29166965,52.70833755
0.0,-78.95833965,62.29167165
0.0,110.20834215,26.45833545
0.0,21.45833505,46.87500375
0.0,104.37500835,22.29166845
0.0,-8.54166735000001,54.79167105
0.0,84.79167345,50.20833735
0.0,151.87501215,47.29167045
0.0,11.04166755,49.79167065
0.0,-19.79166825,65.20833855
17.0,-65.20833855,44.79167025
0.0,104.37500835,9.79166744999999
0.0,-156.87501255,69.79167225
6.0,12.29166765,62.70833835
47.0,94.37500755,54.37500435
0.0,-1.45833345,41.87500335
0.0,109.37500875,31.04166915
0.0,126.04167675,53.12500425
67.0,111.45834225,55.20833775
1.0,105.62500845,53.12500425
0.0,12.29166765,45.62500365
0.0,115.62500925,1.87500014999999
0.0,-95.20834095,33.54166935
1.0,-98.95834125,22.70833515
42.0,-92.70834075,31.87500255
0.0,-9.79166745000001,51.87500415
7.0,-88.54167375,49.37500395
0.0,-75.62500605,56.45833785
0.0,107.29167525,33.12500265
0.0,-91.45834065,37.29166965
0.0,110.62500885,31.87500255
28.0,89.37500715,51.45833745
0.0,28.54166895,53.54167095
0.0,8.95833404999999,56.87500455
0.0,57.70833795,55.62500445
7.0,-67.29167205,48.12500385
0.0,12.29166765,45.20833695
3.0,95.62500765,28.95833565
100.0,138.54167775,48.12500385
23.0,-92.70834075,33.54166935
0.0,100.62500805,4.79166705
11.0,6.45833385,50.62500405
100.0,-136.04167755,57.70833795
8.0,-72.29167245,42.29167005
0.0,145.62501165,-17.70833475
0.0,132.29167725,42.70833675
0.0,18.95833485,53.54167095
20.0,-83.95834005,33.95833605
0.0,108.12500865,34.37500275
53.0,-111.87500895,35.20833615
0.0,37.70833635,55.62500445
0.0,41.87500335,53.54167095
0.0,108.95834205,29.79166905
0.0,76.04167275,67.70833875
0.0,79.37500635,68.95833885
87.0,-128.95834365,55.62500445
0.0,7.70833395,39.37500315
0.0,2.70833354999999,47.29167045
12.0,53.12500425,59.37500475
0.0,-85.62500685,36.45833625
10.0,-157.29167925,66.87500535
0.0,-82.29167325,31.87500255
0.0,-54.79167105,48.95833725
0.0,102.29167485,23.54166855
0.0,-92.29167405,44.37500355
0.0,-128.95834365,57.29167125
20.0,96.04167435,53.12500425
0.0,116.04167595,-35.20833615
0.0,8.54166734999998,49.37500395
0.0,-87.29167365,36.87500295
0.0,109.37500875,17.70833475
16.0,95.62500765,51.87500415
97.0,129.37501035,54.79167105
0.0,-53.12500425,46.45833705
18.0,130.62501045,33.12500265
0.0,27.29166885,71.45833905
0.0,-72.29167245,60.62500485
22.0,24.37500195,56.04167115
0.0,13.12500105,40.62500325
0.0,108.54167535,29.79166905
0.0,156.45834585,56.87500455
0.0,39.79166985,56.45833785
34.0,23.95833525,61.45833825
0.0,146.45834505,-32.70833595
0.0,139.37501115,38.95833645
28.0,-76.04167275,48.95833725
38.0,-111.45834225,38.95833645
0.0,13.54166775,53.95833765
0.0,33.95833605,56.04167115
18.0,-81.87500655,49.79167065
0.0,-113.12500905,44.37500355
2.0,102.70834155,25.62500205
3.0,-78.12500625,37.70833635
0.0,-83.12500665,31.45833585
0.0,9.37500075,54.79167105
0.0,-104.79167505,41.45833665
100.0,-118.95834285,54.37500435
0.0,112.70834235,3.12500025
0.0,-138.95834445,66.04167195
63.0,122.70834315,52.70833755
0.0,144.79167825,58.95833805
0.0,101.87500815,16.04166795
17.0,76.04167275,57.70833795
0.0,7.70833395,52.70833755
0.0,36.04166955,49.37500395
0.0,-86.87500695,37.70833635
14.0,-8.95833405000002,38.95833645
53.0,-130.20834375,56.87500455
0.0,106.45834185,11.87500095
23.0,102.70834155,31.45833585
20.0,96.45834105,51.45833745
10.0,-145.62501165,66.45833865
0.0,119.79167625,-30.62500245
0.0,6.04166714999999,59.37500475
0.0,-65.20833855,53.95833765
0.0,-160.62501285,66.45833865
34.0,12.70833435,66.04167195
0.0,-126.45834345,56.04167115
1.0,176.04168075,65.62500525
0.0,20.20833495,43.54167015
35.0,18.12500145,59.79167145
8.0,99.79167465,25.62500205
0.0,-77.70833955,0.208333350000004
0.0,-119.79167625,47.70833715
6.0,-96.87500775,18.12500145
67.0,-71.87500575,51.04167075
0.0,-101.04167475,28.95833565
0.0,-131.45834385,58.54167135
4.0,31.04166915,-27.70833555
0.0,10.62500085,55.62500445
0.0,11.87500095,38.12500305
0.0,33.95833605,62.70833835
18.0,114.37500915,28.54166895
18.0,138.54167775,51.04167075
0.0,17.70833475,51.04167075
49.0,46.45833705,66.45833865
0.0,-0.625000050000011,49.37500395
10.0,-78.12500625,39.37500315
0.0,98.54167455,15.20833455
14.0,-116.45834265,48.95833725
4.0,-8.95833405000002,43.12500345
0.0,-80.62500645,29.37500235
0.0,124.79167665,48.95833725
0.0,-97.29167445,32.29166925
0.0,114.37500915,-8.12500065
75.0,14.79166785,60.20833815
0.0,6.04166714999999,51.87500415
0.0,21.45833505,45.20833695
0.0,-88.12500705,43.95833685
0.0,120.20834295,-30.62500245
0.0,38.95833645,57.29167125
0.0,-99.79167465,33.12500265
0.0,-69.37500555,46.87500375
27.0,142.29167805,59.37500475
93.0,-132.29167725,53.54167095
3.0,138.12501105,53.12500425
0.0,92.70834075,28.12500225
0.0,-119.37500955,41.04166995
0.0,7.70833395,50.20833735
0.0,-84.79167345,40.20833655
0.0,153.12501225,-26.04166875
16.0,40.20833655,40.62500325
0.0,31.04166915,49.79167065
0.0,-99.79167465,21.04166835
28.0,-64.79167185,44.79167025
0.0,-70.62500565,51.87500415
0.0,4.79166705,51.45833745
29.0,96.04167435,60.62500485
20.0,136.87501095,36.87500295
0.0,101.04167475,14.37500115
0.0,-2.70833355000002,48.54167055
0.0,20.62500165,60.20833815
21.0,103.54167495,34.37500275
0.0,-93.12500745,40.20833655
39.0,36.04166955,63.95833845
0.0,-107.70834195,42.29167005
0.0,43.54167015,53.95833765
0.0,96.87500775,21.87500175
22.0,143.54167815,61.04167155
0.0,138.95834445,54.79167105
0.0,108.95834205,19.37500155
0.0,-96.04167435,41.45833665
67.0,-117.29167605,49.79167065
0.0,110.20834215,38.95833645
10.0,-90.62500725,34.37500275
0.0,5.20833374999998,49.37500395
19.0,134.37501075,50.62500405
0.0,-84.37500675,51.04167075
19.0,-122.70834315,53.95833765
37.0,-85.20834015,33.54166935
58.0,-81.45833985,50.62500405
0.0,127.29167685,41.45833665
15.0,-7.70833395000002,42.29167005
20.0,111.45834225,50.20833735
0.0,58.95833805,57.29167125
20.0,-153.95834565,61.04167155
0.0,140.20834455,48.54167055
13.0,-99.79167465,17.70833475
0.0,8.95833404999999,42.70833675
0.0,-111.04167555,42.29167005
0.0,-4.37500035000002,43.95833685
23.0,101.04167475,26.04166875
25.0,140.20834455,53.95833765
0.0,-106.04167515,44.79167025
0.0,-61.87500495,45.62500365
27.0,106.87500855,31.87500255
10.0,71.04167235,65.62500525
0.0,33.12500265,60.20833815
17.0,11.04166755,61.87500495
0.0,41.04166995,66.45833865
20.0,129.37501035,41.87500335
0.0,38.95833645,53.54167095
19.0,127.70834355,38.12500305
19.0,135.20834415,52.70833755
0.0,28.54166895,51.87500415
0.0,-81.87500655,53.54167095
0.0,-81.45833985,36.87500295
0.0,172.29168045,68.12500545
18.0,-94.79167425,50.62500405
0.0,-86.87500695,38.95833645
22.0,19.37500155,64.79167185
0.0,-3.54166695000001,35.20833615
0.0,-58.95833805,54.37500435
0.0,23.95833525,59.79167145
0.0,55.20833775,57.29167125
0.0,1.87500014999998,43.54167015
0.0,-139.79167785,66.45833865
0.0,-153.12501225,59.79167145
11.0,40.20833655,56.04167115
29.0,59.79167145,55.62500445
0.0,50.20833735,56.04167115
92.0,-122.29167645,43.12500345
0.0,99.79167465,35.20833615
0.0,19.79166825,48.12500385
0.0,17.29166805,68.95833885
0.0,-80.20833975,45.62500365
43.0,-85.20834015,32.29166925
0.0,111.87500895,34.37500275
0.0,18.95833485,44.79167025
67.0,-137.29167765,62.70833835
0.0,41.04166995,67.29167205
0.0,-159.37501275,67.29167205
0.0,57.29167125,66.87500535
0.0,16.87500135,44.79167025
12.0,38.54166975,61.45833825
0.0,-80.20833975,42.29167005
7.0,39.37500315,55.62500445
18.0,136.87501095,36.04166955
0.0,-81.04167315,38.95833645
0.0,55.20833775,55.62500445
0.0,-93.54167415,53.12500425
100.0,58.54167135,61.87500495
25.0,-91.45834065,15.20833455
0.0,11.04166755,65.62500525
7.0,-71.04167235,43.12500345
0.0,42.29167005,38.12500305
21.0,126.04167675,57.29167125
0.0,-68.95833885,49.37500395
0.0,-66.04167195,43.54167015
0.0,-101.04167475,30.62500245
18.0,-92.70834075,34.79166945
100.0,-115.62500925,49.37500395
0.0,153.12501225,-29.37500235
35.0,128.12501025,53.54167095
0.0,126.04167675,42.29167005
15.0,-100.62500805,23.12500185
20.0,108.95834205,49.37500395
0.0,1.87500014999998,46.04167035
0.0,-155.62501245,68.12500545
0.0,38.12500305,51.04167075
0.0,41.04166995,66.04167195
0.0,7.70833395,56.45833785
0.0,2.29166684999998,41.87500335
0.0,97.70834115,11.04166755
5.0,130.20834375,43.12500345
0.0,51.87500415,59.79167145
25.0,23.54166855,62.29167165
74.0,-106.45834185,54.79167105
0.0,141.45834465,40.62500325
0.0,99.79167465,19.79166825
0.0,13.54166775,49.79167065
0.0,6.87500054999998,48.95833725
0.0,-91.04167395,43.54167015
0.0,-139.79167785,66.04167195
0.0,-137.70834435,61.87500495
20.0,135.62501085,51.87500415
16.0,-93.12500745,48.54167055
0.0,-69.37500555,45.20833695
0.0,118.54167615,38.95833645
49.0,113.95834245,24.37500195
0.0,55.62500445,59.37500475
15.0,50.62500405,64.37500515
85.0,-94.79167425,51.45833745
0.0,170.62501365,66.87500535
0.0,41.87500335,50.62500405
0.0,157.70834595,52.70833755
0.0,33.54166935,58.54167135
0.0,-97.29167445,30.20833575
0.0,98.54167455,11.87500095
0.0,-141.87501135,62.29167165
24.0,26.45833545,68.95833885
100.0,-119.37500955,54.37500435
0.0,98.12500785,3.12500025
0.0,155.62501245,55.62500445
0.0,-79.37500635,51.87500415
0.0,96.87500775,2.29166685
8.0,102.70834155,35.62500285
14.0,132.29167725,55.62500445
18.0,-120.20834295,46.87500375
0.0,24.37500195,-33.95833605
0.0,44.37500355,66.87500535
51.0,48.95833725,65.20833855
0.0,-163.12501305,67.29167205
3.0,-83.12500665,36.45833625
30.0,28.12500225,65.62500525
20.0,-119.37500955,54.79167105
0.0,29.79166905,47.70833715
0.0,-115.20834255,39.37500315
0.0,10.20833415,54.37500435
28.0,153.12501225,61.45833825
0.0,2.29166684999998,51.04167075
20.0,-95.20834095,49.37500395
0.0,-1.45833345,48.12500385
0.0,18.12500145,51.45833745
20.0,137.70834435,57.70833795
0.0,137.70834435,53.95833765
0.0,98.54167455,2.29166685
0.0,24.79166865,59.79167145
0.0,50.62500405,58.54167135
18.0,-56.04167115,51.45833745
51.0,26.04166875,66.45833865
0.0,-4.79166705,35.62500285
11.0,-80.62500645,26.45833545
0.0,161.87501295,54.37500435
0.0,14.37500115,52.29167085
0.0,106.04167515,10.62500085
10.0,126.45834345,41.04166995
0.0,9.79166744999998,58.12500465
7.0,108.95834205,33.54166935
0.0,151.45834545,-25.62500205
17.0,-116.87500935,42.70833675
18.0,-77.70833955,51.04167075
19.0,49.79167065,66.45833865
54.0,129.79167705,53.54167095
53.0,18.95833485,66.87500535
0.0,19.79166825,67.70833875
0.0,-105.62500845,26.04166875
100.0,-118.54167615,51.87500415
31.0,101.45834145,29.79166905
0.0,136.45834425,37.70833635
0.0,-135.62501085,60.62500485
0.0,39.37500315,59.79167145
0.0,105.62500845,23.54166855
0.0,-5.20833375000001,39.79166985
0.0,38.95833645,59.37500475
46.0,-60.62500485,50.62500405
13.0,128.12501025,36.45833625
0.0,24.37500195,45.20833695
11.0,-117.70834275,47.70833715
7.0,99.79167465,28.54166895
0.0,23.12500185,43.12500345
0.0,-116.45834265,38.95833645
0.0,-143.12501145,69.79167225
8.0,-70.62500565,48.54167055
7.0,-76.87500615,38.95833645
0.0,-5.62500045000002,41.87500335
7.0,73.95833925,65.62500525
0.0,22.29166845,61.04167155
0.0,123.95834325,42.29167005
0.0,25.62500205,49.37500395
0.0,37.29166965,44.37500355
0.0,41.45833665,40.20833655
0.0,-156.04167915,64.79167185
4.0,166.45834665,64.79167185
100.0,-123.12500985,51.87500415
0.0,-109.79167545,46.87500375
3.0,138.12501105,56.87500455
0.0,108.12500865,15.62500125
0.0,125.20834335,44.37500355
0.0,24.37500195,40.62500325
4.0,121.04167635,44.79167025
0.0,11.45833425,48.54167055
1.0,-82.70833995,38.54166975
0.0,-50.20833735,64.37500515
0.0,85.20834015,49.79167065
0.0,-5.62500045000002,36.04166955
0.0,136.04167755,55.20833775
0.0,43.12500345,61.45833825
0.0,-61.87500495,46.87500375
1.0,-91.04167395,33.12500265
19.0,19.79166825,66.45833865
0.0,104.79167505,11.45833425
0.0,4.37500034999999,52.70833755
0.0,98.54167455,19.79166825
0.0,-111.87500895,55.20833775
8.0,108.95834205,33.12500265
1.0,-75.62500605,39.37500315
0.0,-79.79167305,40.62500325
19.0,69.79167225,65.62500525
8.0,102.29167485,28.54166895
23.0,-101.04167475,19.79166825
0.0,160.20834615,61.04167155
0.0,-80.20833975,43.95833685
0.0,26.87500215,57.29167125
6.0,-94.37500755,35.62500285
0.0,-151.87501215,65.62500525
21.0,64.79167185,66.45833865
0.0,-88.12500705,47.70833715
0.0,33.12500265,63.12500505
0.0,126.04167675,42.70833675
0.0,28.54166895,51.45833745
1.0,98.95834125,30.62500245
0.0,8.12500064999998,54.79167105
0.0,-127.29167685,56.04167115
27.0,123.12500985,48.95833725
17.0,143.12501145,59.79167145
47.0,120.20834295,28.12500225
0.0,109.79167545,36.04166955
0.0,-81.87500655,53.95833765
0.0,9.79166744999998,58.95833805
16.0,143.54167815,46.45833705
0.0,24.37500195,69.37500555
0.0,21.04166835,51.04167075
26.0,35.62500285,68.12500545
0.0,24.79166865,57.29167125
2.0,110.20834215,33.12500265
0.0,-76.45833945,51.45833745
0.0,39.79166985,41.45833665
23.0,36.45833625,62.70833835
0.0,55.20833775,59.37500475
0.0,-62.70833835,50.20833735
49.0,-81.87500655,33.95833605
0.0,-62.29167165,57.70833795
0.0,-90.20834055,32.70833595
77.0,9.37500075,63.54167175
59.0,-123.54167655,45.62500365
7.0,-72.29167245,53.12500425
2.0,-139.79167785,67.29167205
0.0,109.37500875,34.37500275
0.0,-21.87500175,65.62500525
100.0,-123.95834325,55.20833775
0.0,44.79167025,58.95833805
0.0,-65.62500525,59.79167145
0.0,-5.20833375000001,49.79167065
0.0,21.45833505,40.62500325
0.0,16.45833465,43.12500345
0.0,115.62500925,2.70833354999999
0.0,99.37500795,31.87500255
52.0,-81.04167315,34.37500275
0.0,-1.45833345,51.04167075
0.0,146.87501175,-38.12500305
0.0,-155.20834575,65.62500525
0.0,-161.45834625,65.20833855
0.0,19.37500155,39.37500315
0.0,-95.20834095,41.45833665
46.0,93.95834085,54.79167105
0.0,118.95834285,42.29167005
0.0,140.62501125,-35.20833615
0.0,-6.04166715000002,40.62500325
0.0,-144.79167825,68.54167215
11.0,111.87500895,28.12500225
0.0,112.29167565,34.37500275
0.0,67.70833875,66.04167195
0.0,-93.95834085,40.20833655
0.0,98.12500785,30.20833575
0.0,-80.62500645,44.37500355
0.0,16.87500135,67.70833875
7.0,-120.20834295,44.37500355
7.0,45.20833695,61.04167155
0.0,-78.12500625,43.54167015
0.0,24.79166865,51.87500415
5.0,-133.54167735,67.29167205
0.0,-129.37501035,53.12500425
40.0,16.87500135,63.54167175
46.0,-83.95834005,51.87500415
0.0,-131.87501055,58.54167135
0.0,74.79167265,33.54166935
0.0,44.37500355,53.95833765
0.0,66.04167195,67.29167205
0.0,-144.79167825,60.20833815
1.0,104.79167505,10.20833415
64.0,18.95833485,63.54167175
0.0,25.20833535,-33.95833605
22.0,119.79167625,29.37500235
26.0,-101.45834145,25.20833535
5.0,-131.04167715,59.37500475
0.0,114.37500915,4.79166705
10.0,-138.54167775,67.70833875
0.0,8.12500064999998,44.79167025
0.0,119.79167625,-34.37500275
0.0,-90.62500725,46.04167035
0.0,96.04167435,23.12500185
41.0,-79.79167305,35.20833615
0.0,-93.54167415,47.70833715
0.0,11.87500095,67.29167205
39.0,-80.20833975,35.20833615
11.0,-156.45834585,63.54167175
15.0,64.37500515,60.20833815
0.0,22.70833515,58.12500465
0.0,3.54166694999998,45.20833695
0.0,15.20833455,41.45833665
0.0,39.37500315,56.87500455
0.0,141.04167795,-37.29166965
0.0,48.54167055,61.45833825
0.0,78.95833965,68.12500545
21.0,60.20833815,66.45833865
12.0,55.62500445,60.20833815
0.0,-122.70834315,50.62500405
0.0,172.70834715,63.54167175
0.0,50.62500405,64.79167185
0.0,-90.62500725,64.79167185
0.0,-113.54167575,53.54167095
0.0,19.37500155,52.70833755
0.0,-60.62500485,53.95833765
14.0,106.04167515,33.54166935
0.0,98.95834125,2.29166685
0.0,-97.70834115,31.04166915
0.0,10.20833415,54.79167105
31.0,29.79166905,62.29167165
0.0,-157.70834595,60.20833815
0.0,54.37500435,67.70833875
0.0,-131.04167715,59.79167145
40.0,36.45833625,63.12500505
40.0,-80.62500645,34.37500275
12.0,136.45834425,52.70833755
0.0,-3.12500025,49.37500395
0.0,-84.37500675,38.54166975
0.0,35.62500285,50.20833735
0.0,104.79167505,36.87500295
0.0,-96.45834105,33.95833605
0.0,21.04166835,63.95833845
0.0,139.37501115,34.37500275
14.0,118.12500945,28.95833565
0.0,6.45833385,48.54167055
0.0,31.45833585,54.79167105
0.0,-73.95833925,45.62500365
0.0,36.87500295,58.54167135
10.0,126.04167675,51.87500415
24.0,-59.79167145,50.62500405
0.0,-114.37500915,53.12500425
92.0,19.79166825,63.95833845
0.0,146.87501175,-18.95833485
24.0,-82.29167325,48.95833725
0.0,-151.87501215,61.87500495
0.0,-100.20834135,27.70833555
1.0,123.54167655,40.20833655
4.0,-86.45834025,46.45833705
0.0,-2.70833355000002,55.62500445
0.0,-6.04166715000002,35.20833615
0.0,26.87500215,53.12500425
16.0,91.04167395,28.12500225
0.0,45.62500365,57.29167125
0.0,141.04167795,37.70833635
0.0,-63.12500505,54.79167105
0.0,148.95834525,-32.70833595
4.0,114.37500915,28.95833565
12.0,45.62500365,56.87500455
0.0,24.37500195,69.79167225
0.0,55.62500445,53.12500425
38.0,-86.04167355,51.87500415
0.0,-119.37500955,44.79167025
0.0,60.62500485,67.70833875
0.0,97.29167445,27.29166885
100.0,8.95833404999999,42.29167005
0.0,113.12500905,41.04166995
17.0,-141.45834465,66.45833865
18.0,-116.45834265,52.29167085
0.0,-88.95834045,44.79167025
0.0,-105.62500845,46.04167035
0.0,128.95834365,32.70833595
0.0,-82.70833995,41.04166995
20.0,14.37500115,64.37500515
28.0,-129.37501035,59.37500475
12.0,-80.62500645,33.12500265
0.0,26.87500215,51.87500415
0.0,-155.62501245,69.79167225
47.0,-112.29167565,38.54166975
8.0,-84.79167345,53.95833765
0.0,51.45833745,38.12500305
0.0,-96.87500775,44.79167025
100.0,-129.37501035,59.79167145
0.0,111.45834225,28.12500225
0.0,33.95833605,44.37500355
0.0,59.79167145,57.29167125
0.0,-51.04167075,63.54167175
0.0,-74.37500595,45.62500365
15.0,14.79166785,47.29167045
0.0,-96.45834105,28.95833565
0.0,107.29167525,34.37500275
46.0,115.62500925,58.12500465
6.0,-69.37500555,55.20833775
100.0,75.20833935,58.95833805
0.0,79.37500635,66.04167195
6.0,96.04167435,28.95833565
0.0,-91.45834065,35.62500285
0.0,-130.62501045,54.37500435
8.0,127.70834355,52.29167085
1.0,133.95834405,48.12500385
0.0,-3.54166695000001,43.95833685
0.0,38.12500305,66.04167195
100.0,-123.12500985,51.45833745
0.0,-69.79167225,48.95833725
0.0,92.29167405,24.37500195
0.0,21.45833505,37.29166965
67.0,40.62500325,65.20833855
8.0,107.70834195,50.20833735
0.0,25.20833535,69.37500555
0.0,-61.04167155,46.45833705
0.0,-4.37500035000002,35.20833615
0.0,111.04167555,35.20833615
0.0,91.87500735,52.29167085
36.0,6.45833385,59.37500475
0.0,49.37500395,68.54167215
20.0,128.54167695,53.54167095
0.0,-68.54167215,45.62500365
0.0,-141.87501135,60.20833815
0.0,-0.208333350000004,52.29167085
0.0,-165.62501325,65.62500525
0.0,21.87500175,59.37500475
0.0,-146.45834505,61.45833825
16.0,13.12500105,56.04167115
85.0,121.04167635,54.79167105
0.0,157.29167925,53.95833765
0.0,-1.04166675000002,36.04166955
0.0,32.70833595,56.45833785
67.0,-78.12500625,50.20833735
8.0,85.20834015,65.62500525
0.0,-141.87501135,60.62500485
0.0,48.12500385,61.04167155
37.0,-86.87500695,33.12500265
0.0,26.87500215,59.37500475
3.0,-81.87500655,36.04166955
0.0,101.45834145,20.20833495
1.0,-75.62500605,41.45833665
0.0,-15.62500125,66.45833865
0.0,112.70834235,0.208333350000004
0.0,-82.29167325,26.45833545
0.0,155.20834575,56.45833785
0.0,-62.29167165,44.79167025
21.0,108.12500865,26.04166875
0.0,141.04167795,-34.79166945
0.0,-156.87501255,62.70833835
0.0,22.29166845,51.04167075
0.0,-124.79167665,48.12500385
14.0,86.45834025,64.79167185
0.0,141.45834465,-38.54166975
0.0,-20.20833495,65.20833855
0.0,8.54166734999998,63.95833845
0.0,-6.45833385,51.87500415
0.0,-82.29167325,26.87500215
0.0,-156.87501255,68.12500545
11.0,25.20833535,64.79167185
0.0,25.62500205,38.12500305
23.0,113.12500905,23.95833525
0.0,-101.87500815,30.20833575
30.0,27.29166885,53.95833765
4.0,29.79166905,53.12500425
89.0,56.45833785,63.95833845
1.0,137.70834435,36.04166955
0.0,-128.54167695,58.95833805
23.0,27.70833555,67.29167205
16.0,3.12500025,43.54167015
0.0,98.95834125,51.87500415
0.0,-141.87501135,59.79167145
0.0,165.62501325,62.70833835
0.0,-76.87500615,55.20833775
5.0,100.62500805,25.20833535
0.0,121.87500975,24.79166865
0.0,-63.54167175,46.04167035
0.0,3.95833364999999,47.70833715
0.0,48.95833725,56.04167115
28.0,6.04166714999999,59.79167145
0.0,24.79166865,55.62500445
0.0,-53.12500425,66.45833865
28.0,135.20834415,50.20833735
0.0,13.54166775,65.62500525
33.0,122.29167645,48.54167055
3.0,47.29167045,41.45833665
86.0,21.45833505,62.70833835
23.0,-90.20834055,49.37500395
0.0,23.12500185,56.45833785
0.0,103.12500825,-4.79166705
36.0,22.70833515,67.29167205
0.0,-117.29167605,41.87500335
54.0,37.70833635,62.29167165
0.0,16.04166795,46.87500375
0.0,102.29167485,4.79166705
23.0,-88.95834045,54.37500435
21.0,-88.95834045,54.79167105
18.0,105.62500845,23.12500185
0.0,137.70834435,36.87500295
27.0,-86.87500695,48.95833725
0.0,36.04166955,68.95833885
3.0,-130.20834375,59.79167145
0.0,124.37500995,37.70833635
0.0,1.45833345,51.04167075
0.0,120.20834295,46.87500375
20.0,108.54167535,56.45833785
12.0,104.37500835,24.37500195
46.0,117.70834275,52.70833755
15.0,-111.45834225,43.12500345
14.0,-111.04167555,42.70833675
41.0,148.12501185,59.79167145
0.0,-96.04167435,29.79166905
0.0,37.70833635,65.20833855
0.0,110.62500885,38.12500305
0.0,45.62500365,53.12500425
0.0,-93.54167415,42.70833675
20.0,-110.62500885,33.95833605
0.0,10.62500085,57.29167125
0.0,-86.87500695,44.37500355
0.0,139.79167785,57.29167125
0.0,49.37500395,69.37500555
0.0,46.04167035,57.70833795
48.0,96.45834105,51.87500415
0.0,16.45833465,48.95833725
0.0,-66.45833865,49.79167065
0.0,21.45833505,56.04167115
0.0,49.37500395,69.79167225
0.0,-2.70833355000002,50.62500405
0.0,-133.12501065,58.12500465
24.0,-104.37500835,21.04166835
100.0,-123.95834325,43.54167015
0.0,2.70833354999999,47.70833715
0.0,-96.04167435,17.70833475
0.0,-80.62500645,38.95833645
0.0,173.95834725,-34.79166945
0.0,129.37501035,30.20833575
0.0,4.37500034999999,43.12500345
0.0,115.62500925,27.70833555
0.0,-82.70833995,41.87500335
0.0,50.20833735,62.70833835
0.0,-62.70833835,44.37500355
2.0,-7.29166725000002,55.20833775
4.0,28.12500225,51.87500415
0.0,123.12500985,43.12500345
0.0,25.20833535,69.79167225
0.0,156.04167915,52.70833755
27.0,-58.95833805,54.79167105
34.0,85.20834015,61.87500495
0.0,146.45834505,-41.04166995
47.0,-133.12501065,58.95833805
0.0,-151.87501215,57.29167125
0.0,114.37500915,1.04166675
59.0,8.95833404999999,60.62500485
9.0,-5.20833375000001,40.20833655
27.0,136.45834425,34.37500275
22.0,-106.45834185,41.04166995
6.0,13.54166775,48.54167055
0.0,30.62500245,49.37500395
0.0,150.20834535,-32.70833595
0.0,113.54167575,22.70833515
0.0,20.62500165,70.62500565
11.0,-58.12500465,53.54167095
41.0,112.29167565,50.20833735
0.0,-93.95834085,41.87500335
0.0,-1.87500015000001,56.04167115
0.0,26.04166875,49.37500395
0.0,-13.54166775,65.62500525
0.0,38.95833645,61.45833825
10.0,118.12500945,30.62500245
30.0,-64.37500515,44.79167025
3.0,-71.87500575,41.04166995
0.0,36.04166955,58.12500465
0.0,121.87500975,40.20833655
0.0,33.95833605,55.20833775
0.0,-91.87500735,16.04166795
51.0,-86.04167355,51.45833745
0.0,152.29167885,-24.79166865
0.0,-99.37500795,28.95833565
0.0,-124.79167665,51.04167075
0.0,-72.70833915,53.54167095
4.0,159.79167945,57.70833795
2.0,-80.20833975,47.29167045
0.0,-52.70833755,48.54167055
0.0,16.04166795,69.37500555
0.0,102.70834155,23.12500185
13.0,-88.12500705,53.12500425
0.0,-3.12500025,48.12500385
1.0,-71.45833905,52.29167085
24.0,-100.20834135,20.62500165
0.0,98.95834125,28.54166895
1.0,112.70834235,26.87500215
31.0,57.70833795,57.29167125
0.0,21.87500175,56.87500455
0.0,153.12501225,-29.79166905
0.0,113.54167575,21.45833505
0.0,-103.12500825,20.62500165
0.0,101.45834145,17.70833475
0.0,-81.04167315,37.70833635
0.0,13.12500105,55.20833775
51.0,137.29167765,48.95833725
0.0,42.29167005,58.95833805
0.0,118.12500945,6.04166714999999
42.0,42.70833675,66.04167195
0.0,-136.87501095,60.20833815
0.0,13.12500105,46.04167035
0.0,-124.37500995,49.37500395
38.0,31.87500255,62.29167165
0.0,41.45833665,41.87500335
0.0,28.12500225,71.45833905
0.0,43.54167015,67.70833875
45.0,13.54166775,61.87500495
0.0,-161.04167955,68.54167215
0.0,101.45834145,33.12500265
0.0,29.37500235,70.62500565
0.0,102.70834155,21.87500175
4.0,173.54168055,65.20833855
0.0,45.20833695,54.37500435
0.0,-68.54167215,46.87500375
0.0,25.20833535,56.45833785
57.0,15.20833455,56.45833785
20.0,96.87500775,53.12500425
38.0,-85.20834015,49.37500395
6.0,157.70834595,55.20833775
0.0,39.79166985,64.79167185
26.0,12.70833435,58.12500465
0.0,146.45834505,-18.54166815
0.0,-55.20833775,52.70833755
54.0,-83.54167335,52.29167085
0.0,149.37501195,-37.70833635
0.0,149.79167865,-32.70833595
0.0,-75.62500605,52.70833755
0.0,26.45833545,71.04167235
0.0,-20.62500165,63.54167175
0.0,-10.20833415,53.12500425
0.0,28.54166895,57.29167125
100.0,-121.87500975,49.37500395
18.0,-88.54167375,33.54166935
0.0,115.62500925,3.12500025
85.0,-109.79167545,45.62500365
0.0,147.70834515,-33.54166935
8.0,161.04167955,62.70833835
54.0,125.20834335,56.04167115
0.0,-102.29167485,21.87500175
46.0,140.20834455,50.62500405
100.0,-117.29167605,48.54167055
0.0,16.87500135,50.62500405
36.0,32.29166925,64.79167185
4.0,138.54167775,58.12500465
0.0,45.20833695,67.70833875
0.0,96.04167435,31.45833585
0.0,20.20833495,40.62500325
1.0,158.54167935,56.04167115
0.0,-88.54167375,30.20833575
16.0,70.20833895,61.45833825
4.0,175.20834735,64.37500515
0.0,39.79166985,43.54167015
0.0,33.12500265,56.87500455
3.0,159.79167945,63.95833845
0.0,-63.95833845,48.54167055
0.0,-5.62500045000002,53.95833765
0.0,28.12500225,59.37500475
10.0,141.45834465,43.54167015
46.0,-84.79167345,30.20833575
4.0,151.45834545,61.04167155
0.0,-113.12500905,37.70833635
0.0,-53.12500425,66.04167195
17.0,-92.70834075,29.79166905
0.0,29.37500235,-31.45833585
0.0,43.95833685,60.20833815
