aridity_index_UNEP,x,y
1.2633411884307861,106.04167515,21.87500175
-9999.0,-135.20834415,56.45833785
-9999.0,-6.87500055000001,36.87500295
0.20057813823223114,118.54167615,-31.04166915
0.6657803058624268,48.54167055,38.95833645
1.6442174911499023,92.70834075,24.37500195
1.2013214826583862,8.54166734999998,51.87500415
-9999.0,74.37500595,14.37500115
0.9237692356109619,-81.45833985,30.20833575
2.669560670852661,9.37500075,63.12500505
1.0181351900100708,-84.37500675,30.62500245
0.4289992153644562,23.12500185,40.62500325
-9999.0,94.79167425,5.20833374999999
1.2015777826309204,107.70834195,13.12500105
-9999.0,151.04167875,-34.37500275
0.9483721852302551,0.625000049999983,48.95833725
1.2261815071105957,-123.54167655,41.45833665
-9999.0,94.79167425,15.62500125
1.0027356147766113,0.625000049999983,45.20833695
0.9520391821861267,106.87500855,22.29166845
-9999.0,13.12500105,38.54166975
0.6044489741325378,28.12500225,38.95833645
3.040593385696411,113.95834245,1.04166675
-9999.0,104.79167505,8.54166735
1.5729249715805054,105.62500845,17.29166805
1.0931614637374878,107.29167525,23.54166855
0.9076412320137024,30.62500245,53.95833765
-9999.0,98.12500785,7.70833395
1.0097520351409912,-87.29167365,38.12500305
-9999.0,93.95834085,18.54166815
0.2848197817802429,137.70834435,-33.95833605
1.1895878314971924,5.62500044999999,45.62500365
-9999.0,8.95833404999999,37.70833635
0.9248583912849426,7.29166724999999,47.70833715
1.7231827974319458,112.29167565,22.29166845
-9999.0,107.29167525,-7.70833395
2.039306163787842,144.37501155,-4.79166705
1.168941855430603,122.29167645,-1.45833345
0.8545393347740173,23.54166855,53.95833765
0.8875660300254822,-97.70834115,16.45833465
0.1877189725637436,142.70834475,-33.54166935
-9999.0,20.62500165,57.29167125
-9999.0,131.87501055,-11.87500095
0.21844333410263062,118.12500945,-31.87500255
0.2991325259208679,-101.04167475,25.20833535
0.3293572962284088,-106.45834185,28.54166895
-9999.0,21.45833505,36.87500295
0.8669682741165161,-83.54167335,31.04166915
0.2606143057346344,117.70834275,-32.70833595
-9999.0,129.37501035,-31.87500255
-9999.0,-9.37500075,43.54167015
0.4785887598991394,150.62501205,-29.37500235
-9999.0,124.79167665,-8.12500065
0.6228169798851013,-108.54167535,27.70833555
0.8780130743980408,27.70833555,51.04167075
1.249191403388977,112.29167565,23.95833525
0.4114021360874176,148.12501185,-33.12500265
1.2037259340286255,95.20834095,23.95833525
1.484116554260254,122.29167645,29.79166905
0.3572728931903839,-98.95834125,19.37500155
-9999.0,108.54167535,16.04166795
0.18839561939239502,143.12501145,-32.70833595
1.3944854736328125,103.12500825,2.29166685
1.015242099761963,-123.12500985,38.54166975
1.0469067096710205,152.29167885,-31.45833585
1.9256346225738525,108.54167535,-7.29166725
-9999.0,8.54166734999998,37.29166965
-9999.0,-1.45833345,50.20833735
0.5481206178665161,143.95834485,-38.12500305
-9999.0,135.20834415,-34.37500275
0.18875785171985626,138.54167775,-31.04166915
1.0679551362991333,0.625000049999983,52.70833755
0.510762095451355,-0.208333350000004,40.62500325
0.845747709274292,105.20834175,11.04166755
-9999.0,25.62500205,39.79166985
-9999.0,168.12501345,-16.45833465
1.6791949272155762,108.12500865,3.95833365
0.2638935148715973,103.95834165,36.45833625
1.1445099115371704,5.20833374999998,50.62500405
0.6813982725143433,149.79167865,-35.62500285
-9999.0,-5.20833375000001,36.04166955
-9999.0,121.87500975,24.37500195
0.9815552234649658,36.45833625,57.29167125
-9999.0,112.29167565,3.12500025
-9999.0,121.04167635,11.87500095
0.3430209755897522,140.62501125,-36.04166955
-9999.0,-3.12500025,43.95833685
1.414628028869629,109.37500875,18.95833485
-9999.0,121.87500975,40.62500325
3.28373646736145,97.29167445,16.87500135
1.0851994752883911,120.20834295,5.20833374999999
0.18623758852481842,121.45834305,-31.45833585
-9999.0,103.54167495,10.20833415
0.5761850476264954,121.45834305,41.45833665
-9999.0,101.04167475,12.29166765
0.1287967562675476,-105.62500845,31.04166915
-9999.0,121.87500975,-0.625000049999997
2.528109312057495,110.20834215,1.45833345
0.11171971261501312,137.29167765,-31.04166915
0.340567022562027,116.45834265,-31.45833585
-9999.0,112.29167565,21.45833505
0.5226214528083801,-5.20833375000001,38.12500305
0.3046785891056061,-101.87500815,21.87500175
1.553361177444458,101.87500815,6.04166714999999
1.1801632642745972,99.37500795,11.45833425
1.3108556270599365,104.79167505,21.87500175
1.8534746170043945,110.62500885,-0.625000049999997
0.15760229527950287,141.87501135,-32.29166925
-9999.0,106.87500855,-5.62500045
1.558321475982666,107.29167525,11.45833425
-9999.0,-80.62500645,31.87500255
-9999.0,120.62500965,24.79166865
0.46434664726257324,111.04167555,35.62500285
-9999.0,104.37500835,8.54166735
1.3691068887710571,-1.87500015000001,51.87500415
1.3756500482559204,116.04167595,25.20833535
0.1856776624917984,-103.12500825,29.37500235
-9999.0,119.79167625,15.20833455
-9999.0,-2.29166685000001,50.20833735
0.4838750660419464,-98.95834125,18.54166815
-9999.0,109.79167545,21.45833505
0.21326686441898346,123.12500985,-32.29166925
0.2080327421426773,143.95834485,-33.54166935
0.7878289818763733,45.62500365,53.95833765
1.6876052618026733,121.45834305,-3.12500025
0.7748432159423828,-96.04167435,39.37500315
-9999.0,117.70834275,6.45833385
1.337060570716858,118.54167615,4.37500034999999
-9999.0,106.87500855,17.70833475
0.3400910496711731,-101.45834145,21.45833505
0.8615949749946594,-82.29167325,27.70833555
-9999.0,124.37500995,-33.12500265
0.5558866262435913,26.04166875,42.29167005
0.2401604950428009,141.87501135,-35.20833615
-9999.0,152.29167885,-32.70833595
0.8456496000289917,-106.04167515,24.79166865
-9999.0,143.54167815,-11.87500095
1.4820054769515991,97.70834115,4.37500034999999
-9999.0,-106.04167515,21.04166835
0.16998444497585297,137.70834435,-32.29166925
1.2249850034713745,113.54167575,24.79166865
1.1196562051773071,109.79167545,23.12500185
0.8496719598770142,149.37501195,-36.87500295
0.33927518129348755,-107.70834195,28.95833565
0.7763658761978149,16.04166795,43.54167015
1.0474270582199097,4.79166705,51.04167075
1.874764084815979,-90.62500725,15.20833455
0.4901925027370453,116.45834265,-32.70833595
1.307193636894226,146.04167835,-6.04166715000001
1.447705864906311,103.12500825,-0.208333350000004
1.0310702323913574,-79.37500635,33.12500265
0.26044586300849915,-108.12500865,32.70833595
1.3316622972488403,113.54167575,24.37500195
0.5417776703834534,-6.45833385,38.12500305
-9999.0,122.70834315,16.87500135
1.0345569849014282,-86.04167355,46.45833705
0.9675458669662476,-89.37500715,46.04167035
1.2344813346862793,108.12500865,23.12500185
1.1144938468933105,-85.20834015,30.20833575
-9999.0,113.12500905,3.95833365
0.49587953090667725,-106.45834185,23.95833525
0.43453630805015564,142.70834475,-36.87500295
2.327249050140381,116.04167595,1.04166675
0.5185939073562622,116.45834265,39.37500315
0.24954597651958466,-102.29167485,30.62500245
-9999.0,120.62500965,-5.20833375000001
0.2342188060283661,-109.79167545,31.45833585
1.3180402517318726,-79.79167305,45.20833695
1.656823754310608,117.29167605,27.70833555
0.5538908243179321,-107.70834195,26.45833545
-9999.0,113.54167575,-27.70833555
0.5063642859458923,-8.12500065,37.70833635
0.59540855884552,151.04167875,-31.45833585
-9999.0,100.62500805,7.70833395
0.280490905046463,-106.45834185,29.37500235
-9999.0,-72.70833915,-51.87500415
0.3080449104309082,-110.62500885,31.04166915
1.7675435543060303,95.20834095,25.62500205
1.3496599197387695,-76.45833945,2.70833354999999
0.9244430065155029,41.87500335,56.45833785
0.1676933318376541,133.54167735,-31.45833585
1.6854907274246216,134.37501075,-6.45833385
1.2550830841064453,116.45834265,25.20833535
-9999.0,-0.208333350000004,36.04166955
0.2872966229915619,145.62501165,-35.20833615
0.7642660737037659,-99.37500795,17.29166805
-9999.0,18.12500145,61.04167155
0.4505666494369507,-7.29166725000002,37.70833635
2.3792848587036133,6.87500054999998,44.37500355
0.4395231008529663,130.20834375,-15.62500125
-9999.0,152.70834555,-24.37500195
2.6819605827331543,115.62500925,2.70833354999999
2.2042596340179443,74.37500595,14.79166785
0.18418869376182556,-108.54167535,36.87500295
0.7995455265045166,37.70833635,52.70833755
-9999.0,94.79167425,5.62500045
-9999.0,120.20834295,5.62500045
0.30390170216560364,-3.54166695000001,34.79166945
-9999.0,122.70834315,24.37500195
-9999.0,123.12500985,1.04166675
0.5776205062866211,26.87500215,39.37500315
0.37296611070632935,-111.45834225,35.20833615
1.2494852542877197,11.04166755,43.95833685
1.4159512519836426,123.95834325,0.625000049999997
0.5184727311134338,-6.45833385,37.70833635
0.7313165664672852,96.04167435,19.37500155
0.9194965362548828,36.45833625,53.12500425
0.18294276297092438,-108.54167535,31.87500255
0.29487326741218567,-106.87500855,29.37500235
-9999.0,118.95834285,-35.62500285
0.23774026334285736,-101.04167475,22.70833515
0.40031927824020386,150.62501205,-25.62500205
1.6115882396697998,102.29167485,12.70833435
-9999.0,124.37500995,11.04166755
0.9785212278366089,-83.12500665,29.37500235
0.543430745601654,-106.04167515,26.04166875
1.086930274963379,16.45833465,38.54166975
0.4034539759159088,151.04167875,-25.62500205
-9999.0,115.62500925,-8.95833405
2.2427639961242676,120.62500965,22.70833515
0.6217213869094849,113.12500905,35.62500285
-9999.0,123.54167655,-10.62500085
0.818037748336792,-81.87500655,27.70833555
-9999.0,110.62500885,21.04166835
0.4757847785949707,150.62501205,-23.95833525
1.5303014516830444,19.37500155,42.29167005
0.465525358915329,-104.79167505,23.95833525
0.377074658870697,-108.54167535,26.87500215
0.5387817025184631,-3.95833365000001,36.87500295
-9999.0,130.62501045,34.79166945
1.6167887449264526,117.29167605,1.45833345
0.23844872415065765,-101.87500815,30.20833575
1.094362735748291,89.37500715,23.54166855
0.23536416888237,119.37500955,-32.70833595
-9999.0,96.87500775,16.87500135
0.8751064538955688,-79.79167305,33.95833605
0.20621073246002197,-110.20834215,31.87500255
0.9676365256309509,46.45833705,56.87500455
2.7854342460632324,98.54167455,11.87500095
-9999.0,18.12500145,39.79166985
0.718338668346405,30.62500245,40.62500325
0.6332110166549683,27.29166885,39.79166985
1.4604976177215576,98.95834125,2.29166685
0.6033198237419128,26.87500215,42.70833675
0.8669007420539856,-105.20834175,20.20833495
1.8271819353103638,145.62501165,-6.87500055
0.614251971244812,141.45834465,-15.62500125
0.4587520360946655,141.04167795,-36.87500295
-9999.0,109.37500875,20.62500165
1.601613998413086,111.04167555,21.87500175
0.9614734649658203,-83.95834005,30.62500245
-9999.0,99.37500795,6.04166714999999
0.806827187538147,32.29166925,36.87500295
1.0541424751281738,28.95833565,54.79167105
2.208364486694336,112.29167565,2.70833354999999
1.9793733358383179,121.04167635,23.12500185
2.17720627784729,116.87500935,3.12500025
0.12195742130279541,138.95834445,-30.20833575
0.9021261930465698,-81.87500655,30.62500245
1.3905037641525269,103.54167495,22.29166845
1.665650725364685,114.79167585,22.70833515
-9999.0,165.62501325,-22.29166845
-9999.0,140.20834455,-8.95833405
-9999.0,133.12501065,-32.29166925
-9999.0,115.62500925,-6.87500055
2.1096386909484863,109.37500875,1.87500014999999
-9999.0,17.70833475,40.20833655
1.761470079421997,104.79167505,18.12500145
0.22481420636177063,144.37501155,-33.12500265
1.0498347282409668,34.37500275,56.87500455
0.8664882779121399,41.87500335,55.20833775
0.18868160247802734,-102.29167485,29.79166905
0.10324403643608093,137.29167765,-30.20833575
0.2411331981420517,145.62501165,-33.12500265
1.612874150276184,116.04167595,27.29166885
-9999.0,0.625000049999983,53.54167095
0.37055423855781555,147.70834515,-34.37500275
-9999.0,123.54167655,-0.625000049999997
0.2183624804019928,145.20834495,-32.29166925
1.0606952905654907,152.70834555,-31.45833585
0.2874164283275604,101.45834145,38.54166975
0.4303456246852875,-3.54166695000001,41.87500335
0.8810424208641052,-81.45833985,28.95833565
0.4140035808086395,151.04167875,-28.54166895
1.1084787845611572,106.45834185,9.79166744999999
0.7018214464187622,43.95833685,52.29167085
0.8641507029533386,-96.45834105,16.04166795
0.40487441420555115,-100.20834135,31.87500255
-9999.0,107.29167525,17.29166805
1.3742132186889648,105.62500845,21.45833505
0.42744505405426025,-103.54167495,21.04166835
0.19709502160549164,-109.37500875,31.04166915
0.8825485706329346,-93.95834085,33.54166935
0.16962476074695587,-106.87500855,30.20833575
0.15749938786029816,122.70834315,-29.79166905
0.29114919900894165,-103.54167495,36.04166955
0.39923110604286194,150.20834535,-26.45833545
-9999.0,-60.62500485,46.04167035
0.4646580219268799,151.04167875,-28.95833565
0.7287883758544922,-71.87500575,-35.20833615
-9999.0,100.20834135,8.54166735
0.9684292078018188,20.62500165,53.95833765
0.3707951605319977,-101.45834145,21.04166835
-9999.0,-73.95833925,-43.95833685
0.7708348631858826,150.20834535,-32.70833595
0.3160404860973358,-112.29167565,36.04166955
1.4674593210220337,101.87500815,1.04166675
-9999.0,105.62500845,8.95833404999999
0.2844594419002533,118.12500945,-33.95833605
-9999.0,143.12501145,-11.04166755
-9999.0,104.37500835,-6.04166715000001
0.6380584239959717,116.45834265,-33.12500265
-9999.0,18.12500145,40.62500325
-9999.0,139.79167785,-16.45833465
0.82469242811203,103.95834165,14.37500115
-9999.0,100.62500805,4.79166705
-9999.0,120.62500965,21.87500175
1.0611368417739868,12.70833435,48.95833725
2.1183953285217285,144.79167825,-4.79166705
-9999.0,103.12500825,10.62500085
1.1341946125030518,118.12500945,1.04166675
-9999.0,-66.45833865,-53.95833765
-9999.0,126.45834345,-8.12500065
0.5170847177505493,-5.62500045000002,38.54166975
1.558962106704712,121.45834305,-1.45833345
0.5892255902290344,-107.70834195,27.70833555
0.32491788268089294,-109.37500875,30.20833575
1.3908371925354004,101.45834145,3.12500025
0.537934422492981,-1.45833345,41.04166995
-9999.0,103.12500825,-5.20833375000001
0.6989109516143799,116.04167595,-33.12500265
-9999.0,106.04167515,-4.37500035000001
0.15270589292049408,123.54167655,-29.79166905
0.32440537214279175,-106.04167515,28.12500225
-9999.0,9.37500075,38.95833645
-9999.0,121.04167635,25.20833535
-9999.0,131.87501055,-32.29166925
1.3851537704467773,105.62500845,22.29166845
1.5803924798965454,97.70834115,3.54166694999999
-9999.0,107.29167525,10.20833415
0.39547714591026306,148.12501185,-32.70833595
-9999.0,98.12500785,0.208333350000004
0.34090501070022583,146.45834505,-35.20833615
0.8236342668533325,12.70833435,50.20833735
-9999.0,100.62500805,12.29166765
-9999.0,23.54166855,38.54166975
1.8225270509719849,101.87500815,-2.70833355000001
1.8984286785125732,111.04167555,-0.625000049999997
1.4528926610946655,111.04167555,24.79166865
0.5663381814956665,-104.37500835,21.87500175
-9999.0,140.62501125,35.20833615
0.19442687928676605,123.12500985,-31.87500255
0.19721779227256775,125.62501005,-32.29166925
1.928743839263916,142.70834475,-7.70833395
1.3523386716842651,118.54167615,27.70833555
0.5802407264709473,-122.29167645,38.95833645
1.5631005764007568,92.70834075,25.62500205
-9999.0,120.62500965,11.04166755
0.8603419661521912,149.37501195,-21.87500175
1.6073368787765503,105.20834175,9.37500075
-9999.0,133.54167735,-2.29166685
0.5856258273124695,45.62500365,36.04166955
0.7348122000694275,21.87500175,38.95833645
1.1931589841842651,116.04167595,24.79166865
0.642870306968689,150.20834535,-33.12500265
0.5698671936988831,11.45833425,42.70833675
0.2897263467311859,-112.70834235,34.79166945
0.9706258177757263,27.70833555,53.95833765
-9999.0,90.62500725,22.29166845
1.2224034070968628,-89.37500715,29.79166905
-9999.0,-79.79167305,27.70833555
0.9026652574539185,0.208333349999975,48.54167055
1.429710865020752,121.04167635,-1.45833345
1.0764174461364746,-88.95834045,36.45833625
0.9907878041267395,96.45834105,21.87500175
0.28921446204185486,116.04167595,-30.62500245
0.7031936645507812,148.95834525,-35.62500285
0.9905722737312317,-80.62500645,32.29166925
0.1467318832874298,123.95834325,-29.79166905
0.3962089419364929,-102.70834155,19.37500155
1.456735610961914,103.54167495,29.79166905
1.291486382484436,99.79167465,2.70833354999999
1.1503962278366089,105.20834175,23.54166855
0.473570317029953,-99.37500795,23.12500185
1.4493000507354736,143.95834485,-4.37500035000001
0.6319873929023743,-109.79167545,33.95833605
0.17980754375457764,120.20834295,-31.04166915
0.5886741876602173,101.87500815,15.62500125
0.5185568332672119,-108.95834205,28.12500225
2.6058835983276367,136.87501095,36.04166955
1.1852898597717285,12.29166765,56.04167115
1.0171951055526733,22.70833515,45.62500365
0.9830896258354187,36.45833625,54.79167105
1.0736870765686035,105.62500845,13.12500105
0.5243672728538513,-109.37500875,29.37500235
1.3268078565597534,117.29167605,-0.208333350000004
0.2669631242752075,143.12501145,-35.62500285
1.9714258909225464,143.54167815,-6.04166715000001
0.8830708265304565,-82.29167325,30.62500245
-9999.0,137.70834435,-33.12500265
0.7976692318916321,10.62500085,43.54167015
1.7108452320098877,120.20834295,27.70833555
2.3995046615600586,143.54167815,-5.20833375000001
0.18664880096912384,141.45834465,-33.95833605
0.21595579385757446,117.70834275,-31.04166915
-9999.0,14.79166785,38.54166975
-9999.0,106.04167515,-1.45833345
1.0190454721450806,116.87500935,-8.95833405
3.097653388977051,92.70834075,21.04166835
-9999.0,99.79167465,3.54166694999999
-9999.0,16.45833465,42.70833675
1.5488544702529907,9.37500075,54.79167105
-9999.0,23.12500185,38.12500305
0.7168718576431274,101.04167475,17.29166805
0.5137465596199036,-102.70834155,19.79166825
-9999.0,113.54167575,3.95833365
0.6650388240814209,-101.04167475,18.12500145
0.19496585428714752,120.62500965,-31.04166915
-9999.0,116.04167595,22.70833515
-9999.0,101.87500815,2.29166685
1.903759241104126,-94.79167425,17.29166805
-9999.0,-80.62500645,30.62500245
0.3151494860649109,-103.95834165,30.62500245
0.43616360425949097,149.79167865,-31.04166915
-9999.0,117.70834275,-35.20833615
-9999.0,122.70834315,37.70833635
0.5401694178581238,144.79167825,-17.29166805
0.21573865413665771,-104.37500835,31.87500255
0.13818426430225372,139.79167785,-31.87500255
0.81683349609375,38.54166975,53.95833765
1.0835803747177124,98.95834125,14.37500115
0.35560089349746704,-110.62500885,31.87500255
1.7773330211639404,92.70834075,24.79166865
1.230072259902954,121.04167635,29.79166905
-9999.0,101.04167475,-3.54166695000001
0.5704678297042847,-107.29167525,25.62500205
2.3616411685943604,112.29167565,0.208333350000004
1.3485689163208008,118.54167615,26.45833545
-9999.0,23.12500185,40.20833655
0.3167552947998047,-97.70834115,18.95833485
0.1889411062002182,140.62501125,-34.37500275
-9999.0,-6.87500055000001,56.45833785
0.9664608836174011,36.87500295,54.79167105
1.415337085723877,121.87500975,-3.95833365
-9999.0,120.62500965,5.62500045
-9999.0,103.12500825,1.45833345
1.997793436050415,106.04167515,-2.29166685
0.690658450126648,48.95833725,54.79167105
-9999.0,119.79167625,23.54166855
0.35204899311065674,-105.62500845,25.62500205
-9999.0,-1.04166675000002,36.04166955
0.7933269143104553,27.29166885,39.37500315
0.7579399943351746,42.70833675,53.12500425
-9999.0,93.54167415,19.79166825
0.8670215010643005,38.54166975,54.79167105
0.27517497539520264,-106.04167515,28.54166895
0.1310688555240631,132.29167725,-30.20833575
0.9314507246017456,104.37500835,14.37500115
-9999.0,110.62500885,-8.54166735
0.1585184633731842,-108.12500865,31.45833585
-9999.0,10.62500085,42.29167005
1.4190056324005127,117.29167605,0.625000049999997
0.6861375570297241,20.62500165,52.70833755
-9999.0,149.79167865,-21.87500175
0.7118051052093506,21.87500175,50.62500405
0.5381188988685608,26.87500215,38.54166975
-9999.0,35.62500285,35.62500285
-9999.0,122.70834315,-0.625000049999997
0.3891706168651581,-103.12500825,21.45833505
0.5715916156768799,22.70833515,38.95833645
1.4113203287124634,102.70834155,18.95833485
-9999.0,13.54166775,38.54166975
1.325514316558838,152.70834555,-30.20833575
2.0420618057250977,105.62500845,-1.87500015000001
0.775574266910553,41.04166995,53.12500425
0.22354528307914734,121.87500975,-32.70833595
0.8107481598854065,13.54166775,43.54167015
0.8569660782814026,1.45833345,44.37500355
0.8278840184211731,42.70833675,55.62500445
-9999.0,128.95834365,-31.87500255
0.910976231098175,37.70833635,54.79167105
-9999.0,118.95834285,4.37500034999999
0.7239375710487366,18.95833485,51.45833745
-9999.0,96.87500775,2.29166685
2.0060744285583496,106.04167515,-1.87500015000001
2.585188627243042,92.29167405,21.87500175
1.5456655025482178,114.79167585,24.37500195
0.5898056626319885,-102.29167485,18.12500145
0.3145766854286194,-103.54167495,36.45833625
1.3202000856399536,106.04167515,21.45833505
0.19646485149860382,-101.04167475,26.45833545
0.3437005877494812,-108.12500865,29.79166905
0.6473283767700195,-96.87500775,30.20833575
1.8415592908859253,110.62500885,-1.04166675
0.8535649180412292,-80.20833975,33.54166935
0.23866349458694458,-101.45834145,29.37500235
1.0263010263442993,37.29166965,58.54167135
0.4912561774253845,142.70834475,-37.70833635
0.9948565363883972,38.54166975,59.37500475
0.7598090171813965,-105.20834175,23.54166855
0.42272627353668213,-101.04167475,21.04166835
0.25486311316490173,118.12500945,-33.12500265
-9999.0,39.37500315,41.45833665
0.21063049137592316,118.12500945,-31.45833585
0.19145743548870087,108.12500865,40.62500325
-9999.0,122.70834315,-3.95833365
0.16768573224544525,141.04167795,-32.29166925
0.9936913251876831,-81.04167315,31.87500255
0.7065815925598145,21.87500175,45.62500365
0.5904297828674316,-102.29167485,18.54166815
1.118367075920105,16.04166795,40.20833655
1.167509913444519,-93.95834085,34.37500275
0.2891820967197418,-102.29167485,21.87500175
-9999.0,17.29166805,40.20833655
-9999.0,130.20834375,-31.87500255
-9999.0,85.20834015,19.37500155
-9999.0,118.95834285,5.62500045
0.40340760350227356,-98.95834125,24.79166865
1.1235352754592896,4.37500034999999,50.20833735
0.3202783167362213,-105.20834175,32.70833595
0.8207878470420837,31.45833585,36.87500295
1.0186493396759033,-106.04167515,24.37500195
-9999.0,114.79167585,-8.54166735
0.10766816884279251,136.45834425,-30.20833575
2.4739017486572266,115.20834255,3.54166694999999
0.22562673687934875,-100.20834135,22.70833515
0.37194713950157166,0.208333349999975,41.45833665
-9999.0,99.79167465,11.45833425
0.22840355336666107,143.54167815,-34.79166945
0.5998449921607971,17.70833475,47.70833715
1.5269333124160767,13.54166775,57.70833795
-9999.0,125.20834335,34.79166945
0.7628020644187927,-81.04167315,26.87500215
-9999.0,35.20833615,33.95833605
2.1662251949310303,99.79167465,0.625000049999997
1.0924882888793945,8.54166734999998,48.95833725
0.865109384059906,-81.04167315,33.12500265
1.9808317422866821,100.20834135,0.625000049999997
0.7728394269943237,108.95834205,11.87500095
0.7679254412651062,20.62500165,53.12500425
1.942691683769226,111.04167555,-1.45833345
0.7581478357315063,46.45833705,54.37500435
-9999.0,167.70834675,-28.95833565
-9999.0,129.79167705,35.62500285
-9999.0,30.62500245,36.45833625
0.9009802341461182,27.70833555,53.54167095
0.22401709854602814,118.12500945,-32.29166925
-9999.0,119.79167625,15.62500125
0.24966086447238922,143.54167815,-35.20833615
1.334728479385376,-85.20834015,13.95833445
-9999.0,148.12501185,-7.70833395
0.16644610464572906,134.37501075,-31.87500255
0.3272947669029236,-99.37500795,20.20833495
0.5538447499275208,98.54167455,18.12500145
1.1939860582351685,103.12500825,22.29166845
-9999.0,140.62501125,-16.87500135
0.713830292224884,21.87500175,51.87500415
-9999.0,31.87500255,36.45833625
-9999.0,18.95833485,41.04166995
0.6957423686981201,146.87501175,-38.54166975
-9999.0,151.04167875,-8.12500065
1.010567545890808,-85.20834015,30.62500245
-9999.0,-3.95833365000001,36.45833625
1.6438722610473633,119.79167625,28.12500225
1.046201229095459,2.29166684999998,50.20833735
1.1581640243530273,-73.54167255,5.62500045
-9999.0,111.04167555,20.20833495
-9999.0,126.87501015,-13.54166775
0.2474702000617981,108.95834205,40.62500325
1.384624719619751,6.04166714999999,47.29167045
0.9713568091392517,104.37500835,19.79166825
0.16924802958965302,121.45834305,-30.20833575
-9999.0,-5.20833375000001,35.62500285
0.7718435525894165,101.45834145,18.95833485
0.19474917650222778,116.45834265,-29.79166905
0.20624569058418274,124.37500995,-32.70833595
0.9702215790748596,-82.70833995,22.70833515
-9999.0,129.37501035,30.20833575
-9999.0,113.12500905,-7.29166725
0.8965972065925598,36.45833625,52.70833755
-9999.0,150.20834535,-21.87500175
1.4689964056015015,101.87500815,4.79166705
0.37433698773384094,-103.54167495,23.12500185
0.3636888265609741,137.70834435,-34.37500275
-9999.0,108.95834205,21.04166835
1.2594832181930542,-68.95833885,-54.79167105
1.6337634325027466,74.79167265,33.54166935
1.9531033039093018,144.79167825,-6.04166715000001
-9999.0,121.45834305,28.12500225
0.7997205853462219,21.04166835,39.37500315
1.230731725692749,112.70834235,28.95833565
-9999.0,25.62500205,39.37500315
-9999.0,26.04166875,39.37500315
0.5285398960113525,148.12501185,-20.62500165
0.6408367156982422,99.79167465,16.45833465
1.8686615228652954,103.12500825,-4.37500035000001
-9999.0,143.95834485,-8.12500065
-9999.0,28.54166895,40.62500325
0.18260811269283295,116.87500935,-29.79166905
0.7342790961265564,47.29167045,53.95833765
1.1394398212432861,6.45833385,36.87500295
1.450156331062317,178.12501425,-38.54166975
0.28448542952537537,-109.79167545,23.12500185
0.5037766098976135,151.87501215,-27.70833555
1.5179812908172607,-68.54167215,47.70833715
1.9001888036727905,117.70834275,5.62500045
0.996056079864502,-120.20834295,38.12500305
0.26910528540611267,-100.20834135,27.29166885
0.9334768056869507,-81.04167315,32.29166925
-9999.0,124.37500995,-10.20833415
0.9887447357177734,98.12500785,22.29166845
1.1739296913146973,-77.29167285,46.04167035
0.8531023859977722,47.29167045,56.87500455
0.29028216004371643,117.70834275,-33.12500265
0.3705497980117798,22.29166845,40.62500325
0.2634630799293518,115.20834255,-28.95833565
0.46824246644973755,135.20834415,-14.37500115
-9999.0,-81.04167315,30.62500245
-9999.0,118.54167615,-8.95833405
1.3469300270080566,109.37500875,21.45833505
0.16188760101795197,141.45834465,-33.12500265
1.0566940307617188,12.29166765,50.62500405
1.6306482553482056,103.12500825,3.54166694999999
0.46113425493240356,96.04167435,21.87500175
1.0936766862869263,-88.95834045,14.79166785
1.2458033561706543,107.70834195,23.54166855
-9999.0,117.70834275,7.29166725
0.7999855875968933,149.79167865,-36.45833625
0.3714115023612976,148.12501185,-32.29166925
0.9461985230445862,153.12501225,-28.12500225
1.7926733493804932,93.95834085,25.20833535
0.6189303994178772,100.62500805,15.62500125
0.9781625270843506,-81.45833985,30.62500245
1.6816397905349731,-84.79167345,14.37500115
1.427520513534546,-91.45834065,16.87500135
-9999.0,121.04167635,5.62500045
-9999.0,123.12500985,-0.208333350000004
0.9812487959861755,-88.54167375,37.70833635
9.012417793273926,-6.45833385,62.29167165
0.3102371394634247,-98.54167455,19.79166825
0.9683563709259033,141.87501135,-13.12500105
-9999.0,109.37500875,13.54166775
-9999.0,9.79166744999998,37.70833635
0.8939807415008545,-93.95834085,34.79166945
0.48070502281188965,-6.04166715000002,38.12500305
1.5717830657958984,99.79167465,1.45833345
-9999.0,113.54167575,-7.29166725
0.4143345355987549,147.70834515,-34.79166945
0.16586555540561676,140.20834455,-32.70833595
0.6292832493782043,138.54167775,-16.87500135
0.27750396728515625,-107.70834195,33.54166935
1.452535629272461,117.29167605,26.45833545
0.2619844973087311,-101.45834145,22.29166845
0.636761486530304,-101.04167475,19.37500155
-9999.0,115.20834255,5.62500045
0.28227499127388,-112.29167565,35.62500285
-9999.0,120.20834295,6.45833385
1.1587976217269897,-88.54167375,14.37500115
-9999.0,105.62500845,-6.45833385
1.219968318939209,9.37500075,50.20833735
-9999.0,103.95834165,2.29166685
0.21231141686439514,118.95834285,-31.04166915
-9999.0,121.04167635,11.04166755
0.6242161393165588,26.45833545,38.54166975
1.1428172588348389,10.62500085,44.37500355
1.1668134927749634,109.37500875,23.12500185
-9999.0,141.45834465,-14.79166785
-9999.0,114.37500915,-28.54166895
0.4244866967201233,-102.29167485,21.04166835
-9999.0,131.87501055,-11.45833425
-9999.0,122.70834315,30.62500245
0.3055279850959778,146.45834505,-32.70833595
3.121504545211792,97.70834115,16.45833465
0.6318228840827942,-106.04167515,23.54166855
-9999.0,116.87500935,-35.20833615
0.9364436268806458,104.79167505,12.70833435
0.4650292992591858,151.45834545,-26.45833545
0.39049962162971497,22.70833515,41.04166995
1.2010066509246826,-86.87500695,30.62500245
0.20036780834197998,139.37501115,-33.95833605
0.41400963068008423,148.95834525,-31.04166915
-9999.0,98.54167455,0.208333350000004
0.8919360041618347,-95.62500765,16.87500135
2.10078501701355,109.79167545,1.04166675
0.7731332778930664,38.54166975,51.87500415
0.8847559690475464,36.45833625,51.87500415
1.331494927406311,113.95834245,23.54166855
0.9084550738334656,-81.45833985,31.87500255
1.326305627822876,98.54167455,3.95833365
1.4959053993225098,104.37500835,10.62500085
1.2570613622665405,110.62500885,22.70833515
0.29255494475364685,144.37501155,-35.62500285
-9999.0,164.37501315,-19.79166825
0.1781182587146759,114.37500915,-26.87500215
0.18209345638751984,140.62501125,-33.95833605
0.939826488494873,38.12500305,55.20833775
1.3936612606048584,98.95834125,2.70833354999999
0.9807131886482239,-79.79167305,33.12500265
-9999.0,-124.37500995,43.95833685
0.3467293381690979,-103.95834165,22.70833515
0.26596716046333313,-112.70834235,35.20833615
1.7658807039260864,118.95834285,26.87500215
-9999.0,143.12501145,-3.12500025
1.849434494972229,121.87500975,16.45833465
0.7859788537025452,2.70833354999999,46.45833705
1.2988389730453491,114.79167585,25.20833535
0.19679345190525055,-101.45834145,27.29166885
-9999.0,121.45834305,18.95833485
-9999.0,107.70834195,16.87500135
0.6250048875808716,29.37500235,36.45833625
-9999.0,91.87500735,20.62500165
1.0415669679641724,33.95833605,56.04167115
0.1903838962316513,121.04167635,-31.87500255
-9999.0,150.20834535,-36.45833625
1.436442255973816,113.54167575,22.70833515
-9999.0,131.87501055,-1.87500015000001
0.25953879952430725,134.37501075,-32.70833595
0.530572235584259,-5.20833375000001,40.62500325
0.1996919810771942,-101.45834145,26.04166875
-9999.0,21.45833505,36.45833625
1.9344114065170288,-68.12500545,-55.62500445
0.22915492951869965,-109.79167545,23.54166855
-9999.0,121.87500975,25.20833535
0.41846129298210144,151.04167875,-28.12500225
0.3193370997905731,-108.54167535,30.62500245
0.23470483720302582,119.79167625,-31.87500255
1.0452513694763184,33.95833605,56.45833785
0.16508741676807404,139.79167785,-33.54166935
1.7197149991989136,102.29167485,-3.12500025
1.4850233793258667,78.12500625,31.04166915
0.25941914319992065,-103.95834165,30.20833575
1.1460975408554077,153.12501225,-26.87500215
2.6925272941589355,114.37500915,0.208333350000004
0.4997759759426117,30.20833575,40.20833655
-9999.0,115.20834255,5.20833374999999
0.4651547074317932,95.62500765,21.45833505
-9999.0,121.87500975,11.04166755
-9999.0,146.87501175,-9.37500075
0.7835906744003296,0.208333349999975,47.29167045
0.2589321732521057,-104.37500835,30.62500245
1.0814694166183472,21.45833505,61.04167155
0.9010283350944519,-77.29167285,37.70833635
7.026945114135742,-129.37501035,53.54167095
1.5633927583694458,106.45834185,14.79166785
1.4029325246810913,108.12500865,15.62500125
1.2650295495986938,-88.95834045,30.20833575
0.3399636745452881,143.12501145,-36.45833625
0.2036103755235672,-110.62500885,32.70833595
1.2796059846878052,143.12501145,-3.95833365
0.31958162784576416,-113.12500905,37.29166965
-9999.0,128.54167695,-7.70833395
0.9127835035324097,148.12501185,-40.20833655
0.5290236473083496,142.70834475,-37.29166965
0.47025516629219055,143.95834485,-16.87500135
1.4712320566177368,115.62500925,23.12500185
1.0598492622375488,102.70834155,20.62500165
1.0395257472991943,4.79166705,46.45833705
1.2799030542373657,116.04167595,23.54166855
0.2591814398765564,-111.04167555,32.70833595
0.6949806809425354,8.12500064999998,44.79167025
-9999.0,-77.70833955,56.04167115
2.784696102142334,114.79167585,1.04166675
0.8197665214538574,-81.87500655,26.87500215
1.8186758756637573,102.29167485,6.04166714999999
-9999.0,119.37500955,-36.04166955
2.924262046813965,114.79167585,1.87500014999999
0.1780889630317688,141.04167795,-33.54166935
0.2216985821723938,-102.29167485,27.70833555
0.4362080693244934,-102.70834155,21.04166835
1.1661021709442139,-83.12500665,50.62500405
-9999.0,127.70834355,-2.70833355000001
-9999.0,-3.12500025,48.95833725
0.1976144015789032,133.12501065,-31.87500255
0.8600144982337952,23.12500185,53.95833765
1.4670883417129517,105.62500845,-4.37500035000001
0.6340264081954956,-8.54166735000001,37.29166965
0.7247215509414673,139.37501115,-16.45833465
0.8704474568367004,151.04167875,-33.54166935
1.6791859865188599,116.04167595,-3.12500025
-9999.0,121.04167635,28.12500225
0.9371725916862488,48.12500385,41.04166995
0.7020239233970642,18.95833485,51.87500415
0.1762276440858841,141.04167795,-33.95833605
0.23763924837112427,-101.04167475,27.70833555
0.7376357913017273,-90.20834055,14.79166785
-9999.0,-96.04167435,28.12500225
-9999.0,12.29166765,38.54166975
-9999.0,108.12500865,21.04166835
-9999.0,26.04166875,40.20833655
0.5100716352462769,151.87501215,-26.04166875
-9999.0,124.79167665,2.70833354999999
-9999.0,-123.12500985,38.12500305
0.48099979758262634,149.37501195,-31.87500255
0.8052284121513367,-100.62500805,19.79166825
1.3037663698196411,106.87500855,13.12500105
0.20505544543266296,-107.70834195,30.62500245
1.5740816593170166,121.04167635,28.54166895
1.879052758216858,121.45834305,23.54166855
1.3264343738555908,114.79167585,24.79166865
1.5727190971374512,104.37500835,-2.29166685
0.20048843324184418,143.12501145,-33.54166935
-9999.0,-120.20834295,33.95833605
-9999.0,107.29167525,3.95833365
2.4836208820343018,131.45834385,-1.45833345
-9999.0,131.87501055,43.12500345
-9999.0,119.79167625,23.12500185
0.9460639953613281,29.37500235,53.95833765
-9999.0,166.87501335,-21.87500175
0.2918027937412262,-110.20834215,30.20833575
0.6036679744720459,24.37500195,41.04166995
-9999.0,167.70834675,-29.37500235
-9999.0,-3.54166695000001,36.45833625
-9999.0,122.29167645,16.45833465
-9999.0,-88.54167375,29.37500235
0.9221798777580261,36.45833625,53.95833765
-9999.0,23.95833525,40.20833655
0.2314070761203766,136.45834425,-33.12500265
0.22217285633087158,145.20834495,-32.70833595
1.4014426469802856,111.04167555,22.70833515
0.8403717875480652,-81.45833985,33.54166935
-9999.0,97.70834115,12.29166765
1.5626882314682007,92.70834075,26.87500215
-9999.0,1.45833345,36.87500295
0.24718695878982544,-100.62500805,21.87500175
-9999.0,121.04167635,22.29166845
0.35845690965652466,-109.79167545,29.79166905
0.6827970743179321,21.45833505,52.29167085
-9999.0,121.45834305,10.62500085
-9999.0,-2.70833355000002,49.79167065
1.4872870445251465,117.70834275,28.95833565
-9999.0,98.12500785,10.20833415
0.7286375164985657,-96.45834105,40.62500325
1.646644115447998,114.79167585,23.12500185
1.3520398139953613,8.95833404999999,48.12500385
1.4422023296356201,11.04166755,50.62500405
-9999.0,107.70834195,0.208333350000004
1.09329354763031,9.37500075,48.95833725
0.6273486614227295,-108.12500865,27.29166885
0.18060462176799774,-107.70834195,31.04166915
0.6727664470672607,-72.70833915,-51.04167075
-9999.0,173.95834725,-34.79166945
1.263020634651184,-72.70833915,-48.12500385
0.18240037560462952,121.45834305,-30.62500245
0.3040870130062103,119.79167625,-33.54166935
-9999.0,-94.79167425,18.95833485
-9999.0,123.54167655,14.37500115
-9999.0,35.62500285,34.79166945
0.4231172502040863,108.12500865,36.87500295
-9999.0,12.70833435,38.54166975
-9999.0,91.87500735,21.45833505
1.4692448377609253,141.45834465,-7.70833395
1.147759199142456,4.37500034999999,49.79167065
0.857760488986969,-80.62500645,27.70833555
1.2185885906219482,102.70834155,21.45833505
1.0246360301971436,116.45834265,-34.79166945
1.6346536874771118,101.45834145,1.04166675
0.4436686933040619,35.20833615,32.70833595
-9999.0,97.70834115,8.54166735
0.8147791624069214,-89.79167385,14.79166785
-9999.0,116.45834265,-35.62500285
-9999.0,26.45833545,39.37500315
-9999.0,-93.95834085,29.37500235
2.1447079181671143,103.54167495,10.62500085
-9999.0,-0.625000050000011,54.79167105
1.3258376121520996,113.54167575,23.12500185
-9999.0,116.45834265,-35.20833615
0.16854004561901093,119.79167625,-30.62500245
0.28028419613838196,119.37500955,-33.54166935
0.6457120776176453,31.45833585,37.29166965
1.1491639614105225,116.04167595,24.37500195
3.4270946979522705,98.12500785,11.45833425
0.6202883720397949,28.95833565,39.37500315
1.5611194372177124,106.87500855,14.79166785
-9999.0,-79.79167305,26.45833545
0.6940625905990601,31.87500255,36.87500295
1.2227567434310913,6.04166714999999,49.37500395
1.1709705591201782,104.37500835,18.95833485
1.3518308401107788,-123.54167655,40.20833655
0.47815200686454773,-100.62500805,25.62500205
-9999.0,-2.70833355000002,43.95833685
-9999.0,99.37500795,7.29166725
1.0013487339019775,-83.12500665,22.70833515
-9999.0,99.37500795,10.20833415
0.5029276609420776,144.37501155,-16.87500135
2.0077714920043945,-72.29167245,-40.20833655
1.6686713695526123,100.62500805,0.208333350000004
0.37699079513549805,-100.62500805,33.12500265
0.6231279969215393,151.45834545,-32.70833595
-9999.0,-1.45833345,50.62500405
-9999.0,12.70833435,41.04166995
0.8227701187133789,-95.20834095,30.62500245
0.9684191942214966,-78.95833965,33.95833605
0.7287517786026001,22.29166845,53.12500425
1.041751742362976,103.54167495,20.62500165
1.9534497261047363,107.70834195,21.45833505
0.2806578278541565,-101.45834145,30.20833575
0.9427223801612854,-100.20834135,19.37500155
0.4537437856197357,90.62500725,28.54166895
1.2429370880126953,-88.12500705,30.62500245
-9999.0,109.37500875,-6.45833385
0.18157616257667542,133.12501065,-31.45833585
0.40263840556144714,-99.37500795,25.20833535
0.5222727656364441,149.37501195,-32.29166925
0.557807981967926,46.04167035,35.20833615
0.9779337644577026,151.45834545,-33.12500265
0.6549468040466309,151.87501215,-29.37500235
1.0699273347854614,176.87501415,-39.37500315
-9999.0,-4.37500035000002,35.20833615
1.4471421241760254,110.62500885,24.37500195
0.39538562297821045,144.79167825,-36.45833625
0.2554112374782562,146.04167835,-32.70833595
0.8259775042533875,-81.04167315,26.45833545
-9999.0,158.54167935,-8.54166735
-9999.0,115.62500925,-3.95833365
-9999.0,137.29167765,-34.79166945
0.6190782189369202,101.87500815,16.04166795
1.78189218044281,101.04167475,1.04166675
0.9468934535980225,151.87501215,-32.70833595
0.5630318522453308,-99.79167465,19.79166825
0.5929996967315674,27.70833555,42.70833675
0.31188464164733887,-103.95834165,23.95833525
1.7190473079681396,94.79167425,26.45833545
1.2567042112350464,21.04166835,49.37500395
0.45387279987335205,133.54167735,-14.79166785
2.5616044998168945,93.12500745,21.04166835
-9999.0,137.70834435,-33.54166935
0.3351443111896515,-103.54167495,22.70833515
0.7007569670677185,-99.79167465,17.29166805
-9999.0,106.45834185,18.54166815
1.1782532930374146,142.29167805,-8.95833405
0.8981875777244568,151.87501215,-31.04166915
-9999.0,115.20834255,-6.87500055
1.5581471920013428,96.04167435,16.87500135
1.1886738538742065,88.54167375,22.29166845
0.24790237843990326,123.95834325,-33.12500265
1.0271202325820923,-87.29167365,43.12500345
-9999.0,114.79167585,5.62500045
0.17493563890457153,122.70834315,-31.04166915
1.0200424194335938,105.62500845,10.20833415
0.4724201261997223,150.62501205,-29.79166905
-9999.0,141.45834465,-13.12500105
2.197751760482788,96.04167435,4.37500034999999
0.41479671001434326,-108.95834205,33.95833605
0.921028196811676,-77.70833955,37.70833635
1.5063303709030151,107.29167525,11.87500095
0.19286981225013733,119.79167625,-31.45833585
0.16275106370449066,119.37500955,-30.62500245
-9999.0,106.87500855,20.62500165
1.0480388402938843,106.45834185,10.62500085
0.48102879524230957,149.79167865,-31.45833585
0.26209303736686707,-113.12500905,36.87500295
0.33063235878944397,-99.37500795,23.54166855
2.521665334701538,92.29167405,25.62500205
1.3580940961837769,117.70834275,1.87500014999999
2.1434166431427,147.29167845,-6.04166715000001
0.3048591613769531,-99.79167465,23.95833525
1.9408977031707764,102.70834155,4.79166705
0.5001896023750305,119.37500955,-34.37500275
1.2115647792816162,102.70834155,1.87500014999999
0.9878374338150024,-76.87500615,37.29166965
0.8659363389015198,-99.79167465,18.95833485
0.38846081495285034,117.29167605,-33.95833605
0.9620563387870789,0.208333349999975,45.20833695
0.16366516053676605,114.79167585,-26.87500215
0.14771711826324463,123.54167655,-30.20833575
0.7126353979110718,143.12501145,-14.37500115
0.36199861764907837,140.20834455,-36.04166955
0.16580337285995483,120.20834295,-30.20833575
-9999.0,118.12500945,24.37500195
-9999.0,-81.45833985,31.04166915
0.44624391198158264,115.62500925,-31.04166915
1.1324063539505005,6.04166714999999,48.12500385
1.5431126356124878,120.62500965,28.95833565
1.3454331159591675,144.37501155,-3.95833365
1.2367985248565674,105.20834175,18.54166815
0.5177032947540283,151.04167875,-29.37500235
0.5442632436752319,-93.12500745,16.45833465
0.31427374482154846,144.79167825,-35.62500285
0.38626334071159363,-100.20834135,24.79166865
0.18384048342704773,-107.70834195,30.20833575
0.9979209899902344,0.625000049999983,43.95833685
1.0710229873657227,27.70833555,58.95833805
0.9532217979431152,105.62500845,10.62500085
0.5574842691421509,16.87500135,41.04166995
0.9644653797149658,15.62500125,58.54167135
0.8329888582229614,-81.45833985,33.12500265
0.35962316393852234,-110.62500885,31.45833585
1.0456796884536743,45.62500365,57.70833795
0.2667950689792633,114.37500915,-28.12500225
1.2844966650009155,121.87500975,-1.45833345
0.7495036721229553,16.45833465,39.79166985
0.3003695011138916,-107.70834195,33.12500265
0.8855669498443604,116.04167595,-32.29166925
0.3249090611934662,-105.20834175,25.20833535
-9999.0,123.54167655,-9.37500075
2.1011769771575928,116.87500935,2.70833354999999
-9999.0,153.12501225,-30.62500245
-9999.0,114.79167585,-30.62500245
0.6195192337036133,29.79166905,36.45833625
1.5003770589828491,121.45834305,-2.70833355000001
1.5419597625732422,101.45834145,3.54166694999999
-9999.0,103.95834165,9.79166744999999
-9999.0,107.70834195,3.95833365
-9999.0,-68.54167215,-55.62500445
1.576479434967041,118.95834285,27.70833555
0.5716356039047241,149.79167865,-33.12500265
0.38006412982940674,150.62501205,-28.12500225
-9999.0,32.29166925,35.20833615
0.1439695954322815,141.45834465,-30.62500245
-9999.0,104.79167505,9.37500075
1.2851003408432007,7.29166724999999,44.37500355
1.2478970289230347,141.87501135,-8.54166735
0.4034314751625061,-100.20834135,25.62500205
1.3639997243881226,-96.04167435,18.12500145
0.11626418679952621,115.62500925,-24.79166865
1.9466387033462524,107.29167525,21.04166835
0.19032083451747894,114.79167585,-27.70833555
0.3729659914970398,22.29166845,39.79166985
1.947410225868225,119.79167625,-2.29166685
1.2426096200942993,111.04167555,24.37500195
0.7313539385795593,101.45834145,17.70833475
0.40100809931755066,-107.29167525,28.12500225
1.1474179029464722,107.29167525,22.29166845
-9999.0,117.70834275,-0.625000049999997
-9999.0,133.12501065,-11.04166755
0.5871096253395081,-108.54167535,28.95833565
0.5332475900650024,28.12500225,39.37500315
1.2060668468475342,112.70834235,26.45833545
0.2719574570655823,-106.04167515,27.29166885
0.996527910232544,28.95833565,54.37500435
-9999.0,92.70834075,19.79166825
-9999.0,-87.70834035,29.79166905
0.5486772656440735,-100.62500805,19.37500155
-9999.0,-7.29166725000002,36.87500295
0.14390191435813904,118.54167615,-29.79166905
0.39194366335868835,-107.70834195,26.87500215
1.296889066696167,93.54167415,27.70833555
1.2818975448608398,108.12500865,15.20833455
0.2832481563091278,-100.20834135,26.87500215
1.7740966081619263,146.04167835,-7.29166725
-9999.0,9.79166744999998,42.29167005
1.1607364416122437,111.04167555,23.54166855
0.2788676619529724,-111.87500895,34.79166945
-9999.0,35.20833615,36.04166955
0.2141452431678772,-113.54167575,35.62500285
1.6201986074447632,119.79167625,-1.45833345
0.3496204614639282,147.29167845,-33.54166935
0.23208683729171753,117.29167605,-31.45833585
0.8696897029876709,-81.87500655,26.45833545
0.8564034104347229,33.12500265,51.45833745
-9999.0,107.29167525,-5.62500045
1.0610177516937256,104.79167505,28.95833565
-9999.0,98.12500785,8.12500065
-9999.0,121.04167635,9.37500075
0.16183294355869293,140.20834455,-33.12500265
1.209786057472229,93.54167415,23.95833525
1.8664209842681885,100.62500805,1.45833345
0.890689492225647,23.95833525,55.20833775
-9999.0,101.45834145,-3.12500025
0.12686634063720703,136.04167755,-31.45833585
1.7548636198043823,102.70834155,-1.87500015000001
0.8582624197006226,-81.04167315,25.20833535
2.363433837890625,136.45834425,36.04166955
0.6969578266143799,-4.37500035000002,42.70833675
0.9495213627815247,0.625000049999983,46.04167035
-9999.0,-96.04167435,28.54166895
0.6201351881027222,20.20833495,48.54167055
0.7728301286697388,26.45833545,42.70833675
0.21838898956775665,117.29167605,-30.20833575
0.4234173893928528,141.45834465,-36.87500295
0.892208993434906,37.70833635,54.37500435
-9999.0,126.87501015,3.95833365
1.4267438650131226,114.79167585,23.54166855
0.4260399639606476,-4.79166705,35.20833615
0.23301494121551514,120.20834295,-33.12500265
-9999.0,111.45834225,-8.54166735
-9999.0,119.79167625,-35.62500285
0.5993838310241699,27.29166885,38.12500305
1.0089303255081177,-93.54167415,50.20833735
0.39276471734046936,95.20834095,21.87500175
0.6220604181289673,37.70833635,40.20833655
-9999.0,123.54167655,23.95833525
-9999.0,129.37501035,31.04166915
-9999.0,106.87500855,9.79166744999999
0.15512551367282867,107.70834195,41.04166995
0.15103469789028168,141.45834465,-32.29166925
0.8245239853858948,-81.45833985,28.54166895
0.4612252712249756,-6.87500055000001,37.70833635
-9999.0,110.62500885,18.54166815
1.3630956411361694,101.87500815,3.95833365
0.9118270874023438,115.20834255,32.29166925
0.8359847068786621,-105.20834175,21.04166835
0.2963489890098572,-121.04167635,36.87500295
-9999.0,3.12500025,40.20833655
0.8802109956741333,30.62500245,53.12500425
0.1422041654586792,133.12501065,-30.62500245
2.9442670345306396,93.12500745,20.62500165
-9999.0,121.04167635,-4.79166705
0.3187938630580902,-105.62500845,26.04166875
-9999.0,123.12500985,0.208333350000004
0.15406517684459686,123.12500985,-30.62500245
0.28242984414100647,-116.04167595,32.29166925
-9999.0,26.04166875,38.12500305
0.9095346331596375,36.87500295,53.54167095
0.8974751234054565,-82.29167325,30.20833575
0.16968008875846863,-101.87500815,29.37500235
0.26393648982048035,103.95834165,36.87500295
-9999.0,160.20834615,-10.20833415
0.16011932492256165,125.62501005,-31.87500255
0.5512679219245911,15.20833455,37.70833635
2.357201337814331,116.45834265,1.87500014999999
1.7196674346923828,118.95834285,27.29166885
0.6419422030448914,-103.54167495,18.54166815
-9999.0,129.79167705,-1.04166675
0.948743999004364,145.62501165,-38.54166975
0.20319153368473053,118.12500945,-30.62500245
-9999.0,18.54166815,56.87500455
0.16390536725521088,-102.29167485,26.45833545
-9999.0,102.29167485,11.87500095
-9999.0,9.79166744999998,40.20833655
0.3586949110031128,-98.54167455,18.54166815
-9999.0,101.87500815,12.29166765
0.8607922792434692,-92.70834075,16.87500135
0.32360726594924927,-102.70834155,21.87500175
2.765854835510254,115.20834255,2.70833354999999
-9999.0,-77.29167285,56.04167115
0.32440632581710815,-101.45834145,25.20833535
1.3986388444900513,111.04167555,22.29166845
0.29143083095550537,116.87500935,-32.29166925
1.2429333925247192,112.70834235,24.37500195
-9999.0,79.37500635,8.12500065
1.2131822109222412,111.87500895,26.87500215
0.3280363082885742,-101.87500815,21.45833505
1.154528021812439,-80.62500645,48.95833725
-9999.0,35.62500285,34.37500275
1.4142491817474365,107.29167525,13.54166775
1.4807922840118408,-83.95834005,34.79166945
-9999.0,103.54167495,-5.62500045
1.8656922578811646,145.20834495,-5.62500045
-9999.0,112.70834235,21.87500175
0.2107558697462082,139.37501115,-34.37500275
-9999.0,-80.62500645,24.79166865
-9999.0,156.45834585,-8.54166735
0.18054412305355072,143.95834485,-34.37500275
0.8585165143013,101.45834145,13.54166775
-9999.0,115.62500925,-4.79166705
1.1980196237564087,103.54167495,21.45833505
1.8758286237716675,96.45834105,25.62500205
0.8500218987464905,21.04166835,38.54166975
1.0689592361450195,8.54166734999998,50.62500405
0.6685847043991089,29.37500235,39.79166985
-9999.0,118.12500945,3.95833365
-9999.0,166.04167995,-21.04166835
0.8489494323730469,-98.12500785,21.04166835
-9999.0,97.70834115,9.79166744999999
0.4981040060520172,11.87500095,42.70833675
-9999.0,98.54167455,1.04166675
-9999.0,-158.95834605,58.12500465
-9999.0,8.54166734999998,37.70833635
0.139277383685112,-106.87500855,31.04166915
0.9093484878540039,11.04166755,49.79167065
0.3558770418167114,-108.54167535,30.20833575
-9999.0,153.12501225,-24.37500195
0.1602606177330017,122.29167645,-30.62500245
0.13700516521930695,123.54167655,-31.04166915
0.5318598747253418,149.79167865,-31.87500255
-9999.0,-111.04167555,26.04166875
0.32889094948768616,-98.12500785,18.54166815
0.32305678725242615,145.20834495,-36.04166955
-9999.0,117.70834275,-35.62500285
1.2802555561065674,115.62500925,24.79166865
0.28850290179252625,142.70834475,-36.04166955
0.7996002435684204,29.79166905,39.79166985
-9999.0,98.12500785,12.29166765
-9999.0,93.95834085,16.45833465
-9999.0,118.54167615,-3.54166695000001
1.0127208232879639,102.29167485,19.79166825
0.47024792432785034,-120.62500965,35.20833615
0.6375133395195007,-71.87500575,-34.79166945
1.1614793539047241,16.45833465,38.95833645
0.815204381942749,-82.29167325,31.87500255
-9999.0,109.37500875,21.04166835
0.09968127310276031,139.79167785,-31.45833585
1.5369714498519897,104.37500835,-2.70833355000001
0.21676300466060638,142.70834475,-34.37500275
0.15580512583255768,-111.04167555,36.04166955
-9999.0,108.95834205,11.04166755
0.19414716958999634,136.04167755,-32.70833595
0.8355115652084351,3.95833364999999,46.04167035
0.6872155070304871,-96.04167435,42.29167005
0.18609395623207092,121.04167635,-30.62500245
-9999.0,129.37501035,-0.208333350000004
1.2246118783950806,115.62500925,26.04166875
0.10424872487783432,130.62501045,-29.37500235
0.8600198030471802,-98.95834125,21.04166835
1.8362398147583008,-96.04167435,17.70833475
0.18061694502830505,122.29167645,-31.45833585
0.24204760789871216,-109.79167545,38.54166975
-9999.0,172.70834715,-34.37500275
2.714508056640625,114.37500915,2.70833354999999
0.17626629769802094,142.70834475,-32.29166925
1.496534824371338,108.12500865,16.04166795
0.9566640257835388,-83.54167335,30.20833575
0.5229009985923767,-98.54167455,38.12500305
0.5219931602478027,148.95834525,-21.87500175
1.1828466653823853,108.12500865,22.70833515
0.865131139755249,42.70833675,56.04167115
-9999.0,119.37500955,11.45833425
0.8265522122383118,3.95833364999999,36.87500295
0.9091770052909851,16.04166795,43.95833685
0.6779520511627197,152.70834555,-28.12500225
-9999.0,100.20834135,-1.04166675
-9999.0,8.54166734999998,43.95833685
-9999.0,91.45834065,21.87500175
0.8997703790664673,14.37500115,41.04166995
-9999.0,116.04167595,-4.79166705
0.6390312910079956,28.95833565,40.62500325
-9999.0,145.62501165,-38.95833645
0.8437090516090393,26.87500215,51.45833745
1.1350990533828735,-85.62500685,50.62500405
0.3309985399246216,-104.37500835,23.95833525
2.131869316101074,-83.54167335,9.79166744999999
-9999.0,103.54167495,3.95833365
0.45165708661079407,23.12500185,37.70833635
0.2947399914264679,141.45834465,-36.04166955
0.24794186651706696,122.29167645,-32.70833595
1.573296308517456,118.54167615,26.87500215
-9999.0,101.04167475,3.12500025
0.7702423334121704,47.29167045,55.62500445
0.7773392796516418,-96.45834105,33.95833605
1.4371649026870728,116.45834265,27.29166885
-9999.0,114.37500915,-29.37500235
-9999.0,107.29167525,20.62500165
0.5732602477073669,151.04167875,-30.20833575
-9999.0,1.87500014999998,39.79166985
0.25709736347198486,-101.04167475,21.87500175
-9999.0,108.54167535,-1.04166675
-9999.0,123.54167655,12.70833435
-9999.0,7.70833395,57.70833795
1.3450539112091064,113.12500905,23.54166855
0.9929996728897095,30.62500245,55.62500445
-9999.0,153.54167895,-26.87500215
0.21861737966537476,-100.20834135,23.95833525
0.7284831404685974,23.54166855,51.87500415
0.17261067032814026,121.87500975,-30.62500245
0.2682362496852875,134.79167745,-33.12500265
-9999.0,-86.04167355,30.20833575
1.1594914197921753,103.54167495,17.70833475
0.5571306347846985,-111.45834225,34.79166945
0.9150214791297913,-83.12500665,30.20833575
-9999.0,121.87500975,19.79166825
0.44802045822143555,-102.29167485,20.20833495
-9999.0,98.95834125,-1.04166675
-9999.0,108.12500865,-6.04166715000001
2.259807825088501,-94.37500755,17.29166805
0.5495906472206116,26.45833545,41.87500335
0.5970973968505859,-107.29167525,26.87500215
0.5796712040901184,26.87500215,38.12500305
1.6177502870559692,145.62501165,-6.04166715000001
0.80705726146698,149.37501195,-36.45833625
-9999.0,109.79167545,-6.45833385
-9999.0,146.87501175,-18.54166815
0.21196769177913666,139.79167785,-34.37500275
0.7320764064788818,96.04167435,22.70833515
-9999.0,-3.54166695000001,54.37500435
2.593303680419922,115.20834255,3.12500025
2.15974497795105,98.95834125,1.45833345
2.1466455459594727,116.87500935,3.54166694999999
-9999.0,11.45833425,42.29167005
0.8275064826011658,23.54166855,53.12500425
-9999.0,106.87500855,-2.29166685
0.5214081406593323,-103.95834165,21.87500175
0.6871200799942017,-97.29167445,16.45833465
0.8302489519119263,-81.45833985,26.45833545
0.40688779950141907,134.37501075,-14.79166785
-9999.0,15.20833455,68.12500545
0.24977512657642365,119.79167625,-32.29166925
1.592028260231018,102.29167485,4.79166705
0.1968797892332077,133.54167735,-31.87500255
0.46285581588745117,117.29167605,-34.37500275
0.4412572383880615,150.20834535,-31.04166915
1.0753130912780762,-88.54167375,36.87500295
0.412100613117218,148.95834525,-25.20833535
0.15662454068660736,131.45834385,-31.45833585
0.21645022928714752,141.87501135,-34.79166945
-9999.0,136.87501095,-11.04166755
2.460750102996826,119.37500955,-2.70833355000001
-9999.0,165.62501325,-21.04166835
1.3825807571411133,111.04167555,26.04166875
0.9535722136497498,43.95833685,56.04167115
0.6246013641357422,-102.70834155,18.54166815
0.5106595754623413,-99.37500795,18.12500145
-9999.0,138.95834445,-16.87500135
0.6059406995773315,100.20834135,16.04166795
-9999.0,107.70834195,4.37500034999999
-9999.0,103.95834165,2.70833354999999
0.2124960869550705,143.54167815,-32.70833595
1.1054211854934692,23.12500185,56.87500455
-9999.0,97.70834115,14.79166785
-9999.0,144.37501155,-38.54166975
0.7729264497756958,43.95833685,37.29166965
-9999.0,139.79167785,-1.87500015000001
0.7153617739677429,46.04167035,35.62500285
1.1150579452514648,-66.04167195,-54.79167105
-9999.0,120.20834295,-6.04166715000001
0.33039408922195435,146.45834505,-34.79166945
-9999.0,146.45834505,-8.95833405
-9999.0,112.70834235,-6.87500055
0.20897147059440613,121.04167635,-32.29166925
1.0137487649917603,150.20834535,-35.62500285
0.32117658853530884,145.62501165,-35.62500285
-9999.0,-118.12500945,32.70833595
0.6599276065826416,48.95833725,53.54167095
0.5449813604354858,30.20833575,36.45833625
-9999.0,120.62500965,12.29166765
0.7878733277320862,49.79167065,55.20833775
2.6710033416748047,113.95834245,0.208333350000004
-9999.0,110.62500885,1.87500014999999
0.250151664018631,34.37500275,31.45833585
1.1726685762405396,-85.62500685,30.20833575
0.291833758354187,-111.04167555,31.45833585
0.5590088367462158,140.62501125,-37.29166965
1.300656795501709,111.45834225,23.12500185
-9999.0,114.37500915,-4.37500035000001
0.8522461652755737,28.95833565,51.04167075
0.20396049320697784,116.87500935,-30.20833575
-9999.0,21.04166835,38.95833645
0.3308970332145691,146.04167835,-35.62500285
1.307673692703247,9.37500075,51.87500415
0.6074150800704956,-97.70834115,37.29166965
-9999.0,126.87501015,-1.45833345
0.2590319514274597,115.62500925,-29.37500235
0.36855795979499817,-106.45834185,28.95833565
-9999.0,-66.45833865,-54.37500435
1.6676833629608154,105.62500845,-3.12500025
1.1971006393432617,121.45834305,29.79166905
-9999.0,106.45834185,3.54166694999999
1.3666164875030518,105.20834175,-5.20833375000001
1.0046656131744385,34.37500275,54.79167105
0.8572924137115479,-93.54167415,43.54167015
0.979993999004364,108.95834205,18.54166815
1.5255991220474243,101.45834145,-1.87500015000001
1.7398258447647095,92.70834075,23.95833525
0.14993837475776672,132.70834395,-30.62500245
1.8203811645507812,102.70834155,-3.95833365
-9999.0,91.04167395,22.29166845
-9999.0,5.62500044999999,36.87500295
0.7277114391326904,-96.45834105,36.45833625
0.8894606232643127,-81.87500655,29.79166905
1.782759428024292,-68.95833885,-55.20833775
1.334298014640808,109.79167545,20.62500165
0.32460758090019226,-110.20834215,30.62500245
0.41869989037513733,-3.54166695000001,41.45833665
1.4923996925354004,121.45834305,28.54166895
-9999.0,-88.54167375,30.20833575
1.0428903102874756,33.95833605,55.62500445
0.16335898637771606,141.04167795,-33.12500265
-9999.0,101.04167475,7.29166725
1.5843534469604492,116.45834265,-0.625000049999997
0.4638449251651764,28.12500225,38.12500305
0.7503193020820618,26.04166875,46.87500375
1.6542524099349976,113.95834245,23.95833525
1.1378917694091797,104.79167505,19.79166825
-9999.0,8.54166734999998,38.54166975
1.0455573797225952,88.12500705,22.29166845
1.1418883800506592,111.87500895,-7.29166725
-9999.0,8.95833404999999,37.29166965
1.6442660093307495,101.45834145,-1.45833345
0.22809946537017822,119.37500955,-31.45833585
1.2605997323989868,114.79167585,26.04166875
-9999.0,115.62500925,22.70833515
-9999.0,-1.04166675000002,55.62500445
2.5506863594055176,103.95834165,10.62500085
0.34900879859924316,-100.62500805,30.62500245
1.5422800779342651,96.04167435,5.20833374999999
-9999.0,100.20834135,2.70833354999999
0.388759046792984,143.54167815,-36.45833625
-9999.0,176.04168075,-36.45833625
0.5650330185890198,115.62500925,39.79166985
-9999.0,114.37500915,-28.95833565
0.6700233817100525,44.37500355,37.29166965
1.0336081981658936,4.79166705,49.37500395
0.4186836779117584,23.54166855,41.04166995
0.6022217869758606,151.45834545,-24.79166865
0.8836104869842529,116.87500935,-34.79166945
-9999.0,104.37500835,9.79166744999999
0.6400465369224548,149.37501195,-33.12500265
0.23161713778972626,-101.04167475,24.79166865
-9999.0,103.12500825,1.04166675
-9999.0,8.54166734999998,54.79167105
0.20036467909812927,110.62500885,42.29167005
0.17128534615039825,139.37501115,-33.54166935
0.9470112323760986,106.04167515,10.20833415
0.8738721609115601,41.45833665,54.79167105
0.19045794010162354,116.87500935,-29.37500235
-9999.0,108.54167535,1.87500014999999
0.7003672122955322,98.12500785,17.70833475
-9999.0,17.70833475,41.04166995
0.8624165058135986,95.20834095,28.95833565
0.380092054605484,-101.04167475,18.54166815
0.6502265334129333,27.70833555,39.79166985
-9999.0,129.79167705,-0.208333350000004
-9999.0,101.04167475,-3.12500025
0.2595950663089752,-110.20834215,33.12500265
-9999.0,98.12500785,11.87500095
0.6375742554664612,26.04166875,39.79166985
1.3932186365127563,109.79167545,21.04166835
2.091444730758667,144.37501155,-6.04166715000001
0.34001535177230835,-108.12500865,33.95833605
-9999.0,11.45833425,41.87500335
-9999.0,120.62500965,-8.95833405
1.6172137260437012,117.29167605,2.29166685
2.239675760269165,95.62500765,4.79166705
1.3314563035964966,76.04167275,32.70833595
1.1248477697372437,106.87500855,21.45833505
0.7909934520721436,-81.04167315,27.70833555
0.8666592836380005,29.37500235,52.70833755
0.5782178044319153,9.37500075,41.04166995
1.422946572303772,103.54167495,1.45833345
-9999.0,118.95834285,23.12500185
-9999.0,116.87500935,8.54166735
0.5958367586135864,-103.54167495,19.79166825
0.6146305203437805,27.29166885,41.04166995
2.370335578918457,112.29167565,1.04166675
0.7713342905044556,-81.45833985,27.70833555
0.4813430905342102,-108.54167535,29.37500235
0.5193859338760376,24.79166865,41.04166995
0.10042758285999298,138.54167775,-30.20833575
-9999.0,106.04167515,-3.54166695000001
0.8460605144500732,151.04167875,-33.95833605
-9999.0,121.87500975,10.20833415
0.6959174275398254,85.62500685,28.12500225
-9999.0,97.29167445,5.20833374999999
0.6080107092857361,27.70833555,41.04166995
-9999.0,-7.29166725000002,62.29167165
-9999.0,-2.70833355000002,49.37500395
0.1334606558084488,130.20834375,-27.70833555
1.245707392692566,115.62500925,24.37500195
1.2418235540390015,121.87500975,-4.79166705
0.7215915322303772,-96.87500775,38.95833645
0.3128185272216797,-107.29167525,28.95833565
0.6966778635978699,21.87500175,37.29166965
1.3100379705429077,122.29167645,-3.95833365
0.877072274684906,21.87500175,41.04166995
0.4626590609550476,-0.208333350000004,40.20833655
0.30346864461898804,-105.20834175,26.04166875
0.13199284672737122,132.70834395,-30.20833575
0.6126152276992798,-104.79167505,22.70833515
0.23594030737876892,121.04167635,-33.12500265
-9999.0,148.12501185,-10.20833415
-9999.0,134.79167745,-1.45833345
-9999.0,118.12500945,6.04166714999999
-9999.0,121.45834305,-33.95833605
0.10429742932319641,140.62501125,-30.20833575
1.773079514503479,117.70834275,27.70833555
0.5831717848777771,149.79167865,-33.54166935
1.7965830564498901,119.79167625,27.29166885
0.9360421299934387,35.62500285,53.95833765
-9999.0,88.95834045,21.45833505
0.2244490385055542,-101.04167475,26.87500215
0.5163664817810059,-108.95834205,29.79166905
1.3826175928115845,116.04167595,23.12500185
0.18997253477573395,-105.20834175,31.45833585
-9999.0,138.12501105,-16.45833465
-9999.0,130.20834375,31.04166915
0.34175506234169006,119.37500955,-33.95833605
-9999.0,122.70834315,14.79166785
1.5792982578277588,101.04167475,-1.45833345
0.15241974592208862,139.79167785,-32.29166925
0.0867714136838913,140.20834455,-30.62500245
-9999.0,120.20834295,-0.625000049999997
