LandCover_6_Herbaceous,x,y
0.0,21.87500175,36.87500295
0.0,151.45834545,-31.87500255
17.0,123.54167655,-30.62500245
0.0,139.37501115,-33.95833605
0.0,151.45834545,-26.45833545
0.0,27.29166885,39.37500315
0.0,25.62500205,42.29167005
0.0,151.45834545,-33.54166935
0.0,91.04167395,22.29166845
0.0,101.04167475,-0.208333350000004
25.0,136.87501095,-33.54166935
0.0,122.29167645,-8.12500065
0.0,102.29167485,11.45833425
43.0,-98.12500785,18.95833485
0.0,-123.54167655,38.54166975
5.0,-108.12500865,29.79166905
0.0,121.87500975,28.12500225
0.0,118.54167615,-3.54166695000001
0.0,36.45833625,59.37500475
0.0,20.62500165,48.95833725
0.0,10.20833415,49.37500395
0.0,-88.54167375,14.37500115
0.0,-83.95834005,30.20833575
0.0,133.12501065,-32.70833595
0.0,118.54167615,-32.29166925
0.0,18.95833485,41.04166995
47.0,-68.12500545,-55.62500445
0.0,-81.45833985,34.37500275
0.0,136.45834425,-30.20833575
0.0,131.87501055,35.62500285
0.0,29.37500235,51.87500415
0.0,100.62500805,8.12500065
0.0,153.54167895,-25.62500205
0.0,-75.62500605,37.70833635
0.0,111.87500895,22.70833515
0.0,150.62501205,-23.95833525
0.0,117.29167605,27.70833555
0.0,-93.95834085,34.37500275
0.0,10.62500085,44.37500355
0.0,29.37500235,51.45833745
0.0,108.12500865,23.12500185
0.0,-101.04167475,18.95833485
0.0,113.95834245,23.95833525
0.0,-101.04167475,23.12500185
35.0,149.37501195,-34.37500275
0.0,86.04167355,52.70833755
0.0,92.29167405,23.95833525
14.0,-102.70834155,23.12500185
0.0,107.70834195,3.95833365
0.0,22.70833515,37.70833635
0.0,103.12500825,-4.79166705
0.0,-105.62500845,26.45833545
0.0,104.37500835,18.95833485
0.0,-65.20833855,-54.79167105
0.0,-81.04167315,29.79166905
0.0,121.04167635,-32.29166925
0.0,100.62500805,7.70833395
0.0,99.37500795,7.29166725
0.0,116.04167595,25.20833535
0.0,22.70833515,45.62500365
0.0,119.37500955,-33.95833605
0.0,167.70834675,-29.37500235
0.0,102.29167485,19.79166825
0.0,96.45834105,20.62500165
0.0,-2.29166685000001,41.04166995
0.0,-123.54167655,41.04166995
0.0,18.54166815,56.87500455
0.0,167.70834675,-28.95833565
0.0,-103.54167495,20.20833495
0.0,93.12500745,20.62500165
0.0,-97.70834115,36.87500295
0.0,141.45834465,-14.79166785
0.0,141.04167795,-16.87500135
18.0,-110.20834215,31.87500255
39.0,123.12500985,-16.87500135
0.0,143.95834485,-16.87500135
0.0,140.62501125,-30.62500245
0.0,9.37500075,37.29166965
0.0,-103.12500825,29.37500235
0.0,143.54167815,-35.62500285
0.0,43.54167015,58.54167135
0.0,108.95834205,23.95833525
0.0,108.12500865,12.70833435
0.0,101.45834145,3.54166694999999
0.0,95.62500765,4.79166705
0.0,116.04167595,25.62500205
0.0,12.29166765,41.87500335
21.0,120.62500965,-32.29166925
0.0,-5.62500045000002,38.54166975
0.0,101.45834145,18.12500145
0.0,-81.45833985,29.37500235
0.0,-103.12500825,23.54166855
12.0,8.95833404999999,51.87500415
0.0,120.62500965,24.79166865
5.0,-77.29167285,36.04166955
0.0,19.37500155,55.20833775
16.0,123.12500985,-29.79166905
0.0,118.12500945,27.70833555
0.0,121.87500975,-3.95833365
0.0,8.54166734999998,38.54166975
0.0,142.29167805,-33.95833605
0.0,109.37500875,13.54166775
34.0,12.70833435,37.70833635
0.0,105.62500845,11.04166755
0.0,11.87500095,42.70833675
0.0,101.45834145,18.95833485
0.0,-101.45834145,26.87500215
0.0,1.45833345,45.20833695
0.0,123.54167655,-6.04166715000001
0.0,-98.95834125,21.45833505
0.0,-95.62500765,17.29166805
0.0,130.62501045,-29.79166905
0.0,113.12500905,22.29166845
0.0,102.29167485,-4.37500035000001
17.0,97.29167445,16.87500135
0.0,118.12500945,-35.62500285
35.0,28.95833565,37.29166965
0.0,108.54167535,-3.12500025
0.0,102.70834155,-4.37500035000001
0.0,123.12500985,-29.37500235
0.0,145.62501165,-36.04166955
0.0,118.12500945,-34.37500275
0.0,26.87500215,39.37500315
0.0,114.79167585,5.62500045
0.0,26.04166875,37.29166965
0.0,118.54167615,32.29166925
0.0,-134.37501075,67.29167205
0.0,105.62500845,-6.87500055
0.0,26.87500215,36.87500295
0.0,136.45834425,-33.12500265
0.0,119.37500955,-30.62500245
0.0,92.70834075,24.79166865
0.0,100.62500805,12.29166765
0.0,122.29167645,8.54166735
6.0,-105.20834175,21.04166835
0.0,142.29167805,-32.29166925
0.0,122.70834315,24.37500195
0.0,140.20834455,-8.12500065
0.0,-106.87500855,26.04166875
0.0,119.37500955,-2.70833355000001
0.0,103.54167495,19.79166825
37.0,-107.70834195,33.95833605
0.0,131.87501055,-32.29166925
3.0,109.79167545,20.62500165
0.0,117.70834275,1.04166675
0.0,106.45834185,10.62500085
0.0,117.29167605,-30.62500245
0.0,94.79167425,26.45833545
0.0,120.20834295,-1.45833345
0.0,97.70834115,15.20833455
0.0,114.37500915,-27.29166885
0.0,97.29167445,16.45833465
33.0,104.37500835,23.54166855
0.0,131.45834385,-2.70833355000001
0.0,35.62500285,35.62500285
0.0,36.45833625,57.29167125
0.0,9.37500075,54.79167105
17.0,-106.45834185,27.70833555
0.0,101.87500815,12.70833435
0.0,-108.54167535,26.87500215
0.0,112.29167565,26.45833545
33.0,-66.04167195,-54.79167105
0.0,-59.79167145,46.04167035
0.0,-102.70834155,21.04166835
0.0,-105.62500845,26.87500215
0.0,21.45833505,36.87500295
0.0,140.62501125,-35.62500285
0.0,125.20834335,-32.70833595
0.0,146.87501175,-5.62500045
0.0,107.29167525,14.79166785
0.0,-105.20834175,31.45833585
0.0,118.95834285,29.37500235
0.0,123.54167655,6.87500055
0.0,118.95834285,-32.70833595
0.0,13.12500105,41.04166995
0.0,102.70834155,1.04166675
0.0,-82.70833995,28.54166895
0.0,45.62500365,53.95833765
0.0,26.45833545,38.54166975
0.0,-102.29167485,19.37500155
0.0,28.54166895,40.62500325
0.0,167.29168005,-16.87500135
0.0,-123.95834325,41.45833665
0.0,121.87500975,-3.12500025
0.0,89.79167385,21.87500175
0.0,0.625000049999983,45.20833695
14.0,-78.95833965,33.95833605
0.0,3.95833364999999,47.70833715
0.0,113.95834245,-27.29166885
13.0,141.87501135,-32.70833595
0.0,113.54167575,3.54166694999999
0.0,120.20834295,29.37500235
12.0,-102.29167485,20.20833495
0.0,28.12500225,36.87500295
0.0,-70.20833895,-53.95833765
0.0,144.79167825,-16.87500135
0.0,123.54167655,-0.625000049999997
31.0,-97.70834115,19.79166825
0.0,-81.04167315,31.87500255
0.0,-106.04167515,21.04166835
0.0,-79.79167305,45.20833695
0.0,133.12501065,-2.29166685
0.0,100.62500805,3.95833365
0.0,10.62500085,42.29167005
0.0,46.45833705,54.37500435
0.0,141.45834465,-30.62500245
0.0,129.79167705,-0.625000049999997
0.0,108.12500865,15.62500125
0.0,107.29167525,-7.70833395
0.0,-1.45833345,41.04166995
0.0,25.20833535,46.87500375
0.0,144.37501155,-38.54166975
0.0,101.45834145,-0.208333350000004
0.0,6.45833385,48.95833725
0.0,106.04167515,-1.45833345
0.0,133.54167735,-13.12500105
0.0,100.62500805,5.20833374999999
0.0,151.87501215,-26.45833545
0.0,115.20834255,26.04166875
0.0,-116.87500935,33.12500265
0.0,76.04167275,32.70833595
0.0,86.87500695,20.62500165
23.0,-101.87500815,28.54166895
0.0,33.95833605,55.20833775
0.0,114.37500915,3.95833365
0.0,9.37500075,63.12500505
51.0,101.45834145,38.54166975
0.0,4.79166705,43.12500345
33.0,107.70834195,36.04166955
0.0,146.87501175,-6.04166715000001
0.0,98.54167455,1.45833345
0.0,91.87500735,22.29166845
0.0,153.12501225,-30.20833575
14.0,-110.20834215,33.12500265
11.0,-107.70834195,27.29166885
0.0,93.12500745,19.79166825
0.0,119.37500955,25.62500205
0.0,112.29167565,-6.45833385
0.0,146.45834505,-41.04166995
12.0,12.29166765,56.04167115
0.0,115.62500925,-8.12500065
0.0,8.54166734999998,37.29166965
0.0,14.37500115,37.70833635
0.0,113.54167575,23.95833525
0.0,96.87500775,19.79166825
0.0,168.12501345,-16.45833465
0.0,108.54167535,0.208333350000004
0.0,34.79166945,31.87500255
0.0,16.87500135,39.37500315
0.0,33.54166935,36.04166955
0.0,-72.70833915,-51.87500415
0.0,20.20833495,48.54167055
0.0,121.87500975,-1.04166675
20.0,-87.70834035,30.62500245
0.0,143.95834485,-39.79166985
0.0,106.87500855,-5.62500045
0.0,17.29166805,40.20833655
0.0,135.20834415,-34.37500275
0.0,21.45833505,39.37500315
11.0,-107.70834195,30.20833575
0.0,121.45834305,-0.208333350000004
0.0,118.12500945,1.04166675
0.0,-84.79167345,31.87500255
0.0,-85.20834015,29.79166905
19.0,-98.95834125,21.87500175
0.0,110.20834215,18.54166815
0.0,24.79166865,39.79166985
0.0,97.70834115,3.54166694999999
0.0,21.87500175,38.12500305
0.0,-68.12500545,-54.37500435
0.0,-6.04166715000002,39.37500315
0.0,-1.87500015000001,37.70833635
34.0,141.87501135,-36.45833625
0.0,-105.62500845,21.04166835
15.0,151.04167875,-27.70833555
0.0,-81.04167315,25.20833535
0.0,108.54167535,-7.70833395
0.0,173.12501385,-34.37500275
0.0,116.45834265,-3.12500025
0.0,11.04166755,49.79167065
24.0,71.04167235,35.20833615
0.0,-104.37500835,31.45833585
0.0,102.29167485,-1.87500015000001
0.0,-135.20834415,56.45833785
0.0,14.79166785,38.12500305
0.0,106.04167515,13.95833445
36.0,33.95833605,55.62500445
0.0,144.37501155,-6.04166715000001
0.0,141.87501135,-34.37500275
0.0,-104.37500835,21.04166835
0.0,21.04166835,40.62500325
0.0,1.04166674999999,53.12500425
0.0,100.20834135,-1.04166675
30.0,-71.87500575,-34.79166945
91.0,-101.45834145,29.79166905
0.0,93.95834085,16.45833465
79.0,-103.54167495,36.45833625
23.0,-99.79167465,23.12500185
0.0,112.29167565,26.87500215
0.0,144.37501155,-36.45833625
0.0,119.37500955,-36.04166955
0.0,-105.20834175,23.95833525
0.0,116.04167595,1.04166675
0.0,-80.62500645,30.62500245
0.0,140.20834455,-30.62500245
0.0,133.12501065,-11.04166755
0.0,121.87500975,10.20833415
0.0,34.37500275,56.87500455
0.0,137.70834435,-30.62500245
0.0,115.62500925,-29.37500235
0.0,4.79166705,49.37500395
0.0,146.45834505,-8.95833405
0.0,3.54166694999998,43.95833685
5.0,-104.37500835,23.95833525
0.0,93.54167415,18.95833485
0.0,17.70833475,40.62500325
0.0,92.29167405,25.62500205
0.0,115.20834255,3.54166694999999
0.0,143.95834485,-33.54166935
0.0,-71.87500575,-41.45833665
0.0,120.20834295,12.29166765
0.0,126.04167675,-32.70833595
0.0,143.12501145,-3.12500025
15.0,-105.20834175,20.20833495
0.0,141.04167795,-36.87500295
0.0,105.62500845,-4.37500035000001
0.0,108.95834205,3.12500025
34.0,121.04167635,-30.20833575
0.0,101.04167475,4.79166705
7.0,-108.95834205,33.54166935
0.0,101.04167475,18.54166815
0.0,119.37500955,-31.45833585
5.0,-106.04167515,24.79166865
0.0,172.29168045,-33.95833605
0.0,147.70834515,-34.37500275
0.0,118.12500945,1.45833345
0.0,-98.12500785,21.04166835
0.0,120.20834295,6.04166714999999
23.0,4.79166705,47.29167045
0.0,118.54167615,27.70833555
50.0,-100.62500805,33.12500265
84.0,-100.62500805,27.70833555
0.0,149.37501195,-37.70833635
0.0,-96.04167435,28.54166895
0.0,165.20834655,-21.45833505
0.0,141.87501135,-35.20833615
0.0,151.87501215,-27.70833555
13.0,-123.12500985,38.95833645
0.0,88.12500705,22.29166845
0.0,37.70833635,54.37500435
5.0,-109.37500875,31.87500255
0.0,116.87500935,3.12500025
0.0,102.70834155,-2.29166685
0.0,8.54166734999998,50.62500405
0.0,8.54166734999998,39.37500315
0.0,-3.95833365000001,36.87500295
11.0,-108.12500865,30.20833575
13.0,-107.70834195,26.04166875
0.0,97.29167445,3.95833365
0.0,-67.29167205,-55.62500445
0.0,111.04167555,-0.625000049999997
0.0,111.04167555,27.70833555
5.0,8.95833404999999,48.12500385
0.0,104.79167505,29.79166905
0.0,135.20834415,-14.79166785
0.0,108.95834205,19.37500155
8.0,121.45834305,-33.12500265
0.0,104.37500835,10.20833415
0.0,-83.54167335,22.70833515
0.0,26.45833545,38.12500305
17.0,-99.37500795,16.87500135
0.0,128.95834365,-31.87500255
0.0,166.04167995,-21.04166835
9.0,137.70834435,-33.95833605
0.0,96.04167435,22.70833515
0.0,-79.79167305,33.12500265
21.0,148.95834525,-35.62500285
0.0,-0.625000050000011,38.54166975
0.0,-108.95834205,27.70833555
0.0,141.87501135,-34.79166945
9.0,23.95833525,46.04167035
0.0,-110.20834215,30.20833575
0.0,109.37500875,20.62500165
0.0,41.87500335,53.95833765
16.0,-98.95834125,20.20833495
0.0,101.04167475,1.04166675
0.0,42.70833675,56.87500455
0.0,121.04167635,22.70833515
0.0,-6.87500055000001,36.87500295
0.0,93.95834085,20.62500165
0.0,105.62500845,-6.04166715000001
0.0,104.79167505,12.70833435
0.0,124.79167665,-9.79166745000001
52.0,-110.20834215,31.04166915
0.0,107.29167525,3.95833365
0.0,117.70834275,-32.29166925
0.0,143.54167815,-13.95833445
0.0,123.95834325,-1.87500015000001
0.0,-81.04167315,32.29166925
54.0,-97.70834115,17.70833475
0.0,149.37501195,-37.29166965
0.0,110.62500885,-8.54166735
0.0,17.70833475,41.04166995
0.0,143.95834485,-5.62500045
0.0,-104.37500835,27.70833555
0.0,96.04167435,20.62500165
0.0,148.12501185,-38.12500305
0.0,115.20834255,6.04166714999999
0.0,144.37501155,-38.12500305
5.0,144.37501155,-31.45833585
0.0,136.45834425,-11.45833425
0.0,119.37500955,23.95833525
0.0,152.70834555,-24.37500195
0.0,135.20834415,-12.29166765
0.0,116.45834265,-36.04166955
0.0,104.79167505,1.04166675
0.0,132.29167725,-30.62500245
2.0,4.79166705,51.04167075
13.0,-101.04167475,18.12500145
0.0,40.20833655,55.62500445
5.0,1.45833345,49.37500395
5.0,105.20834175,9.37500075
0.0,164.37501315,-19.79166825
12.0,-108.95834205,31.04166915
0.0,122.29167645,-31.87500255
0.0,127.29167685,33.54166935
0.0,146.45834505,-32.29166925
0.0,-81.45833985,31.45833585
0.0,134.79167745,-14.37500115
0.0,118.12500945,-33.12500265
0.0,147.70834515,-39.79166985
13.0,-3.54166695000001,41.04166995
0.0,101.45834145,3.12500025
0.0,149.79167865,-4.79166705
3.0,-85.62500685,30.20833575
0.0,122.29167645,29.79166905
0.0,128.12501025,-7.29166725
8.0,145.20834495,-32.70833595
0.0,-106.45834185,28.54166895
0.0,28.54166895,36.45833625
13.0,98.54167455,25.62500205
0.0,115.20834255,-28.54166895
0.0,-112.29167565,35.62500285
6.0,-80.62500645,33.54166935
0.0,-88.95834045,29.79166905
0.0,122.70834315,-33.95833605
33.0,-98.95834125,24.79166865
85.0,-101.45834145,29.37500235
0.0,-2.70833355000002,43.95833685
0.0,117.29167605,1.45833345
0.0,123.12500985,-30.20833575
10.0,-109.79167545,23.12500185
0.0,119.79167625,-1.04166675
0.0,102.70834155,-3.95833365
70.0,-110.62500885,31.87500255
0.0,108.54167535,16.04166795
51.0,149.37501195,-35.20833615
0.0,101.04167475,1.45833345
0.0,121.87500975,31.87500255
0.0,105.62500845,9.79166744999999
0.0,141.87501135,-37.29166965
0.0,113.54167575,24.37500195
0.0,-88.95834045,14.79166785
0.0,-118.12500945,34.37500275
0.0,115.62500925,-4.79166705
0.0,141.04167795,-32.29166925
0.0,92.29167405,25.20833535
0.0,94.79167425,26.04166875
0.0,-2.29166685000001,37.70833635
0.0,28.12500225,39.37500315
35.0,149.79167865,-34.37500275
3.0,138.54167775,-32.29166925
0.0,-106.45834185,29.37500235
0.0,150.20834535,-34.79166945
0.0,-96.45834105,17.29166805
84.0,151.04167875,-29.37500235
0.0,122.29167645,-3.95833365
0.0,31.45833585,53.95833765
0.0,140.62501125,-34.37500275
32.0,-72.70833915,-48.12500385
24.0,149.79167865,-34.79166945
0.0,143.54167815,-6.04166715000001
29.0,151.04167875,-30.20833575
0.0,103.12500825,22.29166845
0.0,103.12500825,-3.95833365
24.0,152.70834555,-31.04166915
1.0,-112.70834235,34.79166945
0.0,98.12500785,11.87500095
0.0,136.45834425,-33.54166935
0.0,34.37500275,31.45833585
10.0,-109.37500875,29.37500235
6.0,-103.95834165,20.62500165
0.0,109.79167545,23.12500185
14.0,-103.54167495,21.45833505
31.0,-96.87500775,30.20833575
0.0,118.12500945,-35.20833615
0.0,140.62501125,-31.45833585
11.0,99.79167465,1.45833345
0.0,101.45834145,19.37500155
0.0,133.95834405,-31.87500255
0.0,27.70833555,39.79166985
25.0,-99.79167465,25.20833535
0.0,101.87500815,6.04166714999999
21.0,41.87500335,55.20833775
0.0,108.95834205,21.04166835
35.0,-100.20834135,26.87500215
0.0,151.04167875,-28.54166895
0.0,106.45834185,-5.62500045
0.0,137.29167765,-33.95833605
7.0,-106.87500855,26.87500215
16.0,151.45834545,-26.04166875
0.0,-77.29167285,34.37500275
0.0,105.62500845,10.62500085
0.0,111.04167555,1.45833345
0.0,136.45834425,-32.70833595
0.0,16.04166795,41.45833665
0.0,136.45834425,-16.45833465
0.0,108.12500865,21.87500175
18.0,-120.62500965,35.20833615
0.0,136.45834425,-11.04166755
0.0,41.45833665,52.29167085
0.0,-108.54167535,31.87500255
0.0,117.70834275,2.70833354999999
0.0,34.79166945,32.29166925
0.0,112.29167565,0.208333350000004
0.0,140.20834455,37.29166965
0.0,152.70834555,-27.70833555
0.0,107.29167525,20.62500165
12.0,149.37501195,-33.54166935
32.0,108.12500865,36.87500295
20.0,-102.29167485,30.62500245
0.0,133.12501065,-30.62500245
0.0,-3.12500025,43.95833685
0.0,142.29167805,-32.70833595
0.0,101.04167475,7.29166725
0.0,101.87500815,-0.625000049999997
0.0,-106.04167515,21.45833505
0.0,-111.45834225,34.79166945
0.0,-1.04166675000002,40.20833655
0.0,118.12500945,3.95833365
28.0,-110.62500885,30.20833575
18.0,-100.62500805,23.12500185
0.0,116.45834265,-8.12500065
0.0,123.54167655,-2.29166685
14.0,132.70834395,-31.04166915
11.0,-99.79167465,18.95833485
15.0,144.37501155,-31.87500255
0.0,137.29167765,-34.37500275
0.0,102.29167485,2.70833354999999
0.0,158.54167935,-8.54166735
0.0,-83.12500665,22.70833515
11.0,-107.29167525,25.62500205
7.0,-104.37500835,23.12500185
0.0,112.29167565,23.54166855
0.0,-5.20833375000001,38.95833645
0.0,109.79167545,21.04166835
0.0,0.625000049999983,48.54167055
0.0,120.62500965,-1.87500015000001
0.0,118.95834285,5.62500045
0.0,-102.29167485,20.62500165
0.0,93.95834085,19.79166825
0.0,33.95833605,51.04167075
0.0,118.12500945,6.04166714999999
0.0,118.54167615,1.45833345
0.0,-84.79167345,14.37500115
0.0,117.29167605,-31.45833585
0.0,163.12501305,-19.37500155
0.0,98.12500785,7.29166725
0.0,41.87500335,56.45833785
17.0,-91.45834065,56.04167115
0.0,106.04167515,-6.87500055
20.0,123.54167655,-29.79166905
0.0,120.62500965,-9.37500075
0.0,-106.04167515,26.45833545
0.0,43.95833685,56.87500455
0.0,-109.37500875,23.54166855
0.0,128.54167695,27.29166885
5.0,120.20834295,-31.87500255
27.0,151.45834545,-29.37500235
0.0,20.62500165,53.95833765
0.0,27.70833555,41.04166995
0.0,146.87501175,-35.62500285
35.0,149.79167865,-36.45833625
0.0,127.29167685,-32.70833595
0.0,121.45834305,28.54166895
0.0,116.04167595,-31.04166915
0.0,143.12501145,-33.95833605
0.0,37.70833635,54.79167105
0.0,116.45834265,-33.54166935
0.0,120.62500965,21.87500175
0.0,105.62500845,13.12500105
0.0,143.54167815,-36.04166955
0.0,101.04167475,-1.04166675
0.0,-110.20834215,25.20833535
41.0,29.37500235,39.79166985
0.0,104.79167505,-2.29166685
0.0,28.12500225,36.45833625
0.0,23.95833525,51.45833745
0.0,101.04167475,12.29166765
0.0,121.45834305,18.95833485
0.0,97.29167445,4.79166705
0.0,-82.29167325,27.29166885
0.0,104.37500835,12.70833435
0.0,-110.62500885,31.04166915
2.0,4.79166705,50.20833735
0.0,144.79167825,-32.29166925
0.0,115.62500925,2.29166685
8.0,119.37500955,-32.70833595
0.0,115.20834255,-30.20833575
0.0,1.04166674999999,43.12500345
0.0,-108.54167535,30.20833575
10.0,139.37501115,-33.12500265
35.0,72.29167245,35.20833615
0.0,103.12500825,20.20833495
11.0,-89.79167385,14.79166785
0.0,117.70834275,-34.79166945
0.0,111.87500895,-1.45833345
0.0,4.37500034999999,53.54167095
0.0,150.62501205,-25.20833535
0.0,14.37500115,38.12500305
0.0,118.54167615,-30.62500245
0.0,-83.12500665,31.04166915
0.0,115.62500925,-24.79166865
0.0,143.12501145,-33.54166935
0.0,8.54166734999998,51.04167075
0.0,0.625000049999983,53.54167095
0.0,121.04167635,-31.87500255
0.0,110.62500885,-1.45833345
39.0,-71.45833905,-53.54167095
0.0,100.20834135,4.79166705
0.0,116.45834265,-1.04166675
12.0,178.12501425,-38.54166975
0.0,164.37501315,-20.62500165
0.0,113.12500905,0.208333350000004
0.0,21.45833505,51.87500415
0.0,45.62500365,57.70833795
0.0,47.29167045,56.87500455
0.0,119.79167625,28.12500225
0.0,27.70833555,50.62500405
0.0,121.87500975,25.62500205
0.0,-103.54167495,23.12500185
0.0,131.45834385,-29.79166905
0.0,23.12500185,54.79167105
0.0,144.37501155,-5.62500045
0.0,37.70833635,52.29167085
24.0,-109.79167545,32.29166925
0.0,141.45834465,-13.12500105
0.0,43.12500345,53.12500425
38.0,-105.62500845,26.04166875
0.0,-92.29167405,15.62500125
0.0,111.04167555,-1.45833345
0.0,141.87501135,-15.62500125
0.0,116.87500935,3.95833365
0.0,117.29167605,3.95833365
0.0,92.70834075,21.04166835
0.0,114.37500915,23.54166855
0.0,-79.79167305,26.45833545
0.0,116.87500935,-35.62500285
0.0,115.20834255,5.62500045
0.0,34.37500275,31.87500255
0.0,8.12500064999998,51.04167075
0.0,-106.87500855,27.70833555
0.0,-3.12500025,53.95833765
52.0,103.95834165,35.20833615
0.0,146.04167835,-32.70833595
0.0,-69.37500555,-53.95833765
0.0,144.37501155,-33.95833605
0.0,28.54166895,38.54166975
31.0,-98.54167455,19.79166825
0.0,151.45834545,-24.79166865
0.0,-91.04167395,13.95833445
0.0,104.79167505,21.45833505
0.0,150.20834535,-28.95833565
0.0,9.79166744999998,43.95833685
12.0,-101.87500815,20.62500165
0.0,-104.37500835,30.62500245
0.0,152.29167885,-27.70833555
0.0,21.04166835,54.37500435
0.0,16.87500135,41.45833665
5.0,-88.12500705,30.62500245
0.0,-81.04167315,32.70833595
0.0,94.37500755,23.54166855
0.0,116.45834265,1.87500014999999
0.0,9.37500075,40.62500325
0.0,127.70834355,33.95833605
0.0,-81.45833985,30.20833575
0.0,109.37500875,23.54166855
0.0,148.95834525,-31.04166915
0.0,98.12500785,22.29166845
13.0,-111.04167555,33.54166935
0.0,113.95834245,23.54166855
0.0,120.20834295,-34.37500275
0.0,95.20834095,23.95833525
0.0,30.62500245,51.87500415
29.0,-103.12500825,23.12500185
0.0,111.87500895,26.45833545
0.0,119.79167625,-2.29166685
5.0,-106.45834185,21.45833505
0.0,123.54167655,14.37500115
0.0,103.54167495,19.37500155
0.0,118.54167615,-2.70833355000001
0.0,116.87500935,6.87500055
0.0,-102.29167485,27.29166885
0.0,111.87500895,23.12500185
54.0,-99.79167465,21.04166835
0.0,109.37500875,18.12500145
0.0,23.95833525,34.79166945
0.0,116.04167595,4.37500034999999
0.0,23.95833525,41.04166995
0.0,-83.95834005,34.79166945
0.0,108.12500865,14.37500115
0.0,151.04167875,-23.54166855
17.0,150.62501205,-29.37500235
0.0,-85.20834015,46.87500375
0.0,24.37500195,40.62500325
0.0,124.37500995,-15.62500125
0.0,-81.45833985,32.70833595
0.0,26.04166875,39.37500315
0.0,148.95834525,-21.87500175
0.0,103.12500825,1.04166675
0.0,108.54167535,35.20833615
0.0,6.45833385,51.04167075
30.0,-101.87500815,28.95833565
0.0,104.79167505,-1.87500015000001
0.0,121.04167635,5.62500045
30.0,40.20833655,39.37500315
0.0,-3.54166695000001,34.79166945
15.0,-103.95834165,30.62500245
0.0,121.04167635,-31.04166915
0.0,17.29166805,40.62500325
0.0,-99.79167465,24.79166865
0.0,116.45834265,-29.79166905
22.0,-2.70833355000002,56.04167115
0.0,115.20834255,-3.12500025
34.0,-108.12500865,32.70833595
0.0,-120.20834295,33.95833605
0.0,113.54167575,-0.208333350000004
0.0,117.70834275,-31.45833585
44.0,-0.208333350000004,51.04167075
0.0,107.29167525,-7.29166725
0.0,153.12501225,-24.37500195
0.0,37.70833635,56.04167115
0.0,-70.62500565,-53.54167095
0.0,-80.62500645,32.29166925
0.0,150.20834535,-29.37500235
0.0,94.79167425,15.62500125
0.0,28.54166895,38.12500305
0.0,101.45834145,-1.45833345
0.0,141.87501135,-16.04166795
0.0,-5.20833375000001,53.54167095
0.0,-91.45834065,16.45833465
0.0,1.04166674999999,50.20833735
55.0,32.29166925,36.87500295
0.0,141.04167795,-34.79166945
0.0,36.04166955,54.37500435
23.0,-76.45833945,2.70833354999999
0.0,104.79167505,21.87500175
0.0,93.12500745,22.29166845
0.0,-1.45833345,45.20833695
0.0,9.37500075,47.29167045
28.0,144.37501155,-37.70833635
0.0,114.79167585,1.87500014999999
0.0,111.04167555,23.95833525
0.0,-96.87500775,18.95833485
0.0,126.04167675,-13.54166775
0.0,105.62500845,-5.20833375000001
24.0,-81.87500655,27.70833555
0.0,108.12500865,40.62500325
0.0,23.12500185,38.54166975
0.0,97.70834115,11.45833425
0.0,-108.95834205,28.12500225
0.0,98.95834125,2.29166685
0.0,9.37500075,50.20833735
54.0,90.62500725,28.54166895
0.0,114.79167585,-30.62500245
0.0,119.37500955,4.37500034999999
0.0,106.45834185,14.79166785
0.0,105.20834175,11.04166755
0.0,9.79166744999998,39.37500315
39.0,45.62500365,36.04166955
13.0,-112.70834235,35.20833615
0.0,8.95833404999999,49.37500395
0.0,9.79166744999998,48.95833725
0.0,141.45834465,-36.87500295
0.0,118.95834285,1.45833345
0.0,29.79166905,56.04167115
0.0,119.79167625,15.62500125
0.0,120.62500965,5.62500045
0.0,114.37500915,2.29166685
0.0,100.20834135,0.208333350000004
0.0,109.37500875,-6.45833385
0.0,16.45833465,38.95833645
26.0,150.62501205,-33.95833605
25.0,-106.04167515,27.70833555
0.0,118.12500945,2.29166685
0.0,44.79167025,53.12500425
5.0,-107.70834195,28.95833565
4.0,130.62501045,-29.37500235
0.0,103.12500825,1.45833345
0.0,108.54167535,-7.29166725
0.0,111.45834225,26.45833545
0.0,118.12500945,5.62500045
0.0,121.04167635,-8.95833405
55.0,-68.95833885,-54.79167105
0.0,30.62500245,55.62500445
1.0,-99.37500795,23.95833525
0.0,119.37500955,-35.20833615
0.0,111.45834225,23.12500185
29.0,149.79167865,-33.12500265
0.0,101.87500815,-2.70833355000001
0.0,105.62500845,9.37500075
0.0,-3.54166695000001,41.87500335
0.0,112.70834235,3.54166694999999
0.0,-2.29166685000001,53.54167095
0.0,24.37500195,41.04166995
6.0,148.95834525,-25.20833535
0.0,123.54167655,0.625000049999997
0.0,139.79167785,-33.12500265
0.0,113.12500905,23.95833525
0.0,-106.45834185,29.79166905
0.0,137.29167765,-34.79166945
0.0,97.70834115,4.37500034999999
0.0,150.20834535,-26.45833545
0.0,-60.62500485,46.04167035
5.0,-97.29167445,16.45833465
0.0,114.37500915,0.208333350000004
0.0,143.54167815,-5.62500045
0.0,131.45834385,-1.45833345
0.0,3.95833364999999,46.04167035
0.0,21.87500175,37.29166965
0.0,8.54166734999998,48.95833725
0.0,114.79167585,26.04166875
0.0,153.12501225,-29.79166905
0.0,143.95834485,-4.79166705
0.0,116.87500935,26.04166875
0.0,151.87501215,-26.87500215
7.0,115.62500925,-28.95833565
0.0,-104.37500835,22.70833515
0.0,121.04167635,23.12500185
0.0,126.87501015,-1.45833345
0.0,109.37500875,21.87500175
0.0,-112.29167565,36.04166955
29.0,148.54167855,-32.29166925
0.0,-108.54167535,29.79166905
0.0,25.20833535,41.87500335
0.0,-103.12500825,21.04166835
0.0,113.12500905,35.62500285
0.0,-101.04167475,26.04166875
0.0,98.95834125,3.95833365
0.0,109.79167545,19.37500155
0.0,104.37500835,8.95833404999999
0.0,101.45834145,0.625000049999997
0.0,106.04167515,11.87500095
0.0,-70.62500565,-53.95833765
0.0,136.04167755,-34.79166945
0.0,-0.208333350000004,36.04166955
0.0,110.20834215,24.37500195
0.0,105.20834175,-5.20833375000001
0.0,118.54167615,6.04166714999999
0.0,114.37500915,24.37500195
0.0,97.70834115,21.04166835
0.0,36.87500295,51.87500415
0.0,4.79166705,50.62500405
0.0,103.54167495,-5.20833375000001
0.0,101.45834145,-1.04166675
10.0,106.04167515,13.54166775
0.0,144.37501155,-16.04166795
0.0,110.20834215,21.45833505
0.0,10.62500085,51.45833745
0.0,101.45834145,12.29166765
0.0,-3.54166695000001,41.45833665
0.0,-85.62500685,50.62500405
0.0,108.95834205,-7.29166725
0.0,6.04166714999999,50.62500405
0.0,8.12500064999998,48.95833725
0.0,142.70834475,-9.37500075
0.0,-96.04167435,28.12500225
21.0,-101.04167475,20.62500165
0.0,103.95834165,2.70833354999999
0.0,106.04167515,9.79166744999999
0.0,-101.45834145,22.29166845
0.0,-99.79167465,17.29166805
18.0,-75.62500605,40.62500325
17.0,-81.04167315,28.54166895
0.0,112.70834235,-6.45833385
0.0,122.29167645,38.54166975
0.0,-103.95834165,21.45833505
0.0,130.20834375,-14.79166785
0.0,-98.12500785,17.70833475
0.0,6.04166714999999,49.37500395
23.0,22.29166845,37.70833635
0.0,-107.29167525,26.45833545
0.0,99.79167465,4.37500034999999
15.0,-104.79167505,24.79166865
0.0,25.20833535,39.79166985
0.0,112.29167565,3.12500025
0.0,8.12500064999998,41.45833665
10.0,124.79167665,-32.29166925
11.0,177.70834755,-38.95833645
0.0,143.54167815,51.87500415
0.0,-78.95833965,25.62500205
0.0,38.12500305,55.20833775
35.0,151.04167875,-32.70833595
0.0,74.37500595,15.20833455
0.0,23.95833525,40.62500325
0.0,-108.95834205,27.29166885
0.0,123.12500985,-31.87500255
0.0,-5.20833375000001,35.62500285
31.0,-101.87500815,21.45833505
51.0,-69.79167225,-53.12500425
0.0,136.04167755,-31.87500255
0.0,95.20834095,26.04166875
0.0,47.29167045,54.37500435
0.0,1.87500014999998,43.54167015
29.0,-103.54167495,21.87500175
12.0,8.12500064999998,52.70833755
0.0,95.62500765,21.45833505
0.0,115.62500925,1.04166675
0.0,136.04167755,-32.70833595
0.0,-103.95834165,22.70833515
0.0,-102.29167485,21.45833505
0.0,121.87500975,-34.37500275
0.0,114.79167585,22.70833515
0.0,112.29167565,22.29166845
0.0,103.54167495,3.95833365
0.0,11.87500095,42.29167005
0.0,130.20834375,-31.87500255
0.0,-107.29167525,31.04166915
0.0,-4.79166705,52.70833755
0.0,25.62500205,39.37500315
27.0,0.208333349999975,51.04167075
0.0,123.12500985,-0.625000049999997
0.0,128.54167695,-1.04166675
0.0,-109.79167545,22.70833515
0.0,116.45834265,27.29166885
28.0,-61.45833825,56.04167115
0.0,103.54167495,22.70833515
14.0,114.37500915,23.12500185
0.0,113.54167575,-7.29166725
0.0,113.54167575,3.12500025
25.0,118.95834285,-29.79166905
0.0,105.62500845,20.62500165
0.0,30.62500245,59.79167145
0.0,93.95834085,25.62500205
27.0,-103.95834165,20.20833495
13.0,150.20834535,-23.54166855
0.0,1.87500014999998,50.20833735
0.0,5.20833374999998,51.04167075
0.0,121.04167635,-1.45833345
0.0,115.20834255,6.45833385
0.0,-83.54167335,9.79166744999999
0.0,93.54167415,8.12500065
0.0,-3.54166695000001,36.45833625
17.0,91.87500735,21.87500175
0.0,-116.04167595,32.29166925
0.0,116.04167595,-3.54166695000001
23.0,148.12501185,-32.29166925
0.0,121.87500975,-33.95833605
0.0,103.95834165,13.95833445
15.0,-106.45834185,26.87500215
0.0,103.54167495,20.62500165
0.0,-82.29167325,21.87500175
16.0,146.45834505,-35.20833615
15.0,26.04166875,58.95833805
0.0,-71.45833905,-40.20833655
11.0,-81.45833985,28.54166895
0.0,123.12500985,-33.12500265
0.0,101.45834145,13.54166775
0.0,112.29167565,23.95833525
38.0,-67.29167205,-54.37500435
45.0,-101.45834145,30.20833575
0.0,25.20833535,41.04166995
0.0,119.79167625,27.29166885
13.0,118.95834285,-31.45833585
0.0,111.04167555,22.70833515
0.0,28.12500225,40.20833655
0.0,118.95834285,26.87500215
0.0,141.87501135,-33.12500265
0.0,-0.625000050000011,48.12500385
31.0,-108.54167535,33.95833605
22.0,103.95834165,36.45833625
0.0,-0.208333350000004,40.20833655
14.0,136.04167755,-31.45833585
0.0,145.62501165,-33.12500265
0.0,102.70834155,11.04166755
19.0,-108.95834205,29.79166905
0.0,120.20834295,22.29166845
0.0,117.70834275,-35.20833615
0.0,36.45833625,54.37500435
0.0,20.62500165,57.29167125
0.0,114.37500915,-28.54166895
0.0,0.625000049999983,46.04167035
0.0,73.54167255,15.62500125
0.0,105.62500845,21.04166835
0.0,-86.04167355,30.20833575
0.0,120.62500965,-30.62500245
0.0,-101.45834145,20.20833495
73.0,-98.95834125,30.20833575
9.0,23.12500185,52.29167085
0.0,28.95833565,36.87500295
0.0,27.29166885,39.79166985
12.0,145.20834495,-32.29166925
0.0,16.45833465,39.79166985
0.0,109.79167545,18.12500145
0.0,153.12501225,-31.04166915
0.0,12.29166765,42.29167005
0.0,118.54167615,-32.70833595
0.0,20.62500165,52.70833755
0.0,144.79167825,-17.29166805
18.0,141.04167795,-37.29166965
0.0,96.87500775,3.95833365
0.0,127.70834355,-2.70833355000001
0.0,117.29167605,-35.20833615
0.0,101.04167475,2.70833354999999
0.0,106.04167515,-2.29166685
0.0,143.12501145,-34.37500275
11.0,134.37501075,-32.29166925
0.0,92.70834075,21.87500175
0.0,11.04166755,43.95833685
12.0,-77.70833955,38.12500305
11.0,22.29166845,39.79166985
0.0,118.95834285,4.79166705
0.0,23.54166855,40.20833655
0.0,128.12501025,32.29166925
0.0,121.04167635,11.04166755
0.0,117.29167605,-32.29166925
0.0,149.79167865,-31.87500255
11.0,143.54167815,-34.79166945
0.0,131.87501055,-11.45833425
0.0,18.95833485,47.70833715
0.0,-108.54167535,28.95833565
0.0,44.79167025,54.37500435
14.0,137.70834435,-32.29166925
0.0,152.70834555,-30.20833575
0.0,105.62500845,18.12500145
0.0,103.54167495,0.625000049999997
52.0,107.70834195,36.87500295
0.0,28.95833565,51.04167075
0.0,15.62500125,39.37500315
0.0,98.12500785,11.45833425
0.0,104.79167505,28.95833565
0.0,133.12501065,-31.87500255
0.0,-118.54167615,33.95833605
2.0,-106.04167515,23.54166855
0.0,92.70834075,25.62500205
0.0,117.70834275,7.29166725
0.0,143.54167815,-30.62500245
0.0,108.12500865,21.45833505
0.0,35.20833615,33.54166935
0.0,118.95834285,27.70833555
0.0,103.12500825,10.62500085
0.0,142.70834475,-33.54166935
4.0,-100.62500805,19.37500155
0.0,152.29167885,-28.12500225
0.0,106.45834185,-6.45833385
0.0,112.70834235,-6.87500055
0.0,98.95834125,0.208333350000004
33.0,21.04166835,38.54166975
0.0,110.62500885,23.54166855
0.0,115.20834255,-6.87500055
0.0,141.87501135,-32.29166925
0.0,148.95834525,-32.29166925
0.0,152.70834555,-31.45833585
0.0,116.45834265,-34.37500275
0.0,-1.45833345,51.45833745
20.0,134.79167745,-31.87500255
0.0,116.04167595,2.70833354999999
2.0,2.29166684999998,46.04167035
0.0,115.20834255,-7.70833395
0.0,120.20834295,5.20833374999999
0.0,110.20834215,1.45833345
0.0,120.20834295,27.70833555
0.0,118.12500945,26.87500215
0.0,106.87500855,-2.29166685
10.0,3.95833364999999,50.20833735
0.0,121.87500975,24.37500195
0.0,9.37500075,45.20833695
0.0,100.20834135,8.12500065
0.0,23.54166855,53.95833765
0.0,138.54167775,-31.87500255
16.0,-113.12500905,35.62500285
0.0,-3.12500025,48.95833725
0.0,121.45834305,28.12500225
0.0,136.87501095,-30.20833575
16.0,139.79167785,-33.54166935
60.0,91.87500735,28.12500225
0.0,131.04167715,-1.45833345
0.0,125.20834335,12.70833435
28.0,110.20834215,21.87500175
19.0,21.45833505,52.70833755
0.0,103.95834165,1.87500014999999
0.0,9.79166744999998,50.62500405
5.0,116.87500935,-29.37500235
21.0,-101.45834145,27.29166885
0.0,133.95834405,-13.95833445
11.0,-105.20834175,25.62500205
0.0,118.95834285,4.37500034999999
0.0,119.79167625,-34.37500275
0.0,23.12500185,53.95833765
0.0,141.45834465,-38.12500305
0.0,121.04167635,23.95833525
0.0,113.12500905,27.70833555
0.0,30.62500245,54.79167105
7.0,-98.95834125,18.54166815
0.0,45.62500365,57.29167125
0.0,-100.62500805,26.04166875
0.0,97.29167445,3.12500025
0.0,102.70834155,21.45833505
0.0,142.70834475,-36.04166955
0.0,101.45834145,-2.29166685
0.0,142.70834475,-33.12500265
0.0,101.04167475,-3.54166695000001
0.0,142.29167805,-34.37500275
3.0,-96.45834105,29.37500235
51.0,-101.45834145,21.45833505
0.0,26.45833545,37.70833635
0.0,116.87500935,-36.04166955
0.0,98.54167455,7.70833395
0.0,23.54166855,53.12500425
0.0,151.45834545,-33.12500265
0.0,-96.04167435,51.04167075
22.0,-93.95834085,34.79166945
0.0,141.04167795,-35.20833615
0.0,119.37500955,-31.04166915
0.0,144.37501155,-4.79166705
0.0,-89.37500715,14.79166785
1.0,-81.87500655,30.62500245
0.0,152.70834555,-32.29166925
0.0,27.70833555,53.54167095
27.0,16.87500135,43.12500345
0.0,100.20834135,2.70833354999999
0.0,121.04167635,11.87500095
0.0,-78.95833965,37.29166965
0.0,9.37500075,38.95833645
36.0,-105.20834175,26.04166875
0.0,29.79166905,40.20833655
0.0,8.54166734999998,43.95833685
0.0,105.62500845,13.54166775
0.0,96.45834105,3.95833365
0.0,-80.62500645,27.70833555
0.0,-103.12500825,29.79166905
0.0,103.54167495,1.45833345
0.0,108.95834205,-1.87500015000001
0.0,136.45834425,-33.95833605
0.0,91.45834065,21.45833505
0.0,18.12500145,40.62500325
0.0,20.62500165,53.12500425
0.0,127.29167685,4.79166705
0.0,12.70833435,38.12500305
8.0,133.54167735,-31.87500255
67.0,-101.04167475,27.70833555
0.0,-2.70833355000002,37.29166965
49.0,153.12501225,-29.37500235
0.0,41.45833665,56.04167115
0.0,117.70834275,3.12500025
35.0,30.20833575,40.20833655
0.0,9.79166744999998,37.29166965
17.0,-106.04167515,28.54166895
55.0,-100.62500805,32.29166925
0.0,-88.54167375,30.20833575
0.0,98.54167455,17.29166805
0.0,103.12500825,10.20833415
0.0,36.04166955,51.04167075
0.0,-110.20834215,24.79166865
0.0,98.54167455,3.12500025
0.0,14.79166785,38.95833645
0.0,121.45834305,-3.95833365
0.0,3.54166694999998,36.87500295
0.0,-100.62500805,21.87500175
0.0,115.62500925,-3.12500025
5.0,-105.20834175,33.12500265
7.0,150.62501205,-29.79166905
0.0,131.87501055,43.12500345
0.0,133.95834405,-33.12500265
0.0,101.45834145,15.62500125
0.0,102.70834155,2.29166685
0.0,110.62500885,18.95833485
0.0,21.45833505,36.45833625
0.0,-8.12500065,37.70833635
0.0,110.62500885,23.12500185
0.0,112.29167565,26.04166875
0.0,120.62500965,22.29166845
0.0,93.12500745,21.04166835
0.0,121.87500975,40.62500325
0.0,132.70834395,-30.20833575
16.0,122.70834315,-30.20833575
0.0,-3.95833365000001,34.37500275
33.0,42.29167005,38.12500305
13.0,-108.95834205,28.54166895
0.0,102.70834155,1.87500014999999
0.0,111.45834225,27.70833555
0.0,118.12500945,0.625000049999997
0.0,7.29166724999999,44.37500355
0.0,103.95834165,11.45833425
0.0,9.37500075,51.45833745
10.0,-106.45834185,28.95833565
24.0,-100.62500805,21.04166835
0.0,14.37500115,57.29167125
0.0,-106.45834185,30.62500245
30.0,143.54167815,-36.45833625
0.0,119.79167625,30.20833575
0.0,136.45834425,36.04166955
38.0,-101.87500815,30.20833575
0.0,23.12500185,40.62500325
0.0,-104.79167505,28.54166895
0.0,-109.37500875,22.70833515
0.0,28.54166895,54.37500435
22.0,96.87500775,16.87500135
0.0,124.37500995,-9.79166745000001
11.0,140.20834455,-36.45833625
0.0,134.79167745,-1.04166675
0.0,-106.45834185,31.45833585
0.0,104.37500835,14.37500115
0.0,107.29167525,13.54166775
0.0,0.208333349999975,47.29167045
0.0,106.87500855,9.79166744999999
4.0,116.04167595,23.95833525
0.0,103.12500825,19.37500155
13.0,-101.04167475,17.29166805
12.0,149.37501195,-31.87500255
0.0,13.12500105,38.12500305
29.0,-100.20834135,21.45833505
0.0,-100.20834135,19.37500155
0.0,150.20834535,-33.12500265
0.0,34.79166945,33.54166935
0.0,42.70833675,55.20833775
0.0,8.12500064999998,44.79167025
0.0,146.87501175,-32.70833595
33.0,-104.37500835,22.29166845
0.0,-102.29167485,27.70833555
23.0,144.79167825,-35.62500285
0.0,139.79167785,-34.37500275
0.0,-102.70834155,20.62500165
0.0,-3.12500025,36.45833625
0.0,-158.12501265,63.12500505
11.0,143.12501145,-35.20833615
0.0,100.20834135,8.95833404999999
0.0,-87.29167365,30.20833575
18.0,-82.29167325,27.70833555
0.0,22.70833515,38.95833645
0.0,123.95834325,-32.70833595
0.0,-96.87500775,18.54166815
0.0,38.54166975,54.79167105
0.0,112.70834235,26.45833545
0.0,7.29166724999999,47.70833715
0.0,114.79167585,3.12500025
0.0,-87.70834035,37.70833635
16.0,121.45834305,-30.20833575
0.0,112.70834235,23.12500185
0.0,13.54166775,40.62500325
0.0,16.45833465,38.54166975
56.0,-107.29167525,28.54166895
0.0,14.79166785,55.62500445
0.0,123.54167655,13.12500105
0.0,-106.87500855,29.37500235
0.0,-94.37500755,17.29166805
0.0,-83.12500665,51.04167075
12.0,116.87500935,-33.12500265
0.0,-109.79167545,23.95833525
0.0,111.45834225,-8.54166735
0.0,104.37500835,21.04166835
0.0,115.20834255,-32.70833595
20.0,79.37500635,30.62500245
0.0,-83.54167335,30.62500245
0.0,101.45834145,-1.87500015000001
0.0,121.45834305,-3.12500025
0.0,173.12501385,-34.79166945
26.0,149.79167865,-31.04166915
0.0,153.54167895,-26.87500215
0.0,102.29167485,12.70833435
14.0,133.54167735,-31.45833585
11.0,116.87500935,-8.95833405
0.0,28.54166895,37.29166965
36.0,-110.62500885,34.79166945
0.0,148.12501185,-32.70833595
10.0,151.45834545,-28.12500225
20.0,102.29167485,15.20833455
0.0,144.37501155,-32.70833595
0.0,117.29167605,7.29166725
0.0,-105.62500845,23.95833525
0.0,98.95834125,1.45833345
0.0,114.37500915,23.95833525
14.0,140.62501125,-32.70833595
0.0,138.54167775,-16.87500135
0.0,101.45834145,14.37500115
0.0,148.54167855,-38.12500305
0.0,-76.87500615,37.29166965
23.0,145.62501165,-35.62500285
0.0,36.45833625,53.12500425
0.0,99.37500795,10.20833415
0.0,116.87500935,3.54166694999999
25.0,149.37501195,-33.12500265
0.0,-98.95834125,18.95833485
0.0,-90.62500725,46.04167035
0.0,91.87500735,24.37500195
29.0,31.87500255,36.87500295
0.0,115.62500925,23.12500185
0.0,132.29167725,-31.45833585
0.0,152.29167885,-29.79166905
15.0,-81.04167315,28.12500225
0.0,126.87501015,3.95833365
27.0,-102.29167485,29.37500235
39.0,-108.95834205,31.87500255
0.0,11.45833425,41.87500335
0.0,146.87501175,-9.37500075
0.0,8.95833404999999,48.54167055
0.0,-101.45834145,19.79166825
0.0,4.37500034999999,48.12500385
0.0,123.54167655,-32.70833595
0.0,115.62500925,-3.95833365
0.0,143.95834485,-8.12500065
0.0,139.79167785,-32.29166925
0.0,118.95834285,-5.62500045
0.0,123.12500985,-33.54166935
0.0,21.04166835,38.95833645
0.0,30.62500245,53.95833765
0.0,118.95834285,-33.95833605
6.0,-110.20834215,30.62500245
0.0,96.04167435,19.37500155
14.0,-87.29167365,30.62500245
0.0,149.79167865,-10.62500085
0.0,147.70834515,-34.79166945
14.0,6.04166714999999,50.20833735
55.0,-96.45834105,36.45833625
0.0,26.04166875,42.70833675
16.0,137.70834435,-32.70833595
3.0,-81.45833985,26.87500215
74.0,-73.54167255,5.62500045
0.0,41.87500335,55.62500445
0.0,133.54167735,-32.70833595
0.0,103.12500825,1.87500014999999
0.0,14.37500115,36.04166955
10.0,-99.37500795,18.95833485
0.0,-2.29166685000001,58.95833805
0.0,-6.04166715000002,58.12500465
0.0,140.62501125,-37.29166965
0.0,91.87500735,20.62500165
0.0,153.54167895,-27.70833555
0.0,109.37500875,1.45833345
0.0,143.95834485,-35.62500285
0.0,-129.37501035,53.54167095
0.0,143.12501145,-3.95833365
11.0,148.54167855,-37.70833635
0.0,22.70833515,41.04166995
0.0,122.70834315,-0.208333350000004
0.0,114.79167585,4.79166705
0.0,-104.37500835,20.62500165
0.0,153.12501225,-27.29166885
0.0,135.20834415,-32.70833595
0.0,146.45834505,-34.79166945
0.0,143.95834485,-34.37500275
0.0,-103.95834165,28.54166895
0.0,41.87500335,52.70833755
0.0,-116.87500935,33.54166935
21.0,151.87501215,-30.20833575
0.0,-95.62500765,16.45833465
0.0,19.37500155,42.29167005
0.0,121.04167635,-30.62500245
0.0,81.04167315,16.04166795
0.0,144.79167825,-4.37500035000001
0.0,148.95834525,-36.87500295
0.0,7.29166724999999,47.29167045
24.0,-68.95833885,-55.20833775
0.0,-74.37500595,39.79166985
0.0,121.87500975,-4.79166705
0.0,33.95833605,53.54167095
0.0,121.87500975,-0.208333350000004
0.0,-81.04167315,25.62500205
0.0,-6.87500055000001,56.45833785
0.0,106.87500855,21.04166835
0.0,-100.20834135,18.95833485
0.0,-80.62500645,31.45833585
0.0,116.87500935,-33.54166935
0.0,101.45834145,4.37500034999999
38.0,-66.87500535,-54.37500435
0.0,115.20834255,-31.04166915
0.0,117.70834275,2.29166685
0.0,123.54167655,23.95833525
0.0,124.79167665,-7.70833395
0.0,105.62500845,17.29166805
0.0,36.87500295,53.54167095
0.0,95.62500765,26.45833545
0.0,121.45834305,29.79166905
0.0,116.04167595,-31.45833585
0.0,108.95834205,11.87500095
0.0,26.45833545,41.87500335
0.0,104.37500835,10.62500085
0.0,117.29167605,26.45833545
0.0,134.37501075,-14.37500115
0.0,117.70834275,1.87500014999999
0.0,105.20834175,8.54166735
0.0,2.70833354999999,46.04167035
0.0,38.12500305,41.45833665
0.0,116.87500935,-31.87500255
30.0,44.37500355,37.29166965
0.0,38.54166975,56.04167115
0.0,3.54166694999998,47.29167045
0.0,93.54167415,24.37500195
0.0,74.37500595,14.37500115
11.0,16.04166795,43.95833685
0.0,-109.37500875,29.79166905
23.0,-98.12500785,18.54166815
75.0,-97.29167445,31.45833585
0.0,102.29167485,2.29166685
0.0,99.79167465,3.54166694999999
0.0,3.54166694999998,50.20833735
0.0,116.45834265,22.70833515
89.0,-98.54167455,31.45833585
0.0,121.45834305,11.87500095
0.0,139.79167785,-36.87500295
0.0,102.29167485,14.37500115
11.0,100.62500805,13.95833445
0.0,124.79167665,-8.12500065
0.0,49.79167065,55.20833775
27.0,92.29167405,21.04166835
0.0,146.45834505,-32.70833595
0.0,-83.12500665,29.37500235
4.0,-120.62500965,36.04166955
0.0,-111.04167555,26.04166875
9.0,117.70834275,-30.62500245
12.0,116.04167595,-32.29166925
0.0,23.95833525,55.20833775
15.0,-101.04167475,21.04166835
0.0,105.20834175,19.79166825
0.0,126.87501015,33.12500265
0.0,151.45834545,-28.95833565
15.0,-98.54167455,20.20833495
0.0,1.45833345,46.04167035
0.0,150.20834535,-31.87500255
0.0,11.45833425,48.12500385
0.0,105.20834175,-1.04166675
0.0,143.95834485,-33.12500265
0.0,2.29166684999998,39.79166985
0.0,114.37500915,21.87500175
0.0,109.37500875,18.95833485
0.0,128.95834365,31.87500255
0.0,-4.79166705,39.79166985
0.0,44.37500355,36.45833625
0.0,133.54167735,-31.04166915
0.0,1.87500014999998,39.79166985
0.0,135.62501085,-11.45833425
0.0,113.95834245,23.12500185
0.0,-7.29166725000002,36.87500295
20.0,140.62501125,-33.95833605
0.0,121.45834305,23.54166855
17.0,-81.45833985,29.79166905
24.0,33.95833605,56.45833785
0.0,9.37500075,48.95833725
24.0,18.12500145,40.20833655
0.0,35.62500285,56.04167115
0.0,107.29167525,-5.62500045
0.0,139.79167785,-1.87500015000001
0.0,10.20833415,43.54167015
0.0,116.87500935,-31.45833585
0.0,26.87500215,42.70833675
0.0,40.20833655,54.79167105
0.0,141.04167795,-33.95833605
0.0,107.70834195,4.37500034999999
0.0,140.62501125,-36.87500295
0.0,-108.95834205,23.12500185
0.0,106.45834185,21.45833505
0.0,117.70834275,6.45833385
100.0,-99.37500795,26.87500215
0.0,119.79167625,23.54166855
0.0,174.37501395,-37.70833635
0.0,108.95834205,18.54166815
0.0,146.45834505,-31.45833585
8.0,123.54167655,-30.20833575
0.0,109.37500875,13.12500105
0.0,146.04167835,-35.62500285
0.0,118.12500945,-31.87500255
0.0,119.37500955,5.62500045
0.0,7.70833395,40.62500325
0.0,138.95834445,-36.04166955
0.0,103.54167495,-5.62500045
0.0,23.54166855,38.95833645
0.0,141.45834465,-32.70833595
0.0,11.04166755,50.62500405
0.0,123.54167655,11.45833425
0.0,116.04167595,-30.20833575
0.0,113.54167575,-27.70833555
0.0,96.04167435,21.87500175
94.0,-98.12500785,33.12500265
0.0,27.29166885,41.04166995
0.0,117.29167605,-0.208333350000004
0.0,101.45834145,6.87500055
0.0,-3.12500025,51.45833745
0.0,-81.04167315,31.45833585
0.0,111.04167555,19.37500155
0.0,91.45834065,21.87500175
0.0,-80.62500645,48.95833725
0.0,-88.54167375,46.04167035
0.0,36.04166955,36.04166955
0.0,98.12500785,17.70833475
0.0,142.70834475,-34.79166945
0.0,92.29167405,20.62500165
28.0,-5.20833375000001,40.62500325
23.0,141.87501135,-31.87500255
0.0,125.20834335,34.79166945
0.0,26.45833545,39.79166985
70.0,-99.37500795,30.62500245
0.0,113.12500905,3.95833365
0.0,171.87501375,-34.37500275
0.0,172.70834715,-34.37500275
0.0,-108.54167535,28.54166895
0.0,110.62500885,1.45833345
0.0,106.45834185,23.12500185
0.0,93.95834085,25.20833535
0.0,21.87500175,36.45833625
0.0,153.54167895,-27.29166885
0.0,-68.12500545,46.45833705
0.0,104.79167505,28.54166895
0.0,96.04167435,16.87500135
0.0,40.20833655,57.29167125
0.0,28.95833565,54.37500435
17.0,-100.20834135,23.95833525
0.0,103.95834165,11.87500095
0.0,123.54167655,-5.62500045
0.0,106.04167515,-3.54166695000001
0.0,160.20834615,-10.20833415
11.0,-93.12500745,43.95833685
0.0,120.20834295,11.04166755
0.0,121.45834305,6.87500055
15.0,140.62501125,-36.45833625
15.0,152.29167885,-26.87500215
0.0,-101.04167475,19.37500155
0.0,120.62500965,23.54166855
0.0,21.87500175,53.12500425
0.0,-95.62500765,16.87500135
0.0,4.79166705,49.79167065
0.0,133.54167735,-2.29166685
0.0,123.95834325,0.208333350000004
0.0,9.79166744999998,50.20833735
11.0,96.04167435,29.37500235
0.0,101.87500815,0.625000049999997
0.0,117.29167605,6.87500055
0.0,33.95833605,56.04167115
26.0,-108.95834205,30.20833575
20.0,-96.45834105,31.45833585
0.0,121.04167635,25.20833535
0.0,107.70834195,0.208333350000004
0.0,-108.54167535,29.37500235
0.0,122.70834315,14.79166785
0.0,133.54167735,-30.62500245
0.0,13.54166775,43.54167015
15.0,-91.45834065,16.87500135
0.0,146.04167835,-38.12500305
19.0,-100.62500805,26.45833545
0.0,131.87501055,-5.20833375000001
0.0,3.95833364999999,46.45833705
0.0,141.04167795,-15.62500125
0.0,101.45834145,-2.70833355000001
0.0,-3.12500025,41.87500335
0.0,-102.70834155,18.95833485
40.0,-98.12500785,17.29166805
0.0,140.62501125,-30.20833575
28.0,-108.12500865,50.62500405
0.0,147.70834515,-37.70833635
30.0,150.20834535,-33.54166935
0.0,-106.04167515,26.04166875
0.0,120.62500965,6.45833385
0.0,-106.87500855,31.45833585
0.0,114.79167585,0.625000049999997
0.0,93.12500745,21.87500175
0.0,121.45834305,16.04166795
0.0,140.20834455,-34.37500275
0.0,22.29166845,41.04166995
34.0,-96.87500775,38.95833645
0.0,92.70834075,21.45833505
0.0,137.29167765,-31.87500255
0.0,141.87501135,-8.54166735
0.0,-101.04167475,25.62500205
0.0,8.95833404999999,51.04167075
0.0,129.37501035,29.79166905
0.0,-109.37500875,36.87500295
0.0,109.79167545,-6.45833385
0.0,28.54166895,36.87500295
0.0,99.37500795,16.45833465
0.0,-72.70833915,-51.04167075
0.0,151.04167875,-34.79166945
0.0,110.62500885,18.54166815
0.0,106.45834185,-1.87500015000001
0.0,103.95834165,-4.79166705
0.0,138.54167775,36.04166955
0.0,-3.12500025,40.62500325
0.0,35.20833615,33.12500265
0.0,-105.20834175,29.37500235
23.0,141.04167795,-33.54166935
14.0,-71.87500575,-35.20833615
56.0,-101.87500815,21.87500175
12.0,26.04166875,38.54166975
0.0,119.79167625,-32.29166925
0.0,116.87500935,-30.62500245
0.0,166.45834665,-21.45833505
8.0,-77.29167285,40.62500325
0.0,102.29167485,11.87500095
24.0,-82.29167325,32.70833595
0.0,131.45834385,-31.45833585
0.0,100.62500805,-1.04166675
0.0,137.70834435,-5.20833375000001
0.0,105.62500845,-6.45833385
0.0,119.37500955,-30.20833575
0.0,101.87500815,14.79166785
0.0,113.95834245,27.70833555
0.0,-80.20833975,47.29167045
0.0,150.62501205,-32.70833595
0.0,127.29167685,-8.54166735
0.0,-123.12500985,38.54166975
0.0,-103.95834165,21.04166835
0.0,98.54167455,12.29166765
0.0,106.04167515,10.62500085
0.0,117.29167605,-30.20833575
0.0,-64.37500515,48.95833725
0.0,-103.54167495,19.79166825
0.0,136.45834425,-13.12500105
0.0,150.20834535,-34.37500275
0.0,135.62501085,-33.12500265
21.0,-100.20834135,22.70833515
0.0,85.20834015,28.12500225
0.0,-3.95833365000001,43.95833685
0.0,148.12501185,-37.70833635
0.0,26.04166875,40.20833655
0.0,21.45833505,39.79166985
25.0,48.12500385,41.04166995
17.0,-82.29167325,31.87500255
13.0,150.62501205,-31.45833585
0.0,-81.87500655,29.37500235
0.0,118.95834285,23.95833525
0.0,121.45834305,-3.54166695000001
0.0,14.79166785,38.54166975
5.0,-107.70834195,26.87500215
46.0,-6.87500055000001,61.87500495
0.0,122.29167645,-30.20833575
0.0,109.79167545,24.79166865
20.0,-104.79167505,32.29166925
0.0,-104.79167505,23.54166855
0.0,121.45834305,25.20833535
0.0,-79.79167305,26.04166875
0.0,144.37501155,-4.37500035000001
0.0,3.12500025,40.20833655
0.0,120.20834295,-33.12500265
100.0,-96.45834105,38.95833645
0.0,-4.79166705,49.79167065
0.0,33.12500265,51.45833745
0.0,146.87501175,-33.95833605
0.0,-109.37500875,28.12500225
0.0,115.62500925,24.79166865
0.0,114.79167585,-28.54166895
0.0,102.70834155,19.37500155
0.0,117.29167605,27.29166885
0.0,152.29167885,-26.04166875
0.0,8.54166734999998,43.12500345
0.0,143.12501145,-5.62500045
0.0,113.95834245,4.37500034999999
0.0,135.20834415,-14.37500115
0.0,15.20833455,37.70833635
0.0,-84.79167345,30.20833575
0.0,140.62501125,-32.29166925
0.0,130.20834375,-15.62500125
0.0,98.54167455,0.208333350000004
0.0,118.95834285,-35.62500285
0.0,118.54167615,26.45833545
0.0,-96.04167435,17.70833475
19.0,-101.87500815,27.29166885
0.0,-81.87500655,26.45833545
0.0,139.79167785,37.29166965
14.0,143.54167815,-32.70833595
0.0,102.70834155,14.79166785
11.0,-109.37500875,34.79166945
0.0,1.04166674999999,48.95833725
0.0,-82.29167325,28.95833565
0.0,106.45834185,3.54166694999999
0.0,149.79167865,-33.95833605
23.0,140.62501125,-36.04166955
14.0,137.29167765,-30.20833575
0.0,138.12501105,-33.12500265
46.0,-100.20834135,22.29166845
0.0,-89.37500715,46.04167035
0.0,106.87500855,20.62500165
0.0,-103.54167495,30.20833575
0.0,98.12500785,8.12500065
17.0,151.04167875,-31.04166915
0.0,117.29167605,-31.04166915
8.0,-90.62500725,15.20833455
0.0,121.87500975,25.20833535
0.0,-102.29167485,26.87500215
3.0,-99.37500795,17.29166805
0.0,106.45834185,17.29166805
0.0,116.87500935,-35.20833615
14.0,130.20834375,-29.37500235
0.0,31.87500255,36.45833625
0.0,110.20834215,28.54166895
0.0,105.62500845,8.95833404999999
30.0,144.37501155,-37.29166965
0.0,93.54167415,23.54166855
0.0,-81.04167315,28.95833565
0.0,-108.12500865,26.87500215
0.0,110.20834215,1.04166675
0.0,120.20834295,-4.37500035000001
0.0,-106.45834185,23.95833525
0.0,-3.54166695000001,54.37500435
51.0,-105.20834175,25.20833535
0.0,1.87500014999998,49.37500395
0.0,21.87500175,49.79167065
0.0,131.87501055,32.29166925
0.0,-2.70833355000002,49.37500395
0.0,121.04167635,-33.12500265
11.0,120.62500965,-33.54166935
0.0,103.95834165,10.20833415
13.0,115.20834255,-30.62500245
0.0,139.37501115,-34.37500275
0.0,123.12500985,0.625000049999997
0.0,30.20833575,36.45833625
5.0,-86.87500695,30.62500245
0.0,121.04167635,-31.45833585
0.0,38.54166975,55.62500445
0.0,-123.54167655,39.79166985
23.0,33.54166935,44.79167025
0.0,143.12501145,-32.29166925
0.0,29.79166905,55.62500445
73.0,-99.37500795,23.54166855
0.0,92.70834075,26.87500215
0.0,113.54167575,22.70833515
0.0,10.62500085,43.12500345
0.0,125.62501005,12.29166765
0.0,104.79167505,18.95833485
0.0,21.45833505,53.95833765
80.0,-96.45834105,33.95833605
0.0,5.62500044999999,45.62500365
0.0,113.12500905,3.54166694999999
0.0,128.54167695,-7.29166725
58.0,-100.62500805,30.62500245
0.0,151.04167875,-27.29166885
1.0,-100.62500805,25.62500205
0.0,-80.62500645,29.37500235
0.0,48.95833725,54.79167105
0.0,122.70834315,-3.95833365
0.0,14.37500115,40.20833655
0.0,151.04167875,-33.95833605
16.0,21.87500175,40.62500325
13.0,119.79167625,-33.54166935
0.0,114.79167585,27.70833555
0.0,121.45834305,10.62500085
0.0,143.12501145,-8.12500065
0.0,-77.70833955,37.70833635
0.0,105.62500845,33.95833605
0.0,113.95834245,0.208333350000004
0.0,-81.45833985,28.95833565
0.0,36.45833625,54.79167105
27.0,143.54167815,-35.20833615
0.0,13.54166775,57.70833795
0.0,108.12500865,22.70833515
0.0,108.95834205,11.04166755
0.0,-101.87500815,20.20833495
0.0,19.37500155,41.04166995
0.0,117.70834275,-34.37500275
0.0,-83.12500665,9.37500075
0.0,-101.04167475,22.70833515
0.0,-110.62500885,32.70833595
0.0,101.45834145,7.29166725
0.0,9.79166744999998,40.20833655
3.0,-94.37500755,46.45833705
0.0,18.95833485,51.87500415
0.0,119.79167625,-1.45833345
0.0,108.54167535,-1.87500015000001
0.0,31.04166915,40.62500325
16.0,116.04167595,-34.37500275
0.0,93.95834085,8.54166735
0.0,137.70834435,-30.20833575
0.0,26.04166875,42.29167005
0.0,116.87500935,8.54166735
0.0,156.45834585,-8.54166735
0.0,117.29167605,6.45833385
0.0,101.04167475,-3.12500025
0.0,146.04167835,-5.20833375000001
35.0,-99.37500795,25.20833535
0.0,106.87500855,14.79166785
0.0,98.12500785,14.37500115
0.0,99.79167465,18.12500145
0.0,106.87500855,-6.87500055
0.0,140.20834455,-33.12500265
0.0,-98.12500785,23.12500185
9.0,117.70834275,-33.12500265
0.0,110.62500885,22.70833515
0.0,118.95834285,-5.20833375000001
0.0,37.70833635,51.87500415
0.0,116.04167595,-4.79166705
0.0,-104.79167505,23.12500185
39.0,-121.04167635,36.87500295
0.0,101.87500815,-4.37500035000001
0.0,121.87500975,31.04166915
0.0,118.54167615,26.87500215
25.0,-101.45834145,33.95833605
0.0,118.54167615,-31.04166915
0.0,103.95834165,14.37500115
0.0,97.29167445,16.04166795
0.0,-5.20833375000001,38.12500305
4.0,-79.79167305,33.54166935
12.0,116.45834265,-33.12500265
9.0,151.45834545,-26.87500215
12.0,-101.87500815,26.87500215
0.0,149.79167865,-37.29166965
16.0,149.79167865,-30.20833575
0.0,-105.62500845,20.62500165
0.0,105.62500845,-1.04166675
0.0,121.45834305,21.87500175
12.0,111.04167555,23.54166855
0.0,38.54166975,53.95833765
0.0,105.20834175,21.45833505
2.0,104.79167505,10.20833415
8.0,-82.29167325,28.12500225
0.0,117.29167605,4.37500034999999
0.0,118.12500945,-8.12500065
0.0,143.54167815,-34.37500275
0.0,107.29167525,17.29166805
0.0,133.12501065,-11.87500095
0.0,120.62500965,38.95833645
0.0,-99.37500795,19.37500155
0.0,101.87500815,12.29166765
0.0,25.62500205,39.79166985
2.0,-103.95834165,23.12500185
0.0,38.12500305,52.70833755
0.0,96.04167435,5.20833374999999
0.0,117.29167605,-33.95833605
0.0,146.04167835,-6.04166715000001
0.0,15.20833455,41.04166995
0.0,120.62500965,28.95833565
0.0,-84.37500675,30.20833575
0.0,115.20834255,32.29166925
0.0,147.70834515,-33.54166935
8.0,133.12501065,-31.45833585
0.0,123.95834325,-9.37500075
0.0,8.54166734999998,54.79167105
0.0,103.12500825,21.45833505
0.0,-3.95833365000001,36.45833625
0.0,120.62500965,-33.12500265
0.0,-103.12500825,22.70833515
31.0,-109.79167545,31.45833585
83.0,-97.70834115,37.29166965
0.0,119.37500955,-0.208333350000004
36.0,116.04167595,26.45833545
0.0,22.70833515,38.12500305
0.0,122.29167645,-16.87500135
0.0,-82.29167325,30.20833575
0.0,6.87500054999998,46.87500375
0.0,107.29167525,11.87500095
10.0,31.45833585,37.29166965
6.0,-88.54167375,34.79166945
34.0,-108.12500865,36.87500295
0.0,105.62500845,-4.79166705
0.0,2.29166684999998,46.45833705
0.0,21.87500175,38.95833645
0.0,23.54166855,58.54167135
0.0,176.87501415,-39.79166985
0.0,143.54167815,-33.95833605
0.0,26.45833545,38.95833645
0.0,4.79166705,47.70833715
0.0,117.70834275,-31.04166915
14.0,-82.70833995,22.70833515
0.0,134.79167745,-33.12500265
0.0,110.62500885,21.04166835
0.0,117.70834275,1.45833345
0.0,118.12500945,-31.45833585
0.0,13.95833445,37.70833635
0.0,153.95834565,-28.12500225
0.0,28.54166895,40.20833655
0.0,90.62500725,22.29166845
0.0,94.79167425,5.20833374999999
0.0,113.95834245,-8.95833405
0.0,11.04166755,51.04167075
0.0,115.62500925,2.70833354999999
0.0,98.54167455,18.12500145
0.0,-79.37500635,32.70833595
0.0,132.29167725,-30.20833575
7.0,-1.87500015000001,51.87500415
0.0,98.95834125,7.29166725
0.0,102.70834155,22.29166845
0.0,102.29167485,-3.12500025
16.0,-99.79167465,20.62500165
0.0,36.04166955,34.79166945
0.0,103.12500825,18.95833485
0.0,150.20834535,-35.20833615
0.0,141.45834465,-33.95833605
0.0,101.87500815,3.95833365
0.0,98.95834125,-1.45833345
0.0,106.45834185,18.54166815
0.0,141.04167795,-34.37500275
52.0,55.20833775,50.62500405
0.0,-0.625000050000011,54.79167105
0.0,109.37500875,21.04166835
0.0,106.87500855,-7.29166725
20.0,-82.29167325,32.29166925
0.0,97.29167445,5.20833374999999
33.0,103.12500825,27.29166885
0.0,107.70834195,16.87500135
0.0,101.87500815,5.20833374999999
0.0,103.12500825,2.29166685
0.0,12.29166765,41.45833665
0.0,-102.70834155,19.37500155
0.0,119.79167625,-35.62500285
0.0,116.04167595,2.29166685
24.0,147.70834515,-32.29166925
0.0,-72.29167245,-51.87500415
0.0,-98.95834125,17.70833475
5.0,-109.79167545,29.37500235
0.0,109.37500875,23.12500185
0.0,0.208333349999975,41.45833665
0.0,6.04166714999999,48.12500385
0.0,143.54167815,-32.29166925
0.0,9.37500075,39.37500315
0.0,43.95833685,53.54167095
0.0,110.20834215,18.95833485
0.0,118.54167615,4.37500034999999
0.0,124.79167665,2.70833354999999
0.0,104.79167505,10.62500085
0.0,167.29168005,-15.20833455
0.0,144.37501155,-3.54166695000001
4.0,-107.70834195,29.37500235
0.0,146.04167835,-36.04166955
0.0,-112.70834235,35.62500285
0.0,42.70833675,56.04167115
0.0,130.62501045,34.79166945
0.0,-95.20834095,50.20833735
0.0,116.04167595,-30.62500245
32.0,-81.45833985,28.12500225
22.0,-118.54167615,34.79166945
0.0,150.20834535,-23.12500185
0.0,0.625000049999983,44.37500355
0.0,132.70834395,-30.62500245
0.0,106.45834185,-6.87500055
14.0,125.62501005,-31.87500255
0.0,-103.54167495,23.54166855
0.0,148.12501185,-20.62500165
0.0,98.95834125,7.70833395
0.0,21.87500175,50.62500405
0.0,106.04167515,18.12500145
22.0,107.29167525,21.04166835
0.0,120.20834295,-6.04166715000001
19.0,-81.04167315,27.29166885
17.0,-110.20834215,32.29166925
13.0,-6.45833385,62.29167165
0.0,121.87500975,-31.87500255
0.0,-99.37500795,18.54166815
0.0,114.79167585,-31.04166915
0.0,98.54167455,3.95833365
0.0,131.87501055,-11.87500095
0.0,136.87501095,-11.45833425
0.0,111.04167555,35.62500285
26.0,-82.29167325,29.79166905
0.0,123.12500985,-8.54166735
0.0,120.62500965,5.20833374999999
36.0,149.37501195,-32.29166925
0.0,12.29166765,52.70833755
21.0,29.79166905,36.45833625
0.0,153.12501225,-30.62500245
0.0,25.62500205,41.87500335
0.0,122.70834315,-1.04166675
35.0,28.95833565,39.37500315
0.0,140.20834455,-36.04166955
0.0,-83.54167335,47.29167045
0.0,-108.12500865,27.29166885
14.0,118.12500945,-29.37500235
0.0,0.208333349999975,48.54167055
0.0,151.87501215,-26.04166875
0.0,113.54167575,23.54166855
0.0,-101.04167475,26.45833545
0.0,-100.62500805,18.95833485
0.0,-72.29167245,-40.20833655
0.0,102.29167485,6.45833385
23.0,-97.29167445,16.87500135
0.0,4.79166705,36.87500295
10.0,38.54166975,59.37500475
0.0,-98.95834125,23.12500185
0.0,18.95833485,51.45833745
36.0,145.20834495,-35.20833615
0.0,-3.54166695000001,43.95833685
0.0,100.20834135,16.04166795
0.0,111.45834225,-3.54166695000001
5.0,-96.87500775,19.37500155
0.0,106.45834185,16.04166795
0.0,29.37500235,53.54167095
0.0,-107.70834195,31.45833585
2.0,-106.87500855,25.20833535
0.0,103.12500825,-0.208333350000004
0.0,121.45834305,-5.20833375000001
0.0,-93.54167415,50.20833735
53.0,99.79167465,31.04166915
0.0,108.95834205,-6.45833385
25.0,-111.04167555,31.45833585
17.0,-100.62500805,23.54166855
0.0,135.20834415,-32.29166925
0.0,-91.87500735,15.62500125
0.0,-81.87500655,26.87500215
0.0,116.87500935,-32.70833595
0.0,36.45833625,51.87500415
0.0,121.04167635,9.37500075
0.0,142.29167805,-35.62500285
0.0,-96.45834105,20.62500165
0.0,43.95833685,52.29167085
0.0,111.04167555,26.04166875
0.0,143.12501145,-34.79166945
0.0,102.70834155,20.62500165
0.0,121.45834305,-33.95833605
0.0,117.70834275,28.54166895
0.0,141.87501135,-33.54166935
19.0,-110.62500885,33.12500265
0.0,116.45834265,39.37500315
0.0,145.62501165,-33.54166935
0.0,118.12500945,-29.79166905
0.0,112.70834235,23.95833525
0.0,129.79167705,35.62500285
0.0,140.20834455,-1.87500015000001
0.0,8.54166734999998,49.37500395
0.0,88.54167375,22.29166845
0.0,100.62500805,-0.625000049999997
0.0,118.95834285,-1.45833345
0.0,-113.12500905,36.87500295
0.0,145.62501165,-31.87500255
13.0,-110.62500885,32.29166925
0.0,120.20834295,-0.625000049999997
0.0,37.70833635,44.37500355
0.0,-97.70834115,20.20833495
0.0,142.70834475,-38.95833645
5.0,-101.87500815,29.79166905
19.0,8.12500064999998,47.29167045
0.0,136.87501095,36.04166955
0.0,101.45834145,4.79166705
0.0,112.29167565,-0.625000049999997
0.0,33.95833605,56.87500455
4.0,-80.62500645,34.37500275
0.0,135.62501085,-33.54166935
0.0,140.62501125,-7.70833395
0.0,98.12500785,10.20833415
0.0,116.45834265,-34.79166945
0.0,41.87500335,56.87500455
0.0,138.12501105,-16.45833465
0.0,117.70834275,28.95833565
0.0,-83.54167335,46.04167035
17.0,-111.45834225,35.20833615
0.0,106.45834185,9.79166744999999
0.0,115.62500925,24.37500195
0.0,128.54167695,-0.625000049999997
0.0,-2.70833355000002,49.79167065
0.0,144.37501155,-35.62500285
54.0,147.29167845,-32.29166925
0.0,121.87500975,30.20833575
28.0,129.79167705,-27.70833555
0.0,119.79167625,-10.20833415
13.0,136.87501095,-32.29166925
27.0,-102.29167485,22.29166845
0.0,103.54167495,21.04166835
0.0,104.79167505,22.29166845
9.0,141.45834465,-36.04166955
0.0,108.12500865,1.04166675
0.0,148.95834525,-6.45833385
0.0,21.45833505,63.54167175
0.0,168.12501345,-16.87500135
0.0,114.37500915,2.70833354999999
0.0,28.95833565,54.79167105
53.0,-70.20833895,-53.12500425
0.0,120.62500965,-3.95833365
0.0,15.20833455,68.12500545
0.0,116.04167595,23.54166855
0.0,141.87501135,-7.70833395
0.0,-99.37500795,18.12500145
28.0,115.20834255,-26.87500215
0.0,-97.70834115,16.45833465
0.0,13.12500105,38.54166975
0.0,117.29167605,-34.79166945
0.0,123.54167655,-31.04166915
27.0,43.95833685,37.29166965
0.0,80.20833975,9.79166744999999
0.0,146.87501175,-18.54166815
0.0,20.62500165,53.54167095
28.0,149.79167865,-33.54166935
0.0,151.04167875,-22.29166845
0.0,146.87501175,-36.04166955
0.0,116.87500935,-31.04166915
0.0,0.625000049999983,52.70833755
0.0,100.62500805,0.208333350000004
0.0,43.54167015,58.12500465
0.0,118.54167615,-31.45833585
15.0,-102.70834155,18.12500145
0.0,129.37501035,31.04166915
5.0,-107.29167525,26.04166875
5.0,7.29166724999999,51.04167075
0.0,105.20834175,12.29166765
0.0,145.62501165,-38.54166975
14.0,-104.79167505,24.37500195
0.0,79.37500635,8.12500065
0.0,138.95834445,-16.87500135
0.0,116.45834265,-31.87500255
0.0,111.04167555,26.45833545
0.0,10.62500085,43.54167015
0.0,-103.95834165,29.79166905
0.0,-95.20834095,30.62500245
0.0,37.29166965,58.54167135
12.0,151.87501215,-32.29166925
11.0,108.54167535,41.04166995
0.0,121.04167635,27.70833555
0.0,103.95834165,10.62500085
0.0,16.04166795,40.20833655
0.0,116.04167595,23.12500185
0.0,93.12500745,21.45833505
0.0,106.04167515,40.62500325
6.0,-109.37500875,30.20833575
0.0,118.95834285,11.04166755
0.0,150.62501205,-28.12500225
0.0,151.04167875,-33.54166935
0.0,-82.29167325,33.54166935
7.0,8.95833404999999,39.79166985
0.0,118.54167615,-33.95833605
0.0,93.12500745,13.95833445
0.0,-94.79167425,28.95833565
0.0,-75.20833935,37.29166965
0.0,28.54166895,50.62500405
0.0,16.87500135,41.04166995
0.0,118.54167615,5.62500045
6.0,106.04167515,9.37500075
0.0,118.95834285,-30.20833575
0.0,111.04167555,22.29166845
0.0,116.45834265,-0.625000049999997
0.0,147.29167845,-34.37500275
0.0,8.95833404999999,37.70833635
0.0,-89.79167385,29.79166905
0.0,94.79167425,5.62500045
0.0,119.79167625,-31.87500255
62.0,-96.87500775,38.54166975
5.0,140.20834455,-33.54166935
0.0,99.79167465,22.70833515
0.0,133.12501065,-4.37500035000001
0.0,29.37500235,36.45833625
0.0,-101.04167475,25.20833535
13.0,27.70833555,42.70833675
0.0,130.62501045,-11.04166755
0.0,151.87501215,-33.12500265
0.0,112.29167565,-5.20833375000001
0.0,142.70834475,-34.37500275
0.0,101.04167475,15.62500125
