ISRICSOILGRIDS_new_average_siltpercent_reduced,x,y
-9999.0,-41.45833665,62.70833835
29.0,-75.20833935,6.04166714999999
34.0,-56.45833785,53.12500425
42.0,48.54167055,62.70833835
34.0,-109.37500875,46.04167035
40.0,101.45834145,26.87500215
41.0,128.54167695,36.87500295
23.0,101.87500815,3.95833365
-9999.0,122.70834315,-0.208333350000004
29.0,-83.54167335,45.20833695
23.0,-108.12500865,28.95833565
51.0,12.70833435,45.62500365
53.0,-154.79167905,63.54167175
-9999.0,131.45834385,-2.70833355000001
36.0,158.12501265,63.54167175
-9999.0,121.45834305,-7.70833395
-9999.0,139.37501115,41.45833665
-9999.0,120.20834295,35.62500285
21.0,-105.62500845,26.87500215
36.0,79.79167305,60.62500485
38.0,21.87500175,48.54167055
39.0,-96.87500775,33.12500265
64.0,-93.54167415,37.29166965
54.0,-82.29167325,40.20833655
28.0,-112.70834235,55.20833775
42.0,63.95833845,56.45833785
43.0,-123.95834325,43.95833685
23.0,102.29167485,5.20833374999999
45.0,107.29167525,28.95833565
41.0,52.70833755,63.54167175
41.0,41.45833665,54.79167105
-9999.0,121.87500975,25.20833535
-9999.0,49.79167065,68.54167215
41.0,125.62501005,56.04167115
35.0,3.54166694999998,45.20833695
40.0,59.37500475,59.37500475
33.0,-109.79167545,61.87500495
41.0,-128.54167695,63.54167175
33.0,-109.37500875,61.45833825
43.0,-137.70834435,63.54167175
43.0,43.54167015,66.04167195
31.0,-56.87500455,53.12500425
-9999.0,-82.29167325,64.79167185
33.0,-101.45834145,29.79166905
46.0,19.79166825,51.04167075
36.0,-147.29167845,61.04167155
38.0,119.37500955,47.29167045
41.0,134.37501075,57.29167125
-9999.0,63.95833845,69.79167225
34.0,19.37500155,67.29167205
39.0,11.45833425,48.54167055
38.0,-112.70834235,46.45833705
41.0,38.95833645,55.20833775
12.0,49.79167065,-13.12500105
42.0,-155.62501245,58.95833805
43.0,-50.20833735,64.37500515
37.0,101.04167475,28.12500225
47.0,131.04167715,43.95833685
27.0,116.45834265,1.87500014999999
18.0,151.04167875,-31.04166915
38.0,-53.54167095,67.29167205
43.0,19.79166825,42.70833675
11.0,28.95833565,-24.79166865
28.0,98.54167455,19.37500155
-9999.0,-93.12500745,29.37500235
34.0,26.45833545,66.04167195
36.0,-132.29167725,59.79167145
46.0,158.54167935,69.37500555
32.0,-72.70833915,-41.45833665
33.0,25.62500205,63.12500505
40.0,118.95834285,55.62500445
43.0,88.54167375,66.45833865
45.0,55.20833775,54.79167105
43.0,140.62501125,38.54166975
39.0,108.54167535,51.45833745
-9999.0,25.20833535,37.70833635
49.0,68.54167215,67.70833875
-9999.0,140.20834455,76.04167275
26.0,30.20833575,-30.20833575
54.0,-152.29167885,65.62500525
-9999.0,150.62501205,-21.87500175
40.0,-120.62500965,49.37500395
35.0,122.29167645,46.45833705
34.0,111.04167555,53.12500425
-9999.0,117.70834275,6.04166714999999
42.0,68.54167215,70.62500565
38.0,71.45833905,39.37500315
40.0,-109.79167545,47.29167045
-9999.0,11.87500095,78.12500625
34.0,105.20834175,9.37500075
39.0,102.29167485,46.45833705
35.0,114.79167585,58.95833805
41.0,6.04166714999999,44.79167025
38.0,-129.79167705,65.20833855
-9999.0,17.29166805,80.20833975
33.0,-108.54167535,52.70833755
39.0,-96.87500775,34.37500275
39.0,-73.95833925,44.79167025
44.0,-146.45834505,62.70833835
-9999.0,103.54167495,5.20833374999999
40.0,-113.54167575,46.87500375
34.0,127.70834355,51.04167075
46.0,-154.79167905,62.29167165
37.0,112.70834235,48.95833725
21.0,-99.37500795,16.87500135
43.0,103.54167495,63.12500505
39.0,-84.79167345,65.20833855
34.0,90.62500725,22.70833515
43.0,-123.95834325,61.04167155
28.0,-100.20834135,23.54166855
32.0,-68.54167215,50.20833735
-9999.0,-2.29166685000001,43.54167015
33.0,28.12500225,51.04167075
49.0,113.12500905,30.62500245
40.0,130.62501045,56.45833785
40.0,86.04167355,48.12500385
31.0,-67.70833875,51.45833745
-9999.0,151.87501215,-33.12500265
36.0,142.29167805,45.20833695
37.0,111.87500895,24.79166865
21.0,10.62500085,56.45833785
38.0,13.12500105,57.70833795
37.0,91.87500735,28.95833565
41.0,128.12501025,40.20833655
39.0,51.87500415,62.29167165
39.0,-51.04167075,63.54167175
-9999.0,-64.79167185,62.29167165
42.0,85.20834015,65.20833855
35.0,39.37500315,60.62500485
-9999.0,-70.20833895,-52.70833755
32.0,120.62500965,43.95833685
41.0,119.37500955,61.87500495
46.0,35.62500285,56.04167115
-9999.0,8.95833404999999,63.95833845
40.0,91.04167395,51.45833745
34.0,101.45834145,23.54166855
46.0,88.95834045,58.12500465
-9999.0,-87.29167365,43.12500345
8.0,130.62501045,-26.87500215
51.0,-142.70834475,65.62500525
39.0,-137.70834435,62.29167165
36.0,-51.04167075,71.04167235
32.0,22.29166845,56.45833785
36.0,-128.95834365,54.37500435
-9999.0,-88.54167375,30.20833575
36.0,-64.37500515,60.20833815
43.0,48.95833725,63.54167175
54.0,-160.62501285,63.95833845
44.0,-111.45834225,42.29167005
41.0,-133.95834405,63.12500505
39.0,132.29167725,56.04167115
52.0,16.87500135,49.79167065
33.0,-63.12500505,57.29167125
28.0,1.04166674999999,52.70833755
37.0,33.12500265,64.79167185
39.0,-115.20834255,67.29167205
34.0,170.20834695,67.29167205
32.0,-106.04167515,36.87500295
42.0,71.87500575,64.37500515
47.0,36.87500295,51.87500415
44.0,-127.70834355,56.04167115
32.0,-121.87500975,66.87500535
31.0,9.79166744999998,63.54167175
30.0,-86.04167355,51.04167075
40.0,159.37501275,62.29167165
44.0,-156.45834585,58.12500465
52.0,-96.87500775,37.29166965
11.0,141.87501135,-16.45833465
41.0,-118.12500945,49.79167065
24.0,118.54167615,1.04166675
43.0,51.04167075,65.62500525
42.0,133.54167735,44.79167025
27.0,-103.12500825,36.04166955
43.0,47.29167045,64.79167185
-9999.0,128.12501025,-7.70833395
33.0,131.45834385,51.45833745
-9999.0,-7.29166725000002,58.54167135
41.0,88.12500705,67.70833875
43.0,-68.12500545,69.79167225
-9999.0,30.20833575,71.04167235
39.0,-78.12500625,46.45833705
20.0,-106.45834185,27.29166885
41.0,61.45833825,67.29167205
39.0,154.79167905,49.37500395
36.0,-83.95834005,46.87500375
41.0,82.29167325,63.54167175
43.0,-114.79167585,50.20833735
45.0,44.37500355,65.62500525
33.0,30.62500245,62.70833835
31.0,-100.62500805,24.37500195
44.0,131.45834385,47.70833715
33.0,102.70834155,46.04167035
40.0,92.29167405,52.70833755
40.0,-136.04167755,58.12500465
38.0,96.87500775,65.20833855
42.0,-118.54167615,44.37500355
40.0,41.45833665,58.54167135
41.0,71.45833905,61.45833825
-9999.0,170.62501365,60.20833815
33.0,-81.45833985,51.45833745
40.0,87.29167365,57.29167125
35.0,-16.45833465,65.20833855
36.0,48.95833725,34.37500275
35.0,151.87501215,61.87500495
-9999.0,11.04166755,79.79167305
46.0,-94.37500755,43.95833685
-9999.0,132.29167725,-11.87500095
36.0,83.95834005,73.12500585
44.0,38.12500305,63.95833845
43.0,41.45833665,40.20833655
44.0,53.12500425,66.45833865
37.0,-114.79167585,56.87500455
52.0,-157.70834595,61.04167155
51.0,96.04167435,59.37500475
-9999.0,13.54166775,78.54167295
38.0,133.12501065,48.12500385
39.0,-176.04168075,66.87500535
41.0,61.04167155,56.45833785
42.0,16.45833465,39.79166985
-9999.0,156.45834585,50.62500405
70.0,-89.79167385,37.29166965
37.0,-99.37500795,63.54167175
33.0,-112.70834235,63.12500505
40.0,-133.12501065,63.54167175
35.0,-121.45834305,60.62500485
37.0,-112.29167565,37.70833635
24.0,14.79166785,50.20833735
-9999.0,-143.54167815,70.62500565
30.0,-93.54167415,47.70833715
14.0,25.62500205,-33.12500265
-9999.0,1.45833345,51.87500415
47.0,13.54166775,51.04167075
-9999.0,40.62500325,42.70833675
39.0,45.20833695,60.62500485
44.0,-134.79167745,63.54167175
-9999.0,167.29168005,-16.45833465
40.0,46.45833705,39.79166985
52.0,4.79166705,50.20833735
-9999.0,50.20833735,37.70833635
42.0,-71.04167235,67.70833875
39.0,-130.62501045,60.62500485
40.0,139.37501115,65.20833855
9.0,118.95834285,-31.04166915
13.0,149.79167865,-30.62500245
-9999.0,-163.54167975,59.37500475
40.0,88.12500705,62.70833835
38.0,-74.79167265,64.79167185
50.0,-80.20833975,26.45833545
36.0,112.70834235,24.37500195
55.0,-150.20834535,62.29167165
8.0,118.95834285,-33.95833605
40.0,-153.12501225,57.70833795
43.0,74.37500595,60.20833815
32.0,-88.54167375,55.62500445
51.0,-145.20834495,65.62500525
36.0,-120.20834295,42.29167005
27.0,117.29167605,-8.95833405
18.0,21.45833505,-33.54166935
32.0,-3.54166695000001,34.79166945
46.0,-151.87501215,69.79167225
39.0,-73.54167255,65.20833855
30.0,-119.79167625,65.62500525
34.0,-78.12500625,51.87500415
-9999.0,-4.37500035000002,51.04167075
37.0,-95.20834095,43.12500345
-9999.0,26.04166875,36.04166955
55.0,-88.54167375,43.54167015
-9999.0,157.29167925,-8.95833405
43.0,122.70834315,40.62500325
43.0,43.12500345,40.62500325
42.0,132.70834395,65.20833855
33.0,-79.37500635,48.12500385
40.0,-98.54167455,67.29167205
43.0,61.87500495,54.79167105
38.0,-127.70834355,50.20833735
32.0,-89.37500715,36.87500295
39.0,124.79167665,51.45833745
-9999.0,21.45833505,64.79167185
16.0,-71.04167235,-42.70833675
41.0,-110.62500885,67.70833875
32.0,113.54167575,25.20833535
38.0,99.37500795,24.79166865
31.0,-107.29167525,63.54167175
40.0,2.29166684999998,41.87500335
39.0,-16.04166795,66.45833865
-9999.0,97.29167445,16.04166795
-9999.0,-162.70834635,59.79167145
28.0,103.12500825,15.20833455
12.0,34.79166945,-11.04166755
40.0,163.54167975,61.04167155
34.0,-122.70834315,66.04167195
37.0,20.20833495,45.20833695
41.0,-171.87501375,65.62500525
37.0,155.20834575,61.87500495
50.0,-139.79167785,67.29167205
46.0,63.95833845,55.62500445
-9999.0,133.12501065,32.70833595
37.0,-131.45834385,61.04167155
-9999.0,128.54167695,32.29166925
29.0,11.04166755,36.87500295
40.0,52.29167085,62.70833835
41.0,113.95834245,51.04167075
36.0,-77.29167285,65.20833855
-9999.0,-66.04167195,44.79167025
-9999.0,31.04166915,66.87500535
47.0,-86.04167355,33.54166935
36.0,114.79167585,62.70833835
33.0,-121.45834305,47.29167045
-9999.0,-4.79166705,54.37500435
43.0,121.87500975,48.54167055
42.0,-123.12500985,57.29167125
43.0,79.37500635,68.95833885
36.0,-22.29166845,73.54167255
51.0,157.29167925,64.79167185
37.0,25.20833535,41.45833665
17.0,21.04166835,53.12500425
47.0,125.62501005,43.95833685
-9999.0,115.62500925,-6.45833385
25.0,-105.62500845,23.54166855
38.0,30.62500245,67.70833875
45.0,-2.70833355000002,47.70833715
40.0,81.87500655,68.95833885
43.0,-94.79167425,42.29167005
44.0,50.20833735,56.04167115
37.0,22.70833515,38.54166975
27.0,-103.12500825,56.45833785
32.0,-72.29167245,56.45833785
35.0,163.54167975,65.20833855
43.0,-121.87500975,51.04167075
35.0,172.70834715,66.04167195
18.0,-86.87500695,31.04166915
31.0,-84.79167345,53.95833765
-9999.0,-23.12500185,72.29167245
-9999.0,-65.62500525,-54.37500435
-9999.0,-114.37500915,62.29167165
39.0,61.04167155,57.29167125
-9999.0,21.45833505,63.95833845
47.0,-118.54167615,50.20833735
49.0,-93.54167415,34.79166945
48.0,117.29167605,34.37500275
-9999.0,16.45833465,41.45833665
33.0,-77.29167285,38.12500305
41.0,128.95834365,42.70833675
27.0,-66.45833865,52.29167085
42.0,164.79167985,68.95833885
-9999.0,38.12500305,68.95833885
46.0,50.62500405,58.95833805
30.0,99.37500795,20.20833495
21.0,102.29167485,-1.87500015000001
20.0,-81.45833985,33.12500265
45.0,-118.95834285,44.79167025
45.0,23.12500185,46.04167035
-9999.0,93.54167415,6.45833385
27.0,-103.12500825,25.62500205
36.0,123.12500985,52.70833755
37.0,33.95833605,63.12500505
42.0,44.37500355,67.70833875
-9999.0,20.62500165,33.12500265
34.0,119.37500955,57.70833795
21.0,145.62501165,-37.29166965
26.0,-111.87500895,36.45833625
10.0,137.29167765,-30.62500245
51.0,-163.95834645,67.70833875
39.0,-153.95834565,61.87500495
15.0,151.45834545,-27.29166885
50.0,-86.45834025,40.62500325
32.0,16.87500135,61.45833825
31.0,-94.79167425,57.70833795
55.0,-162.70834635,61.87500495
39.0,141.04167795,41.45833665
-9999.0,139.79167785,-16.45833465
46.0,26.45833545,48.12500385
37.0,91.45834065,28.95833565
45.0,130.20834375,45.20833695
40.0,91.45834065,66.87500535
30.0,-58.95833805,51.45833745
40.0,86.45834025,59.79167145
21.0,-103.54167495,35.62500285
-9999.0,-171.45834705,67.29167205
47.0,-91.87500735,42.29167005
39.0,131.45834385,33.12500265
36.0,-111.87500895,66.04167195
43.0,96.04167435,55.20833775
-9999.0,50.20833735,-14.37500115
36.0,18.54166815,50.20833735
-9999.0,133.95834405,-33.12500265
-9999.0,163.95834645,59.37500475
44.0,107.29167525,36.87500295
45.0,-0.625000050000011,46.87500375
46.0,60.20833815,65.62500525
18.0,23.54166855,51.87500415
42.0,138.54167775,62.70833835
37.0,143.54167815,46.45833705
40.0,138.54167775,53.12500425
38.0,16.87500135,39.37500315
58.0,-89.79167385,40.20833655
38.0,107.29167525,60.62500485
29.0,-93.95834085,50.20833735
29.0,92.29167405,28.12500225
29.0,-106.87500855,41.04166995
44.0,93.54167415,53.54167095
-9999.0,103.12500825,1.45833345
-9999.0,3.95833364999999,39.37500315
40.0,-69.79167225,47.29167045
38.0,37.70833635,56.04167115
-9999.0,-136.87501095,58.12500465
38.0,-109.37500875,39.37500315
38.0,136.45834425,49.37500395
-9999.0,141.87501135,38.54166975
-9999.0,-4.79166705,50.62500405
37.0,161.04167955,61.45833825
45.0,153.12501225,63.95833845
-9999.0,104.37500835,8.95833404999999
9.0,142.29167805,-34.37500275
32.0,-57.29167125,53.95833765
36.0,-119.37500955,56.87500455
-9999.0,-56.45833785,53.95833765
49.0,-141.04167795,65.20833855
37.0,138.95834445,62.70833835
36.0,-71.45833905,57.29167125
-9999.0,-115.62500925,61.45833825
30.0,-69.37500555,50.20833735
27.0,-109.37500875,54.79167105
39.0,-174.79168065,65.20833855
33.0,-110.20834215,53.95833765
-9999.0,107.29167525,-3.12500025
37.0,57.29167125,57.29167125
-9999.0,66.45833865,71.04167235
35.0,101.87500815,30.62500245
52.0,9.79166744999998,48.54167055
48.0,8.12500064999998,44.79167025
37.0,38.12500305,61.45833825
-9999.0,-45.20833695,63.12500505
-9999.0,-132.29167725,68.54167215
40.0,173.95834725,66.87500535
-9999.0,132.29167725,42.70833675
39.0,96.87500775,66.45833865
41.0,-156.87501255,58.12500465
-9999.0,-4.79166705,51.45833745
-9999.0,13.12500105,55.20833775
-9999.0,-128.54167695,50.62500405
15.0,143.95834485,-36.87500295
33.0,-23.95833525,64.79167185
35.0,102.70834155,39.37500315
-9999.0,19.79166825,79.79167305
38.0,140.20834455,51.45833745
29.0,-77.70833955,36.45833625
-9999.0,43.12500345,-21.04166835
39.0,17.29166805,48.12500385
43.0,138.95834445,70.62500565
39.0,79.79167305,59.79167145
48.0,108.95834205,31.87500255
42.0,-140.20834455,64.79167185
35.0,-99.37500795,48.54167055
38.0,41.87500335,38.95833645
-9999.0,-68.54167215,44.37500355
-9999.0,0.208333349999975,36.45833625
31.0,-63.12500505,55.62500445
42.0,94.79167425,43.54167015
47.0,-159.79167945,59.37500475
34.0,-81.87500655,43.12500345
34.0,-108.54167535,33.12500265
46.0,24.37500195,43.12500345
36.0,47.29167045,39.37500315
42.0,156.87501255,63.54167175
37.0,106.04167515,53.95833765
57.0,1.87500014999998,48.54167055
38.0,-16.45833465,66.45833865
37.0,-112.29167565,58.12500465
-9999.0,132.29167725,-6.04166715000001
-9999.0,-64.37500515,64.37500515
44.0,68.54167215,62.70833835
-9999.0,115.62500925,-5.20833375000001
-9999.0,121.04167635,39.79166985
27.0,25.62500205,55.20833775
43.0,1.04166674999999,41.87500335
18.0,148.54167855,-20.20833495
33.0,-88.95834045,48.95833725
34.0,-61.87500495,55.62500445
54.0,-94.37500755,41.45833665
35.0,71.04167235,38.95833645
28.0,-71.04167235,53.12500425
37.0,-158.54167935,56.45833785
46.0,-93.95834085,43.95833685
-9999.0,105.20834175,-6.45833385
37.0,23.95833525,56.04167115
31.0,-109.37500875,40.20833655
-9999.0,129.37501035,-6.45833385
32.0,-121.45834305,59.79167145
41.0,62.29167165,61.04167155
-9999.0,-0.208333350000004,50.62500405
38.0,17.29166805,43.54167015
31.0,-102.70834155,36.87500295
36.0,123.54167655,54.79167105
26.0,106.87500855,15.20833455
41.0,43.95833685,65.20833855
39.0,43.54167015,58.95833805
-9999.0,-80.62500645,45.62500365
35.0,21.04166835,78.12500625
40.0,13.54166775,42.70833675
-9999.0,39.37500315,68.54167215
28.0,146.45834505,-7.29166725
14.0,152.70834555,-27.70833555
44.0,-118.95834285,52.70833755
41.0,112.70834235,61.04167155
33.0,-105.62500845,36.04166955
54.0,-161.45834625,61.04167155
41.0,42.29167005,63.95833845
35.0,-16.04166795,65.20833855
30.0,-96.87500775,19.79166825
34.0,66.04167195,34.79166945
-9999.0,128.54167695,27.70833555
40.0,13.12500105,46.45833705
40.0,3.12500025,46.87500375
25.0,-115.62500925,31.45833585
-9999.0,106.87500855,-7.70833395
37.0,-87.29167365,32.29166925
46.0,108.12500865,59.79167145
28.0,-80.62500645,49.79167065
-9999.0,134.79167745,-11.87500095
35.0,-138.95834445,59.79167145
-9999.0,-47.70833715,61.87500495
14.0,-82.29167325,31.87500255
25.0,-99.79167465,24.37500195
17.0,-85.20834015,30.62500245
7.0,143.54167815,-33.54166935
41.0,108.54167535,23.95833525
-9999.0,141.45834465,58.54167135
42.0,-97.70834115,35.20833615
41.0,-132.29167725,61.87500495
36.0,-112.29167565,64.37500515
39.0,-69.79167225,60.20833815
39.0,45.20833695,36.87500295
-9999.0,-79.79167305,59.79167145
38.0,166.04167995,66.04167195
41.0,96.04167435,63.95833845
29.0,-97.29167445,58.95833805
26.0,-5.20833375000001,38.54166975
40.0,135.62501085,52.29167085
39.0,11.87500095,43.54167015
34.0,146.04167835,61.04167155
36.0,-5.62500045000002,39.37500315
38.0,-125.62501005,54.37500435
36.0,-69.79167225,56.87500455
41.0,45.62500365,42.70833675
39.0,154.79167905,62.29167165
40.0,-176.87501415,65.62500525
32.0,-67.29167205,45.62500365
36.0,50.20833735,61.04167155
45.0,-76.04167275,38.95833645
-9999.0,-64.79167185,49.37500395
14.0,150.20834535,-29.79166905
35.0,6.87500054999998,58.95833805
40.0,126.04167675,54.37500435
48.0,43.12500345,58.54167135
40.0,103.54167495,55.20833775
40.0,87.70834035,62.29167165
-9999.0,141.04167795,44.37500355
24.0,-85.20834015,32.29166925
34.0,-81.87500655,51.87500415
38.0,113.95834245,26.45833545
-9999.0,114.79167585,-6.87500055
39.0,-129.37501035,62.29167165
-9999.0,-65.62500525,49.79167065
34.0,124.37500995,46.04167035
41.0,-119.79167625,49.37500395
47.0,-151.87501215,67.70833875
33.0,-100.62500805,26.45833545
38.0,77.70833955,59.79167145
-9999.0,-79.79167305,28.54166895
44.0,85.20834015,66.45833865
-9999.0,13.54166775,66.87500535
45.0,87.29167365,53.54167095
41.0,85.62500685,50.20833735
-9999.0,120.20834295,-6.45833385
35.0,99.79167465,48.95833725
37.0,-124.37500995,51.45833745
39.0,32.70833595,63.12500505
37.0,-88.54167375,56.45833785
-9999.0,15.62500125,56.04167115
38.0,-82.70833995,67.29167205
-9999.0,125.62501005,1.87500014999999
-9999.0,19.37500155,58.54167135
56.0,-156.04167915,65.62500525
18.0,147.70834515,-42.70833675
-9999.0,23.54166855,59.37500475
39.0,83.95834005,50.20833735
38.0,-26.04166875,70.62500565
23.0,-99.37500795,25.20833535
-9999.0,-160.20834615,56.87500455
-9999.0,-5.20833375000001,50.62500405
39.0,-107.29167525,44.79167025
-9999.0,139.37501115,38.12500305
33.0,-148.54167855,63.12500505
42.0,82.29167325,41.87500335
48.0,-92.29167405,34.37500275
36.0,128.95834365,50.20833735
36.0,-75.62500605,45.62500365
38.0,21.04166835,65.62500525
41.0,-117.70834275,44.37500355
34.0,-111.87500895,65.20833855
39.0,28.12500225,66.87500535
34.0,96.87500775,29.37500235
39.0,15.20833455,62.70833835
28.0,123.12500985,44.79167025
26.0,28.95833565,-30.20833575
43.0,174.79168065,68.95833885
43.0,64.37500515,66.87500535
58.0,-155.62501245,65.20833855
39.0,40.62500325,56.87500455
37.0,100.62500805,70.62500565
-9999.0,-78.12500625,55.20833775
40.0,37.29166965,63.54167175
42.0,126.45834345,48.95833725
36.0,-5.62500045000002,33.95833605
42.0,-127.70834355,56.87500455
44.0,13.12500105,63.12500505
-9999.0,139.79167785,34.79166945
36.0,17.29166805,46.87500375
50.0,113.12500905,29.79166905
41.0,50.62500405,66.04167195
34.0,101.04167475,49.37500395
50.0,-141.45834465,63.12500505
25.0,98.95834125,2.70833354999999
46.0,-88.95834045,38.12500305
29.0,-72.70833915,56.04167115
-9999.0,-1.87500015000001,50.20833735
45.0,105.62500845,36.45833625
47.0,116.87500935,30.62500245
45.0,107.29167525,33.54166935
-9999.0,19.79166825,78.54167295
-9999.0,40.20833655,43.12500345
24.0,-107.29167525,28.12500225
52.0,21.87500175,49.79167065
47.0,-141.04167795,66.04167195
34.0,96.45834105,18.95833485
-9999.0,129.37501035,0.208333350000004
44.0,134.79167745,43.95833685
44.0,61.87500495,58.54167135
37.0,-96.45834105,47.29167045
45.0,117.70834275,40.62500325
24.0,20.62500165,51.45833745
43.0,86.45834025,60.20833815
29.0,-109.37500875,31.87500255
35.0,8.12500064999998,49.37500395
49.0,39.37500315,51.04167075
36.0,115.62500925,41.87500335
48.0,-164.79167985,60.62500485
30.0,-108.54167535,34.37500275
36.0,-114.37500915,41.04166995
38.0,112.29167565,53.54167095
47.0,90.20834055,61.45833825
44.0,175.62501405,65.20833855
46.0,67.29167205,67.70833875
28.0,-136.87501095,61.04167155
39.0,-77.70833955,61.04167155
46.0,126.45834345,44.37500355
39.0,113.54167575,50.62500405
41.0,-148.54167855,61.45833825
35.0,31.04166915,51.04167075
44.0,112.29167565,26.87500215
42.0,-122.29167645,54.37500435
42.0,-123.54167655,56.45833785
38.0,-125.20834335,59.37500475
-9999.0,-63.12500505,46.87500375
38.0,112.29167565,38.54166975
33.0,-56.04167115,49.79167065
-9999.0,119.37500955,-4.79166705
38.0,132.29167725,58.12500465
43.0,68.12500545,63.95833845
44.0,110.62500885,28.12500225
32.0,-97.70834115,48.95833725
-9999.0,-151.87501215,70.62500565
40.0,30.62500245,53.95833765
40.0,-15.20833455,65.20833855
30.0,-77.29167285,48.95833725
45.0,-92.70834075,33.95833605
37.0,5.62500044999999,36.04166955
32.0,-58.95833805,54.37500435
-9999.0,-68.54167215,48.95833725
36.0,-19.37500155,66.04167195
39.0,120.20834295,53.54167095
45.0,-144.79167825,68.12500545
-9999.0,122.29167645,15.20833455
37.0,-76.45833945,45.62500365
29.0,-72.29167245,53.54167095
23.0,-101.45834145,21.04166835
40.0,175.62501405,66.45833865
35.0,79.79167305,29.79166905
52.0,-147.70834515,66.87500535
20.0,20.62500165,52.70833755
36.0,21.87500175,40.62500325
47.0,-92.29167405,34.79166945
32.0,-24.79166865,73.95833925
54.0,-159.79167945,63.95833845
46.0,112.29167565,35.62500285
40.0,-108.54167535,38.54166975
31.0,-123.54167655,65.62500525
41.0,138.54167775,70.62500565
44.0,10.20833415,50.62500405
33.0,-68.95833885,63.54167175
34.0,-128.12501025,60.20833815
41.0,58.12500465,54.79167105
41.0,108.12500865,58.12500465
25.0,-74.79167265,39.37500315
41.0,109.79167545,50.62500405
-9999.0,148.12501185,-42.29167005
38.0,43.95833685,61.04167155
42.0,58.12500465,67.29167205
10.0,116.87500935,-33.12500265
-9999.0,76.45833945,72.29167245
38.0,29.79166905,67.29167205
24.0,27.70833555,57.29167125
-9999.0,141.45834465,-14.79166785
38.0,-98.12500785,68.12500545
-9999.0,-78.95833965,61.87500495
31.0,103.54167495,-4.37500035000001
45.0,-141.45834465,69.37500555
-9999.0,124.37500995,-5.62500045
-9999.0,36.04166955,64.79167185
39.0,24.37500195,69.37500555
15.0,142.29167805,-37.70833635
40.0,22.70833515,41.04166995
11.0,133.12501065,-31.87500255
-9999.0,133.12501065,36.45833625
32.0,-84.37500675,46.04167035
46.0,106.45834185,33.95833605
39.0,91.45834065,68.54167215
37.0,-103.54167495,65.62500525
43.0,122.29167645,59.37500475
-9999.0,-5.20833375000001,51.45833745
-9999.0,125.62501005,37.70833635
40.0,97.29167445,55.20833775
36.0,23.12500185,61.45833825
31.0,-69.37500555,56.04167115
55.0,120.62500965,31.04166915
39.0,-82.29167325,63.95833845
38.0,118.95834285,46.87500375
43.0,129.79167705,57.29167125
40.0,119.79167625,46.87500375
11.0,119.79167625,-31.04166915
46.0,79.79167305,58.12500465
51.0,113.95834245,33.54166935
41.0,-124.79167665,57.70833795
44.0,132.70834395,61.04167155
32.0,98.54167455,20.62500165
17.0,7.29166724999999,53.12500425
43.0,129.37501035,62.29167165
36.0,35.20833615,57.70833795
35.0,20.62500165,40.62500325
45.0,165.20834655,62.29167165
40.0,57.29167125,75.20833935
51.0,-141.87501135,66.87500535
38.0,57.29167125,70.62500565
44.0,-122.70834315,44.37500355
40.0,96.04167435,61.45833825
-9999.0,-84.79167345,55.62500445
42.0,18.95833485,44.79167025
36.0,-61.45833825,46.04167035
43.0,-116.45834265,49.37500395
29.0,-70.62500565,50.62500405
9.0,144.37501155,-14.79166785
14.0,13.12500105,51.87500415
23.0,122.29167645,-4.37500035000001
-9999.0,109.37500875,13.54166775
-9999.0,-128.12501025,51.04167075
-9999.0,-156.45834585,56.04167115
37.0,36.04166955,68.95833885
-9999.0,-76.87500615,56.87500455
27.0,-85.20834015,13.54166775
38.0,-111.04167555,69.37500555
33.0,-6.87500055000001,37.70833635
23.0,-109.37500875,31.45833585
40.0,-116.87500935,54.37500435
40.0,-78.54167295,38.54166975
43.0,133.95834405,43.12500345
38.0,118.12500945,40.62500325
43.0,-96.87500775,47.70833715
28.0,-73.54167255,48.12500385
33.0,28.54166895,56.87500455
49.0,34.79166945,52.70833755
-9999.0,23.12500185,63.95833845
37.0,103.12500825,51.87500415
42.0,67.70833875,58.54167135
27.0,14.37500115,52.29167085
28.0,-96.04167435,17.29166805
-9999.0,52.70833755,38.54166975
57.0,-155.20834575,63.12500505
33.0,102.70834155,22.70833515
40.0,161.04167955,54.79167105
39.0,60.62500485,58.54167135
36.0,-121.04167635,48.54167055
-9999.0,98.12500785,4.79166705
29.0,-85.62500685,32.29166925
36.0,-75.20833935,47.70833715
42.0,28.12500225,70.20833895
37.0,12.29166765,64.79167185
34.0,-71.04167235,-36.87500295
42.0,-75.20833935,41.87500335
-9999.0,30.62500245,70.62500565
41.0,141.87501135,52.70833755
37.0,-8.54166735000001,43.12500345
-9999.0,141.87501135,-11.04166755
-9999.0,-163.12501305,55.20833775
37.0,104.37500835,21.45833505
38.0,137.70834435,35.20833615
36.0,126.04167675,53.54167095
47.0,48.54167055,55.62500445
-9999.0,-1.87500015000001,56.04167115
32.0,27.70833555,56.45833785
45.0,77.70833955,58.12500465
-9999.0,16.87500135,40.20833655
-9999.0,41.04166995,42.29167005
29.0,108.54167535,14.79166785
-9999.0,48.95833725,38.54166975
41.0,94.37500755,53.95833765
-9999.0,-93.12500745,58.95833805
33.0,16.04166795,61.45833825
-9999.0,-109.37500875,22.70833515
24.0,-99.37500795,18.54166815
25.0,98.95834125,15.20833455
19.0,108.95834205,11.45833425
46.0,78.12500625,67.70833875
36.0,-121.87500975,38.12500305
42.0,58.12500465,58.54167135
42.0,133.12501065,46.87500375
46.0,93.54167415,56.45833785
35.0,125.20834335,52.29167085
58.0,-93.95834085,37.70833635
27.0,26.04166875,65.62500525
29.0,-62.70833835,53.12500425
26.0,-104.37500835,30.62500245
-9999.0,-155.62501245,71.45833905
47.0,35.62500285,52.29167085
31.0,-92.29167405,50.62500405
37.0,97.29167445,71.87500575
-9999.0,37.29166965,44.79167025
26.0,-86.04167355,13.54166775
40.0,104.37500835,27.29166885
35.0,-63.12500505,56.45833785
32.0,-104.37500835,36.87500295
35.0,-114.79167585,64.37500515
36.0,-125.62501005,50.62500405
26.0,-94.79167425,51.87500415
48.0,-0.208333350000004,48.54167055
35.0,-90.20834055,65.62500525
28.0,-89.37500715,51.04167075
42.0,59.37500475,57.70833795
53.0,-164.37501315,67.70833875
37.0,-128.12501025,59.79167145
51.0,-143.95834485,66.87500535
39.0,-76.87500615,60.20833815
42.0,128.54167695,45.20833695
37.0,24.79166865,47.70833715
44.0,110.20834215,27.70833555
41.0,88.12500705,53.12500425
41.0,89.37500715,63.95833845
36.0,-94.37500755,31.04166915
36.0,-91.04167395,47.70833715
38.0,116.45834265,58.95833805
40.0,128.95834365,48.95833725
-9999.0,-43.12500345,61.04167155
36.0,-127.70834355,58.12500465
27.0,106.04167515,12.29166765
52.0,-96.04167435,38.12500305
49.0,28.95833565,49.79167065
-9999.0,108.54167535,-1.45833345
43.0,127.29167685,36.87500295
42.0,75.20833935,68.54167215
28.0,98.54167455,15.20833455
38.0,141.04167795,61.04167155
28.0,-93.12500745,48.12500385
42.0,77.70833955,64.37500515
42.0,-0.625000050000011,43.54167015
35.0,131.45834385,54.37500435
14.0,151.04167875,-27.29166885
38.0,111.45834225,25.62500205
-9999.0,143.12501145,53.12500425
44.0,86.04167355,69.79167225
38.0,46.87500375,42.29167005
47.0,5.20833374999998,46.04167035
26.0,24.37500195,51.87500415
-9999.0,-44.79167025,60.62500485
47.0,63.54167175,65.62500525
43.0,-146.04167835,63.54167175
44.0,-113.54167575,43.54167015
33.0,133.12501065,55.62500445
35.0,108.95834205,25.20833535
50.0,-155.20834575,61.45833825
33.0,106.04167515,10.62500085
41.0,-22.70833515,71.45833905
41.0,96.87500775,69.79167225
39.0,124.79167665,53.54167095
35.0,6.87500054999998,48.12500385
30.0,-76.04167275,53.12500425
35.0,-8.54166735000001,42.29167005
38.0,-106.04167515,45.20833695
43.0,21.04166835,43.54167015
-9999.0,-86.45834025,47.70833715
-9999.0,-1.45833345,59.79167145
38.0,163.54167975,66.04167195
45.0,57.29167125,56.45833785
36.0,8.95833404999999,40.20833655
35.0,0.625000049999983,36.04166955
36.0,-105.62500845,65.62500525
39.0,-138.12501105,59.37500475
43.0,127.70834355,36.87500295
42.0,-123.12500985,53.12500425
-9999.0,129.79167705,30.20833575
21.0,100.20834135,6.87500055
-9999.0,139.37501115,35.20833615
39.0,128.12501025,49.79167065
38.0,23.12500185,49.79167065
28.0,-88.54167375,53.95833765
34.0,123.95834325,54.79167105
38.0,17.70833475,64.37500515
-9999.0,36.87500295,69.37500555
43.0,69.79167225,62.70833835
46.0,-89.79167385,33.95833605
32.0,152.29167885,61.04167155
34.0,112.29167565,49.37500395
45.0,44.37500355,53.95833765
43.0,120.62500965,48.95833725
49.0,-159.37501275,66.87500535
-9999.0,112.70834235,3.54166694999999
42.0,174.79168065,63.12500505
48.0,-117.70834275,48.95833725
37.0,-127.70834355,64.37500515
31.0,-93.12500745,15.62500125
38.0,140.20834455,50.62500405
39.0,56.87500455,61.87500495
41.0,168.54168015,63.54167175
22.0,16.45833465,52.29167085
45.0,34.37500275,45.20833695
36.0,-108.12500865,42.70833675
-9999.0,-81.87500655,55.20833775
-9999.0,172.70834715,61.04167155
29.0,98.95834125,20.62500165
-9999.0,134.37501075,-11.45833425
33.0,-70.20833895,-53.12500425
39.0,-143.95834485,60.20833815
10.0,117.29167605,-30.20833575
-9999.0,121.87500975,-0.208333350000004
33.0,146.04167835,66.45833865
41.0,-94.79167425,43.12500345
24.0,-97.70834115,24.37500195
23.0,48.95833725,-18.54166815
-9999.0,-90.62500725,47.29167045
14.0,142.70834475,-37.29166965
-9999.0,-32.70833595,66.87500535
-9999.0,129.37501035,-1.45833345
38.0,29.37500235,48.54167055
-9999.0,123.12500985,-16.45833465
23.0,102.29167485,3.12500025
-9999.0,66.04167195,71.04167235
40.0,58.95833805,66.87500535
-9999.0,148.12501185,59.37500475
37.0,-127.29167685,52.70833755
39.0,121.04167635,52.29167085
47.0,12.70833435,46.04167035
41.0,36.45833625,62.70833835
49.0,101.87500815,36.87500295
29.0,92.29167405,22.29166845
44.0,32.29166925,50.20833735
37.0,-81.04167315,46.87500375
37.0,-77.70833955,35.20833615
44.0,174.79168065,64.79167185
33.0,29.37500235,63.54167175
36.0,134.37501075,56.45833785
-9999.0,-1.45833345,60.62500485
-9999.0,-48.54167055,62.70833835
44.0,-121.04167635,51.45833745
-9999.0,123.12500985,0.208333350000004
-9999.0,-46.87500375,63.12500505
44.0,50.62500405,65.20833855
33.0,-84.79167345,48.12500385
-9999.0,-10.20833415,53.12500425
35.0,-81.87500655,47.29167045
42.0,90.20834055,54.79167105
45.0,106.45834185,31.45833585
40.0,1.87500014999998,41.87500335
38.0,32.29166925,56.87500455
39.0,-3.54166695000001,41.87500335
46.0,69.79167225,67.70833875
39.0,-107.29167525,50.62500405
39.0,-130.20834375,61.04167155
27.0,-90.20834055,49.37500395
-9999.0,139.79167785,-17.29166805
45.0,127.70834355,45.20833695
38.0,159.37501275,53.54167095
33.0,93.12500745,21.87500175
42.0,110.20834215,29.79166905
39.0,-130.20834375,65.20833855
45.0,-139.79167785,68.95833885
43.0,-150.20834535,63.54167175
34.0,-78.54167295,53.54167095
40.0,140.62501125,63.54167175
19.0,18.95833485,52.70833755
43.0,162.29167965,65.62500525
35.0,-28.54166895,71.45833905
38.0,106.04167515,53.12500425
37.0,139.37501115,48.95833725
43.0,-154.37501235,57.29167125
-9999.0,-83.12500665,28.12500225
-9999.0,131.87501055,-6.87500055
36.0,21.87500175,37.29166965
36.0,-78.95833965,47.29167045
43.0,169.79168025,63.95833845
25.0,146.87501175,-8.54166735
43.0,167.29168005,63.54167175
33.0,-92.29167405,48.54167055
-9999.0,-61.04167155,48.12500385
45.0,-93.54167415,34.37500275
33.0,-93.54167415,52.70833755
27.0,24.37500195,59.37500475
42.0,-72.29167245,-38.95833645
46.0,53.95833765,63.54167175
-9999.0,142.29167805,42.29167005
64.0,-92.29167405,38.54166975
24.0,117.29167605,4.79166705
37.0,87.70834035,49.37500395
36.0,-107.70834195,46.45833705
46.0,114.37500915,34.79166945
40.0,23.54166855,63.12500505
-9999.0,107.29167525,17.29166805
31.0,25.62500205,59.37500475
-9999.0,-163.12501305,63.12500505
-9999.0,-165.20834655,69.37500555
47.0,108.95834205,33.95833605
39.0,112.70834235,38.12500305
-9999.0,17.70833475,56.87500455
-9999.0,-85.62500685,45.20833695
23.0,22.70833515,52.70833755
45.0,-143.54167815,67.70833875
41.0,76.45833945,58.95833805
36.0,19.37500155,64.79167185
41.0,-122.29167645,53.54167095
41.0,23.12500185,39.37500315
44.0,38.95833645,57.70833795
38.0,124.79167665,50.62500405
27.0,-86.87500695,50.20833735
32.0,31.87500255,51.45833745
-9999.0,121.87500975,40.62500325
-9999.0,158.95834605,-9.37500075
-9999.0,14.79166785,68.12500545
32.0,-67.70833875,54.37500435
37.0,16.04166795,63.95833845
45.0,-160.20834615,61.04167155
38.0,176.45834745,66.04167195
38.0,-154.37501235,70.62500565
34.0,134.79167745,56.04167115
15.0,152.29167885,-26.04166875
62.0,17.70833475,50.20833735
39.0,-98.12500785,35.20833615
-9999.0,118.54167615,2.70833354999999
36.0,9.37500075,36.87500295
32.0,-108.54167535,41.87500335
24.0,-102.29167485,18.54166815
44.0,31.87500255,53.54167095
44.0,-158.95834605,68.95833885
-9999.0,121.45834305,22.70833515
38.0,-175.20834735,64.79167185
34.0,-117.29167605,56.04167115
35.0,131.04167715,50.20833735
31.0,-85.62500685,13.54166775
40.0,86.45834025,61.87500495
-9999.0,105.62500845,-6.87500055
48.0,39.79166985,53.95833765
-9999.0,139.79167785,34.37500275
45.0,62.70833835,67.70833875
38.0,28.54166895,68.54167215
23.0,-71.04167235,-39.79166985
46.0,52.29167085,53.12500425
38.0,-68.12500545,66.45833865
38.0,-106.87500855,44.79167025
42.0,63.95833845,66.45833865
43.0,40.20833655,45.20833695
55.0,-156.87501255,64.37500515
-9999.0,11.87500095,56.45833785
28.0,117.70834275,2.70833354999999
21.0,-109.79167545,29.79166905
-9999.0,-4.79166705,53.54167095
45.0,49.79167065,66.87500535
41.0,-151.87501215,62.70833835
38.0,118.95834285,25.62500205
49.0,116.87500935,28.95833565
41.0,-123.95834325,58.12500465
26.0,-118.95834285,38.54166975
44.0,107.70834195,30.20833575
43.0,43.95833685,66.04167195
-9999.0,159.79167945,52.70833755
38.0,103.95834165,32.70833595
32.0,101.87500815,16.04166795
39.0,33.12500265,58.54167135
37.0,-110.20834215,67.70833875
33.0,36.87500295,59.37500475
-9999.0,81.45833985,6.04166714999999
39.0,35.62500285,68.12500545
30.0,-91.04167395,44.79167025
43.0,90.62500725,55.20833775
49.0,-138.12501105,63.12500505
38.0,111.04167555,53.95833765
41.0,106.45834185,64.79167185
36.0,-64.79167185,57.29167125
26.0,105.20834175,16.87500135
54.0,117.29167605,37.29166965
40.0,62.70833835,65.62500525
-9999.0,123.54167655,39.37500315
42.0,120.62500965,37.70833635
-9999.0,14.79166785,56.04167115
49.0,127.29167685,43.12500345
53.0,-81.45833985,40.62500325
32.0,15.62500125,58.95833805
37.0,126.87501015,55.20833775
56.0,-155.62501245,66.04167195
-9999.0,26.45833545,71.45833905
38.0,171.04168035,61.87500495
49.0,-148.95834525,65.62500525
38.0,18.95833485,63.54167175
27.0,-74.37500595,50.20833735
47.0,5.20833374999998,46.45833705
39.0,-131.87501055,65.20833855
40.0,169.37501355,67.29167205
29.0,-108.95834205,38.12500305
7.0,136.45834425,-30.62500245
41.0,42.70833675,64.37500515
36.0,7.70833395,47.70833715
37.0,-40.62500325,64.37500515
-9999.0,-30.62500245,39.79166985
-9999.0,21.45833505,61.45833825
41.0,89.79167385,62.29167165
33.0,-98.54167455,31.45833585
30.0,32.29166925,58.12500465
-9999.0,-87.29167365,45.20833695
41.0,123.12500985,41.87500335
32.0,96.45834105,27.29166885
51.0,-111.04167555,43.12500345
36.0,148.54167855,65.62500525
43.0,51.45833745,67.29167205
38.0,-28.95833565,70.62500565
-9999.0,120.20834295,18.54166815
-9999.0,108.54167535,0.208333350000004
38.0,-106.45834185,67.29167205
40.0,92.29167405,63.54167175
45.0,-153.54167895,58.95833805
35.0,-117.29167605,66.04167195
23.0,-103.12500825,57.29167125
-9999.0,11.87500095,67.70833875
35.0,-81.04167315,53.12500425
31.0,97.29167445,21.87500175
42.0,120.62500965,44.37500355
41.0,132.70834395,48.95833725
-9999.0,0.625000049999983,53.54167095
42.0,-130.20834375,66.04167195
33.0,-70.62500565,54.37500435
35.0,-72.70833915,50.20833735
65.0,2.29166684999998,49.79167065
47.0,109.37500875,28.95833565
22.0,22.29166845,57.29167125
35.0,53.12500425,29.37500235
43.0,108.95834205,37.29166965
13.0,136.04167755,-31.45833585
37.0,103.54167495,22.70833515
37.0,-63.54167175,45.62500365
45.0,61.04167155,65.62500525
43.0,97.70834115,55.20833775
49.0,114.37500915,33.12500265
55.0,117.29167605,31.87500255
40.0,94.79167425,56.45833785
38.0,-142.29167805,61.45833825
44.0,133.95834405,61.87500495
35.0,-0.208333350000004,38.54166975
34.0,-108.54167535,63.54167175
44.0,125.20834335,43.95833685
44.0,-96.87500775,33.95833605
45.0,51.87500415,65.62500525
25.0,29.79166905,-29.79166905
-9999.0,13.95833445,38.95833645
37.0,-132.29167725,60.62500485
41.0,30.20833575,68.95833885
-9999.0,-44.37500355,63.12500505
-9999.0,-141.04167795,69.79167225
19.0,27.29166885,-30.20833575
-9999.0,26.87500215,37.29166965
41.0,11.45833425,47.70833715
58.0,115.20834255,35.62500285
36.0,-94.79167425,59.37500475
43.0,110.62500885,50.62500405
25.0,6.04166714999999,52.70833755
43.0,103.54167495,59.37500475
49.0,56.04167115,55.20833775
-9999.0,43.54167015,66.45833865
31.0,-66.04167195,52.70833755
39.0,38.95833645,61.87500495
38.0,-116.45834265,53.54167095
44.0,157.29167925,68.95833885
34.0,121.45834305,54.79167105
48.0,153.12501225,64.79167185
-9999.0,-24.79166865,72.70833915
32.0,-71.04167235,46.87500375
-9999.0,-46.87500375,61.45833825
54.0,36.45833625,53.12500425
33.0,104.37500835,20.62500165
33.0,-113.95834245,62.70833835
27.0,42.70833675,56.04167115
30.0,-114.37500915,65.62500525
38.0,-84.37500675,63.95833845
38.0,-118.54167615,68.12500545
39.0,-4.37500035000002,42.70833675
39.0,33.12500265,67.29167205
24.0,86.87500695,28.95833565
-9999.0,108.54167535,54.37500435
38.0,142.29167805,43.12500345
-9999.0,141.45834465,-13.95833445
28.0,-98.54167455,21.45833505
43.0,31.87500255,54.37500435
17.0,30.62500245,-27.29166885
42.0,126.45834345,43.95833685
44.0,60.20833815,67.70833875
-9999.0,145.62501165,-16.04166795
-9999.0,134.37501075,36.04166955
31.0,-67.70833875,50.62500405
26.0,-78.54167295,49.37500395
48.0,-155.62501245,66.45833865
37.0,-109.37500875,46.45833705
-9999.0,145.62501165,-14.79166785
-9999.0,98.54167455,1.45833345
41.0,-139.79167785,64.79167185
54.0,-159.79167945,63.12500505
53.0,-140.20834455,63.95833845
-9999.0,17.70833475,77.29167285
30.0,-87.70834035,41.04166995
38.0,45.62500365,60.20833815
42.0,41.87500335,57.29167125
47.0,108.54167535,33.12500265
-9999.0,3.95833364999999,40.20833655
29.0,17.70833475,60.20833815
40.0,84.79167345,70.62500565
22.0,-108.54167535,28.12500225
24.0,-83.95834005,30.20833575
44.0,-119.37500955,48.95833725
-9999.0,58.54167135,76.04167275
25.0,-101.45834145,21.87500175
44.0,101.45834145,36.04166955
-9999.0,-120.62500965,65.62500525
28.0,32.70833595,54.79167105
29.0,24.79166865,58.54167135
33.0,-81.45833985,47.70833715
44.0,175.62501405,66.04167195
37.0,122.70834315,58.54167135
-9999.0,103.12500825,1.04166675
-9999.0,-48.95833725,62.70833835
36.0,105.20834175,23.12500185
23.0,-116.04167595,32.29166925
-9999.0,142.70834475,54.79167105
38.0,102.70834155,31.87500255
59.0,-83.95834005,38.95833645
26.0,23.95833525,56.87500455
44.0,-89.79167385,31.87500255
-9999.0,153.12501225,-10.62500085
-9999.0,-71.87500575,62.29167165
-9999.0,-58.54167135,48.95833725
44.0,31.04166915,36.87500295
13.0,151.45834545,-26.45833545
30.0,-123.12500985,41.04166995
35.0,-121.45834305,36.87500295
40.0,148.12501185,61.45833825
-9999.0,140.62501125,50.62500405
-9999.0,37.70833635,64.37500515
48.0,37.70833635,58.12500465
34.0,114.37500915,23.95833525
35.0,73.95833925,37.29166965
40.0,-73.54167255,41.45833665
28.0,99.37500795,19.37500155
44.0,-129.37501035,65.62500525
42.0,-108.12500865,66.87500535
32.0,-72.70833915,-50.62500405
37.0,83.95834005,43.95833685
33.0,-37.70833635,65.62500525
42.0,45.20833695,57.70833795
24.0,100.62500805,4.37500034999999
-9999.0,-62.70833835,67.70833875
36.0,146.45834505,60.62500485
-9999.0,104.79167505,9.79166744999999
51.0,-144.79167825,64.37500515
15.0,23.12500185,-33.54166935
-9999.0,7.70833395,40.62500325
46.0,68.95833885,67.29167205
38.0,-76.87500615,58.12500465
28.0,-100.20834135,26.87500215
35.0,-70.62500565,51.45833745
45.0,92.29167405,62.29167165
-9999.0,34.37500275,42.29167005
42.0,-67.70833875,47.70833715
39.0,89.37500715,22.70833515
38.0,-2.29166685000001,53.95833765
-9999.0,48.54167055,69.79167225
-9999.0,147.70834515,-10.20833415
36.0,-101.87500815,62.70833835
42.0,-160.62501285,68.95833885
36.0,161.45834625,63.54167175
40.0,83.95834005,68.12500545
36.0,104.37500835,39.37500315
-9999.0,-86.87500695,56.04167115
37.0,-69.79167225,60.62500485
48.0,178.12501425,65.20833855
39.0,25.20833535,52.29167085
31.0,32.29166925,56.04167115
-9999.0,23.95833525,64.37500515
-9999.0,113.12500905,3.95833365
28.0,72.29167245,35.62500285
32.0,164.79167985,64.79167185
51.0,-160.62501285,64.79167185
-9999.0,-161.45834625,58.12500465
22.0,47.70833715,-21.45833505
42.0,68.95833885,61.45833825
24.0,28.12500225,-29.37500235
32.0,-70.62500565,53.54167095
44.0,61.87500495,67.29167205
38.0,99.79167465,38.12500305
9.0,136.04167755,-32.29166925
35.0,-113.12500905,53.54167095
50.0,-158.54167935,65.62500525
57.0,6.04166714999999,49.37500395
14.0,143.12501145,-36.87500295
33.0,-71.87500575,-38.95833645
35.0,-98.54167455,61.45833825
36.0,33.54166935,58.54167135
-9999.0,146.04167835,58.95833805
41.0,-153.95834565,60.62500485
27.0,143.12501145,-6.87500055
40.0,-20.20833495,65.20833855
28.0,98.95834125,19.37500155
-9999.0,123.54167655,-0.625000049999997
55.0,-1.04166675000002,51.04167075
47.0,-155.20834575,59.37500475
41.0,102.29167485,32.29166925
27.0,18.12500145,54.79167105
41.0,45.20833695,61.87500495
10.0,116.87500935,-29.37500235
-9999.0,-82.29167325,46.04167035
42.0,60.62500485,67.29167205
32.0,-99.79167465,52.29167085
35.0,19.79166825,68.54167215
43.0,28.95833565,45.62500365
34.0,-115.62500925,39.37500315
48.0,-142.29167805,63.12500505
-9999.0,150.62501205,-35.20833615
42.0,90.62500725,63.12500505
38.0,-61.45833825,45.62500365
44.0,16.04166795,46.45833705
42.0,138.12501105,47.70833715
38.0,87.70834035,22.29166845
38.0,-79.79167305,61.87500495
25.0,111.87500895,1.45833345
40.0,141.87501135,44.79167025
34.0,-68.12500545,48.12500385
-9999.0,-5.20833375000001,53.54167095
27.0,-90.20834055,53.12500425
45.0,117.29167605,39.37500315
38.0,92.70834075,71.87500575
35.0,-82.70833995,8.95833404999999
44.0,61.04167155,55.62500445
-9999.0,-108.54167535,25.20833535
24.0,101.87500815,-2.29166685
37.0,86.87500695,27.70833555
41.0,96.04167435,63.12500505
42.0,46.04167035,41.87500335
24.0,-101.04167475,20.20833495
40.0,121.87500975,51.45833745
32.0,11.87500095,53.95833765
40.0,44.79167025,63.54167175
43.0,141.45834465,40.20833655
33.0,101.04167475,23.12500185
37.0,111.87500895,54.79167105
36.0,-121.04167635,72.70833915
45.0,-74.37500595,41.45833665
46.0,22.70833515,49.37500395
-9999.0,118.12500945,2.70833354999999
42.0,-143.95834485,68.54167215
41.0,139.79167785,37.29166965
36.0,-149.79167865,68.12500545
37.0,21.45833505,68.95833885
35.0,16.45833465,68.12500545
38.0,-77.70833955,58.95833805
34.0,86.45834025,56.87500455
24.0,101.04167475,-1.45833345
39.0,38.12500305,40.20833655
40.0,160.20834615,57.29167125
42.0,110.62500885,26.87500215
40.0,24.79166865,45.62500365
22.0,-105.62500845,25.62500205
-9999.0,-82.70833995,45.62500365
14.0,10.20833415,53.54167095
38.0,-95.20834095,61.87500495
-9999.0,92.29167405,11.04166755
37.0,30.20833575,40.20833655
40.0,108.54167535,63.54167175
-9999.0,21.45833505,58.54167135
36.0,8.95833404999999,39.37500315
20.0,-86.04167355,30.62500245
35.0,-108.54167535,48.54167055
43.0,124.79167665,54.37500435
33.0,-116.87500935,38.95833645
33.0,14.79166785,58.12500465
35.0,-129.37501035,63.54167175
43.0,26.87500215,49.79167065
55.0,-118.12500945,45.62500365
-9999.0,17.29166805,69.79167225
40.0,-1.04166675000002,42.70833675
43.0,126.45834345,38.12500305
29.0,-101.45834145,27.70833555
34.0,-107.29167525,38.54166975
23.0,27.70833555,-31.04166915
34.0,143.54167815,-5.62500045
45.0,-157.70834595,70.20833895
56.0,-94.37500755,37.70833635
45.0,-132.70834395,69.37500555
-9999.0,82.29167325,16.87500135
26.0,-100.20834135,36.04166955
-9999.0,-86.45834025,45.62500365
40.0,57.70833795,53.54167095
29.0,96.04167435,22.70833515
46.0,109.37500875,33.54166935
29.0,-94.37500755,50.20833735
32.0,94.79167425,36.04166955
34.0,-131.87501055,53.95833765
40.0,71.87500575,58.12500465
54.0,-155.62501245,69.79167225
35.0,-70.20833895,48.12500385
-9999.0,-163.54167975,69.37500555
-9999.0,-9.37500075,43.12500345
38.0,-128.12501025,68.54167215
41.0,91.87500735,66.87500535
38.0,-114.37500915,53.12500425
-9999.0,-49.79167065,61.87500495
35.0,-93.95834085,58.12500465
-9999.0,-162.29167965,63.54167175
41.0,16.04166795,46.04167035
-9999.0,23.12500185,40.20833655
37.0,41.45833665,63.95833845
37.0,98.12500785,23.95833525
43.0,-49.37500395,64.37500515
38.0,38.54166975,68.12500545
38.0,28.12500225,60.62500485
21.0,-116.04167595,36.87500295
37.0,12.70833435,49.79167065
34.0,46.45833705,62.70833835
32.0,-80.62500645,46.04167035
34.0,-62.70833835,55.62500445
-9999.0,-65.20833855,49.79167065
39.0,51.04167075,62.29167165
40.0,-76.04167275,67.70833875
41.0,133.12501065,43.54167015
47.0,176.45834745,65.20833855
32.0,-106.87500855,62.29167165
43.0,96.04167435,51.87500415
41.0,-97.70834115,68.12500545
24.0,-107.70834195,54.79167105
-9999.0,-9.79166745000001,54.79167105
36.0,97.70834115,51.87500415
37.0,1.45833345,46.04167035
-9999.0,28.54166895,60.20833815
47.0,129.79167705,46.87500375
58.0,-156.45834585,64.37500515
29.0,-77.70833955,48.12500385
29.0,-83.12500665,50.62500405
-9999.0,12.29166765,67.29167205
31.0,-116.87500935,62.29167165
44.0,174.37501395,62.70833835
26.0,103.12500825,-4.37500035000001
-9999.0,-15.20833455,66.45833865
45.0,-148.54167855,63.95833845
27.0,-0.208333350000004,51.45833745
-9999.0,162.70834635,56.45833785
41.0,-123.95834325,56.87500455
-9999.0,106.87500855,10.20833415
21.0,-103.54167495,23.54166855
34.0,-113.54167575,55.62500445
-9999.0,-89.37500715,47.29167045
-9999.0,-153.95834565,57.70833795
-9999.0,13.95833445,67.70833875
45.0,111.45834225,30.20833575
36.0,-109.37500875,64.79167185
-9999.0,-90.62500725,57.70833795
37.0,109.37500875,51.04167075
50.0,38.12500305,54.79167105
17.0,31.04166915,-25.62500205
28.0,-59.79167145,52.70833755
44.0,22.70833515,44.79167025
44.0,132.70834395,44.37500355
-9999.0,31.04166915,60.20833815
-9999.0,-33.95833605,64.79167185
33.0,-113.54167575,56.45833785
44.0,145.62501165,67.29167205
46.0,113.12500905,27.70833555
43.0,-126.04167675,61.87500495
38.0,171.45834705,61.45833825
-9999.0,120.20834295,11.04166755
-9999.0,-5.62500045000002,58.54167135
-9999.0,-155.62501245,55.62500445
-9999.0,-124.37500995,44.79167025
-9999.0,121.45834305,-10.62500085
-9999.0,-92.70834075,58.54167135
41.0,94.79167425,55.62500445
36.0,-89.79167385,64.79167185
-9999.0,-122.70834315,65.20833855
40.0,59.79167145,53.12500425
38.0,-1.87500015000001,52.29167085
37.0,165.62501325,66.04167195
35.0,32.29166925,64.37500515
-9999.0,-1.45833345,58.12500465
30.0,-119.79167625,41.04166995
35.0,153.12501225,61.45833825
13.0,134.79167745,-31.45833585
39.0,16.04166795,40.20833655
41.0,141.45834465,39.37500315
40.0,106.87500855,63.95833845
33.0,136.04167755,52.29167085
31.0,-6.45833385,33.54166935
-9999.0,123.95834325,1.45833345
44.0,64.79167185,61.87500495
33.0,-120.62500965,35.62500285
37.0,90.62500725,69.37500555
40.0,135.20834415,46.45833705
42.0,129.37501035,44.79167025
-9999.0,114.37500915,4.79166705
38.0,76.87500615,31.04166915
37.0,-96.87500775,34.79166945
-9999.0,-44.79167025,61.87500495
38.0,11.87500095,65.62500525
30.0,-112.70834235,57.70833795
41.0,82.70833995,49.79167065
39.0,163.12501305,62.29167165
26.0,98.95834125,1.45833345
69.0,-90.20834055,38.95833645
32.0,19.79166825,66.87500535
37.0,73.95833925,34.37500275
-9999.0,-71.45833905,62.29167165
38.0,-77.29167285,41.45833665
42.0,134.79167745,52.29167085
36.0,109.79167545,25.20833535
-9999.0,115.20834255,-6.45833385
39.0,40.62500325,58.12500465
35.0,-97.29167445,62.70833835
31.0,92.70834075,21.87500175
-9999.0,146.87501175,-9.79166745000001
32.0,-118.95834285,41.87500335
40.0,102.70834155,64.79167185
-9999.0,-141.87501135,59.79167145
40.0,116.87500935,51.04167075
-9999.0,-86.87500695,43.95833685
43.0,-131.87501055,66.45833865
-9999.0,109.37500875,-1.87500015000001
29.0,129.37501035,28.12500225
47.0,47.29167045,58.54167135
37.0,15.62500125,43.95833685
20.0,147.70834515,-36.87500295
41.0,-114.37500915,67.70833875
50.0,-156.45834585,61.04167155
44.0,40.62500325,64.37500515
37.0,101.45834145,25.62500205
21.0,31.04166915,-29.37500235
40.0,-118.54167615,41.45833665
30.0,104.37500835,18.95833485
41.0,-91.87500735,45.20833695
31.0,93.95834085,27.70833555
38.0,54.79167105,72.70833915
52.0,-98.12500785,39.79166985
32.0,143.12501145,46.87500375
49.0,108.54167535,34.79166945
42.0,103.12500825,59.37500475
17.0,11.87500095,53.12500425
53.0,-85.20834015,36.87500295
-9999.0,15.62500125,79.37500635
30.0,-104.37500835,60.62500485
38.0,12.29166765,49.79167065
-9999.0,129.79167705,36.04166955
47.0,-82.70833995,40.62500325
-9999.0,122.29167645,18.95833485
-9999.0,-56.87500455,53.95833765
53.0,-86.04167355,36.87500295
35.0,97.70834115,71.87500575
38.0,87.29167365,62.29167165
36.0,-104.79167505,62.70833835
36.0,83.54167335,62.29167165
60.0,-93.12500745,36.45833625
-9999.0,-44.79167025,59.79167145
-9999.0,26.45833545,-33.95833605
41.0,8.12500064999998,62.29167165
42.0,174.79168065,63.95833845
30.0,-98.54167455,58.54167135
40.0,-77.29167285,35.20833615
41.0,-73.54167255,44.37500355
59.0,-155.20834575,63.95833845
44.0,-68.12500545,46.87500375
35.0,-63.54167175,58.54167135
-9999.0,125.20834335,37.70833635
39.0,2.70833354999999,43.95833685
37.0,-151.04167875,62.70833835
-9999.0,-3.12500025,35.62500285
30.0,-122.70834315,41.45833665
36.0,-77.29167285,61.04167155
33.0,48.12500385,58.12500465
44.0,68.95833885,64.79167185
-9999.0,11.04166755,55.20833775
41.0,160.62501285,55.62500445
33.0,117.29167605,7.29166725
-9999.0,-64.37500515,50.20833735
52.0,-95.62500765,35.62500285
30.0,-8.12500065,41.04166995
38.0,99.37500795,51.87500415
44.0,-129.79167705,66.04167195
-9999.0,-7.70833395000002,36.87500295
44.0,-140.20834455,68.95833885
30.0,86.45834025,28.54166895
-9999.0,167.29168005,-21.45833505
36.0,-10.20833415,53.95833765
39.0,104.79167505,52.29167085
46.0,-134.37501075,68.12500545
57.0,-90.62500725,36.87500295
-9999.0,122.29167645,1.04166675
46.0,35.20833615,55.20833775
51.0,-0.625000050000011,53.95833765
36.0,103.12500825,18.95833485
38.0,121.04167635,56.04167115
42.0,-159.37501275,64.37500515
59.0,-159.79167945,61.45833825
-9999.0,86.87500695,21.04166835
41.0,93.95834085,55.20833775
43.0,175.20834735,65.20833855
31.0,-63.54167175,54.79167105
-9999.0,27.70833555,36.04166955
50.0,44.79167025,53.54167095
40.0,143.54167815,59.37500475
38.0,165.62501325,61.04167155
38.0,21.04166835,67.70833875
21.0,151.87501215,-29.37500235
-9999.0,-24.37500195,73.54167255
44.0,108.12500865,26.45833545
16.0,27.29166885,-24.79166865
44.0,173.54168055,65.20833855
30.0,-102.29167485,26.87500215
45.0,102.29167485,57.70833795
41.0,52.70833755,62.29167165
41.0,-157.29167925,68.12500545
54.0,121.45834305,31.87500255
36.0,-98.54167455,31.87500255
29.0,106.45834185,15.20833455
38.0,89.79167385,23.12500185
30.0,98.95834125,18.95833485
40.0,129.37501035,49.37500395
46.0,63.54167175,57.29167125
43.0,115.62500925,38.54166975
19.0,143.54167815,-13.54166775
-9999.0,-39.79166985,64.37500515
38.0,-67.29167205,47.70833715
45.0,106.45834185,31.87500255
40.0,115.20834255,38.54166975
35.0,-72.29167245,-48.54167055
8.0,131.45834385,-29.79166905
40.0,-133.95834405,61.45833825
46.0,169.79168025,64.79167185
43.0,59.37500475,55.20833775
44.0,120.20834295,28.12500225
40.0,79.79167305,60.20833815
31.0,-123.12500985,67.70833875
47.0,-158.95834605,64.79167185
42.0,29.37500235,38.54166975
32.0,-71.87500575,57.29167125
38.0,52.29167085,71.45833905
40.0,149.79167865,62.70833835
42.0,9.79166744999998,50.62500405
38.0,54.79167105,71.04167235
32.0,13.54166775,60.20833815
30.0,-72.70833915,52.29167085
-9999.0,146.04167835,75.62500605
-9999.0,31.45833585,60.20833815
38.0,-106.45834185,45.62500365
38.0,108.95834205,48.54167055
24.0,-98.54167455,19.79166825
14.0,142.70834475,-37.70833635
48.0,1.04166674999999,48.54167055
41.0,4.79166705,44.37500355
33.0,-67.70833875,-55.62500445
41.0,163.95834645,63.95833845
36.0,159.79167945,63.54167175
24.0,-119.37500955,38.12500305
47.0,-143.54167815,65.62500525
47.0,116.87500935,36.87500295
34.0,163.12501305,63.54167175
28.0,100.62500805,-1.04166675
38.0,-89.37500715,30.62500245
31.0,26.45833545,65.20833855
35.0,39.37500315,66.87500535
53.0,9.79166744999998,51.45833745
38.0,-111.04167555,47.29167045
41.0,-135.62501085,66.45833865
42.0,109.37500875,30.62500245
-9999.0,-96.87500775,21.45833505
39.0,2.29166684999998,48.54167055
37.0,-124.79167665,55.20833775
17.0,146.87501175,-41.45833665
-9999.0,-78.95833965,33.54166935
9.0,116.04167595,-31.45833585
36.0,-128.12501025,64.37500515
-9999.0,74.37500595,68.54167215
42.0,85.20834015,69.79167225
34.0,101.87500815,21.04166835
-9999.0,21.87500175,71.04167235
-9999.0,122.29167645,19.37500155
38.0,-116.87500935,49.37500395
-9999.0,127.29167685,-13.54166775
59.0,-88.54167375,38.95833645
41.0,-144.37501155,62.29167165
33.0,103.12500825,20.62500165
34.0,122.29167645,46.04167035
40.0,93.54167415,57.29167125
33.0,25.62500205,57.70833795
24.0,99.37500795,1.45833345
46.0,-125.20834335,63.12500505
36.0,98.12500785,73.95833925
-9999.0,-77.70833955,65.20833855
36.0,65.62500525,33.95833605
40.0,-162.70834635,68.54167215
48.0,-89.37500715,33.54166935
39.0,-115.20834255,45.62500365
-9999.0,159.79167945,-11.04166755
40.0,14.79166785,64.37500515
37.0,-126.04167675,51.04167075
25.0,-122.70834315,48.95833725
7.0,130.20834375,-29.37500235
-9999.0,47.29167045,67.29167205
41.0,88.95834045,64.37500515
48.0,-164.37501315,62.70833835
29.0,141.45834465,-7.70833395
-9999.0,121.87500975,6.04166714999999
33.0,-118.54167615,38.12500305
-9999.0,105.20834175,-1.45833345
34.0,-79.79167305,47.29167045
38.0,114.37500915,52.70833755
34.0,-78.54167295,35.62500285
34.0,15.62500125,61.04167155
40.0,100.20834135,33.95833605
30.0,-72.29167245,-49.37500395
36.0,-131.45834385,58.95833805
47.0,28.95833565,46.04167035
45.0,-117.29167605,48.95833725
-9999.0,100.62500805,13.12500105
49.0,-161.87501295,67.29167205
41.0,148.12501185,63.12500505
41.0,-161.45834625,70.20833895
28.0,101.04167475,35.62500285
36.0,-1.87500015000001,41.45833665
39.0,-116.87500935,41.04166995
32.0,-68.12500545,55.62500445
38.0,106.87500855,64.79167185
-9999.0,-80.20833975,59.79167145
41.0,118.95834285,30.20833575
44.0,-136.87501095,64.37500515
33.0,-96.45834105,57.70833795
43.0,131.04167715,64.37500515
38.0,38.12500305,39.37500315
41.0,104.79167505,26.04166875
37.0,-123.12500985,38.95833645
38.0,-92.29167405,63.54167175
31.0,-82.29167325,33.95833605
33.0,79.79167305,56.87500455
37.0,18.54166815,68.12500545
-9999.0,123.12500985,-11.04166755
-9999.0,100.20834135,2.70833354999999
45.0,-72.70833915,41.45833665
38.0,23.54166855,69.37500555
31.0,105.20834175,11.04166755
33.0,28.54166895,64.37500515
-9999.0,108.54167535,16.45833465
34.0,-78.95833965,43.12500345
27.0,104.79167505,14.37500115
42.0,120.20834295,50.62500405
64.0,2.70833354999999,50.20833735
-9999.0,-2.29166685000001,46.87500375
-9999.0,141.04167795,38.12500305
-9999.0,15.20833455,78.95833965
22.0,28.54166895,56.04167115
-9999.0,-80.20833975,28.54166895
-9999.0,144.79167825,-8.12500065
32.0,-88.12500705,45.62500365
-9999.0,-138.12501105,69.37500555
33.0,-77.29167285,44.37500355
41.0,23.54166855,42.29167005
54.0,-145.62501165,66.45833865
27.0,101.87500815,13.54166775
36.0,108.54167535,52.70833755
-9999.0,-1.04166675000002,60.20833815
-9999.0,128.95834365,38.12500305
-9999.0,14.79166785,77.29167285
46.0,35.62500285,50.20833735
42.0,56.04167115,57.70833795
19.0,-70.62500565,-38.54166975
33.0,153.54167895,61.04167155
26.0,-73.95833925,54.37500435
38.0,121.45834305,46.04167035
-9999.0,144.37501155,-13.95833445
34.0,98.12500785,25.20833535
31.0,-121.04167635,40.62500325
41.0,86.45834025,73.54167255
33.0,101.87500815,29.79166905
-9999.0,115.62500925,-8.12500065
32.0,-63.95833845,52.70833755
-9999.0,168.54168015,-16.45833465
41.0,130.62501045,57.29167125
54.0,-118.12500945,46.04167035
38.0,109.79167545,48.54167055
-9999.0,-3.12500025,53.54167095
39.0,123.54167655,64.79167185
39.0,99.79167465,50.20833735
44.0,23.54166855,46.45833705
36.0,-100.62500805,61.04167155
17.0,28.54166895,-24.37500195
39.0,95.62500765,31.87500255
-9999.0,123.54167655,-10.62500085
40.0,-129.79167705,68.12500545
42.0,-124.79167665,59.37500475
39.0,137.70834435,65.20833855
39.0,25.20833535,68.12500545
40.0,83.95834005,72.29167245
37.0,132.29167725,64.37500515
42.0,40.62500325,59.79167145
-9999.0,-55.20833775,51.04167075
40.0,132.70834395,35.20833615
25.0,0.208333349999975,52.29167085
43.0,103.54167495,57.70833795
37.0,128.12501025,46.04167035
37.0,86.45834025,60.62500485
37.0,21.45833505,39.37500315
32.0,-105.62500845,43.54167015
23.0,103.95834165,10.62500085
36.0,149.37501195,61.04167155
40.0,121.04167635,41.45833665
40.0,108.95834205,49.79167065
39.0,36.04166955,37.29166965
38.0,89.79167385,22.29166845
69.0,-88.95834045,37.70833635
57.0,-90.62500725,33.54166935
27.0,-95.62500765,16.87500135
43.0,70.20833895,57.29167125
-9999.0,-141.87501135,60.20833815
37.0,21.45833505,46.04167035
-9999.0,6.04166714999999,62.29167165
39.0,-120.62500965,38.54166975
26.0,88.95834045,31.04166915
35.0,-102.29167485,65.62500525
43.0,86.87500695,68.54167215
50.0,119.37500955,33.54166935
38.0,133.54167735,52.70833755
-9999.0,93.95834085,16.04166795
43.0,97.29167445,57.70833795
39.0,86.45834025,70.20833895
43.0,101.45834145,57.29167125
8.0,116.45834265,-31.45833585
27.0,11.87500095,55.62500445
53.0,-115.20834255,47.70833715
35.0,95.62500765,49.79167065
39.0,-79.37500635,36.45833625
25.0,115.20834255,-8.12500065
38.0,32.70833595,61.45833825
-9999.0,-53.95833765,71.04167235
39.0,-6.45833385,42.70833675
41.0,-3.54166695000001,52.70833755
32.0,25.20833535,56.04167115
-9999.0,114.37500915,22.29166845
39.0,137.70834435,48.12500385
37.0,-76.45833945,46.04167035
40.0,-116.04167595,55.20833775
41.0,42.29167005,64.79167185
46.0,33.95833605,55.20833775
-9999.0,24.37500195,-34.37500275
-9999.0,20.20833495,32.29166925
32.0,21.04166835,53.95833765
41.0,136.87501095,36.87500295
28.0,-73.12500585,48.95833725
27.0,15.20833455,53.12500425
48.0,-156.87501255,60.20833815
42.0,73.54167255,63.12500505
36.0,21.45833505,40.20833655
44.0,97.70834115,59.37500475
63.0,-92.70834075,39.37500315
-9999.0,124.79167665,-8.12500065
42.0,-124.37500995,53.54167095
29.0,-103.12500825,30.20833575
44.0,89.37500715,63.12500505
45.0,49.37500395,54.37500435
37.0,90.62500725,71.87500575
37.0,-133.95834405,59.37500475
34.0,-100.62500805,31.04166915
29.0,-91.04167395,52.70833755
37.0,-98.95834125,62.70833835
24.0,101.45834145,0.625000049999997
27.0,-116.87500935,57.29167125
44.0,-114.37500915,49.37500395
18.0,149.79167865,-36.87500295
41.0,173.12501385,63.54167175
29.0,-75.20833935,52.70833755
44.0,-117.29167605,43.95833685
39.0,84.79167345,67.70833875
43.0,132.70834395,66.04167195
26.0,124.37500995,1.04166675
26.0,95.20834095,23.12500185
53.0,6.45833385,48.95833725
-9999.0,11.04166755,57.70833795
41.0,105.20834175,28.12500225
30.0,-5.62500045000002,40.20833655
24.0,107.29167525,11.87500095
-9999.0,73.54167255,71.87500575
29.0,112.29167565,0.208333350000004
46.0,112.70834235,35.20833615
34.0,54.79167105,73.95833925
41.0,-117.70834275,43.95833685
35.0,-122.29167645,50.62500405
28.0,141.04167795,-7.29166725
32.0,-58.95833805,47.70833715
33.0,-83.54167335,43.12500345
40.0,-131.45834385,66.04167195
46.0,29.79166905,47.70833715
53.0,-88.12500705,40.62500325
24.0,-108.12500865,26.45833545
34.0,-107.70834195,63.12500505
37.0,6.87500054999998,36.45833625
40.0,113.12500905,36.87500295
39.0,86.87500695,60.20833815
38.0,-125.62501005,51.45833745
27.0,14.79166785,56.87500455
44.0,168.95834685,62.29167165
47.0,37.70833635,50.20833735
18.0,-72.29167245,-51.04167075
38.0,100.62500805,53.12500425
31.0,-82.29167325,49.79167065
67.0,-90.20834055,41.04166995
32.0,-121.87500975,42.70833675
37.0,39.79166985,66.45833865
-9999.0,133.54167735,33.12500265
30.0,103.12500825,19.37500155
29.0,-118.95834285,34.79166945
53.0,-91.45834065,36.04166955
44.0,50.62500405,66.45833865
45.0,56.87500455,60.62500485
34.0,49.79167065,60.20833815
35.0,66.87500535,34.79166945
25.0,-107.70834195,31.45833585
33.0,42.70833675,37.70833635
34.0,98.95834125,22.70833515
-9999.0,8.12500064999998,41.04166995
27.0,-105.20834175,60.62500485
39.0,162.70834635,57.29167125
33.0,4.79166705,52.29167085
37.0,-116.04167595,45.20833695
17.0,148.12501185,-33.54166935
25.0,-74.79167265,54.79167105
-9999.0,28.54166895,-32.70833595
-9999.0,-63.95833845,48.54167055
45.0,114.79167585,36.45833625
42.0,30.20833575,49.79167065
47.0,27.29166885,49.79167065
41.0,95.20834095,62.29167165
32.0,110.62500885,48.54167055
40.0,117.29167605,41.87500335
19.0,8.12500064999998,52.70833755
-9999.0,104.37500835,2.70833354999999
38.0,33.54166935,54.79167105
-9999.0,-68.95833885,48.54167055
36.0,-140.62501125,60.62500485
-9999.0,8.54166734999998,53.95833765
31.0,120.62500965,38.12500305
-9999.0,143.54167815,51.87500415
13.0,18.54166815,-32.29166925
34.0,-96.45834105,61.87500495
-9999.0,120.62500965,-7.29166725
49.0,51.04167075,53.54167095
-9999.0,107.29167525,-3.54166695000001
-9999.0,134.79167745,-6.04166715000001
37.0,-64.79167185,65.62500525
39.0,73.95833925,40.62500325
39.0,159.37501275,54.37500435
44.0,-149.37501195,67.29167205
29.0,98.54167455,18.95833485
39.0,-154.37501235,67.70833875
44.0,108.12500865,28.54166895
29.0,-123.12500985,65.62500525
33.0,-109.79167545,43.12500345
35.0,26.45833545,66.45833865
43.0,-116.45834265,41.04166995
30.0,97.29167445,3.12500025
39.0,40.62500325,60.20833815
40.0,23.12500185,68.95833885
-9999.0,143.54167815,-9.37500075
37.0,120.62500965,24.37500195
37.0,16.87500135,64.79167185
46.0,18.95833485,48.54167055
40.0,56.87500455,59.79167145
37.0,-111.87500895,35.20833615
38.0,42.70833675,42.70833675
39.0,103.54167495,51.87500415
44.0,97.29167445,61.87500495
-9999.0,98.54167455,1.04166675
49.0,157.70834595,68.54167215
44.0,74.37500595,36.87500295
-9999.0,-161.45834625,56.04167115
35.0,-120.62500965,41.04166995
39.0,-115.20834255,40.62500325
-9999.0,26.04166875,35.62500285
43.0,-33.54166935,67.70833875
37.0,8.95833404999999,61.45833825
32.0,13.95833445,53.12500425
-9999.0,107.70834195,53.12500425
30.0,-83.54167335,51.87500415
46.0,-91.04167395,33.12500265
29.0,-94.37500755,52.29167085
42.0,111.04167555,32.70833595
41.0,84.37500675,70.62500565
33.0,107.70834195,38.95833645
38.0,154.37501235,62.29167165
41.0,36.04166955,67.29167205
33.0,-78.95833965,-3.54166695000001
-9999.0,-151.04167875,70.62500565
29.0,-66.04167195,51.45833745
36.0,118.54167615,27.29166885
34.0,22.29166845,38.95833645
29.0,-68.95833885,50.62500405
31.0,97.70834115,22.70833515
27.0,-100.20834135,35.62500285
-9999.0,-61.45833825,49.79167065
36.0,-71.87500575,49.37500395
-9999.0,-88.12500705,47.70833715
44.0,48.54167055,66.45833865
33.0,98.54167455,22.70833515
57.0,-95.20834095,42.29167005
32.0,-36.87500295,65.62500525
-9999.0,-156.87501255,56.87500455
26.0,-108.12500865,33.54166935
-9999.0,-122.70834315,48.12500385
-9999.0,151.87501215,47.29167045
-9999.0,-46.87500375,63.95833845
41.0,69.79167225,70.62500565
-9999.0,107.70834195,4.37500034999999
-9999.0,98.95834125,6.87500055
-9999.0,8.12500064999998,38.54166975
37.0,-66.04167195,54.37500435
35.0,-96.45834105,60.62500485
41.0,41.45833665,64.79167185
39.0,-52.70833755,67.29167205
46.0,-160.20834615,56.04167115
24.0,99.37500795,8.54166735
27.0,-91.45834065,53.54167095
36.0,94.79167425,25.62500205
41.0,48.12500385,56.87500455
-9999.0,142.29167805,-9.37500075
42.0,168.95834685,63.54167175
32.0,103.12500825,22.70833515
37.0,-128.95834365,62.29167165
-9999.0,121.45834305,39.37500315
-9999.0,-61.87500495,46.87500375
42.0,64.79167185,68.54167215
49.0,173.54168055,66.04167195
33.0,-116.04167595,57.70833795
39.0,127.29167685,55.20833775
39.0,-95.20834095,45.20833695
25.0,116.87500935,3.12500025
-9999.0,147.70834515,-39.79166985
-9999.0,-6.87500055000001,56.04167115
39.0,-64.79167185,44.79167025
24.0,114.37500915,-0.208333350000004
17.0,26.45833545,-31.87500255
43.0,46.04167035,63.54167175
40.0,56.45833785,59.79167145
39.0,16.04166795,63.12500505
38.0,132.29167725,50.20833735
36.0,91.87500735,68.54167215
66.0,-86.87500695,37.70833635
-9999.0,-22.29166845,64.37500515
-9999.0,121.45834305,40.20833655
-9999.0,131.04167715,31.04166915
44.0,59.79167145,67.70833875
39.0,27.29166885,40.20833655
-9999.0,130.20834375,30.62500245
-9999.0,19.37500155,39.37500315
-9999.0,80.20833975,11.04166755
45.0,115.20834255,28.12500225
-9999.0,103.54167495,3.12500025
-9999.0,130.20834375,29.79166905
48.0,44.37500355,53.12500425
39.0,-98.95834125,67.70833875
-9999.0,21.04166835,55.62500445
-9999.0,-147.70834515,60.62500485
37.0,153.12501225,63.12500505
-9999.0,18.54166815,39.79166985
37.0,-125.20834335,51.87500415
34.0,170.62501365,66.87500535
-9999.0,18.95833485,41.87500335
33.0,-75.62500605,49.79167065
39.0,-161.04167955,58.54167135
42.0,48.54167055,58.95833805
42.0,-73.12500585,44.37500355
-9999.0,-140.62501125,70.20833895
46.0,64.79167185,59.79167145
40.0,56.04167115,61.87500495
-9999.0,118.95834285,-35.62500285
40.0,-74.79167265,40.20833655
-9999.0,130.20834375,32.29166925
33.0,-102.70834155,30.62500245
41.0,133.54167735,54.37500435
36.0,-108.95834205,44.37500355
34.0,137.29167765,57.29167125
-9999.0,14.79166785,43.95833685
31.0,-109.37500875,63.12500505
-9999.0,34.37500275,32.29166925
36.0,-91.45834065,56.45833785
34.0,66.45833865,34.79166945
44.0,69.37500555,69.79167225
40.0,111.04167555,55.62500445
31.0,-83.12500665,53.54167095
39.0,14.79166785,37.70833635
33.0,22.70833515,62.29167165
57.0,-90.62500725,43.12500345
40.0,-158.12501265,68.54167215
36.0,116.45834265,52.29167085
37.0,-66.04167195,47.70833715
46.0,149.37501195,66.04167195
37.0,5.62500044999999,43.54167015
41.0,121.04167635,50.20833735
50.0,37.29166965,52.70833755
37.0,120.20834295,49.37500395
44.0,106.04167515,32.70833595
43.0,-92.29167405,41.87500335
37.0,36.45833625,67.70833875
8.0,119.37500955,-33.12500265
6.0,140.62501125,-35.20833615
42.0,129.79167705,43.54167015
34.0,28.54166895,58.12500465
7.0,134.79167745,-32.29166925
24.0,116.04167595,3.54166694999999
19.0,-106.04167515,27.70833555
48.0,119.79167625,30.20833575
-9999.0,-1.04166675000002,50.20833735
-9999.0,98.54167455,-0.625000049999997
36.0,112.29167565,41.04166995
38.0,-137.29167765,63.95833845
31.0,-71.45833905,49.37500395
42.0,45.62500365,66.87500535
31.0,93.95834085,30.62500245
-9999.0,-55.62500445,49.79167065
36.0,97.70834115,69.37500555
36.0,-73.12500585,61.04167155
45.0,105.62500845,29.37500235
37.0,101.87500815,27.70833555
39.0,-172.70834715,65.20833855
29.0,95.62500765,25.20833535
47.0,68.95833885,58.54167135
-9999.0,-71.45833905,41.04166995
24.0,19.79166825,60.20833815
-9999.0,126.45834345,3.54166694999999
46.0,67.70833875,67.29167205
-9999.0,-101.87500815,70.62500565
39.0,30.62500245,53.12500425
27.0,-92.29167405,52.70833755
52.0,-91.04167395,41.87500335
-9999.0,-113.95834245,70.62500565
48.0,112.29167565,28.12500225
36.0,155.20834575,60.62500485
43.0,84.79167345,69.79167225
39.0,73.12500585,57.29167125
36.0,-111.87500895,69.79167225
21.0,15.20833455,53.95833765
30.0,99.37500795,20.62500165
9.0,134.37501075,-30.62500245
41.0,13.95833445,62.70833835
-9999.0,151.45834545,-10.20833415
-9999.0,135.20834415,54.79167105
36.0,13.95833445,46.87500375
-9999.0,143.54167815,42.29167005
40.0,134.79167745,50.20833735
-9999.0,91.87500735,21.04166835
34.0,-83.95834005,53.12500425
31.0,-84.79167345,32.70833595
35.0,-93.95834085,64.37500515
35.0,-2.29166685000001,55.62500445
-9999.0,11.87500095,78.95833965
-9999.0,128.12501025,31.87500255
37.0,28.54166895,50.20833735
26.0,-103.54167495,23.12500185
37.0,-3.95833365000001,37.29166965
50.0,-78.12500625,42.29167005
43.0,133.95834405,47.29167045
-9999.0,3.95833364999999,37.29166965
39.0,73.95833925,71.04167235
-9999.0,145.20834495,-8.12500065
32.0,-73.95833925,49.37500395
-9999.0,-58.95833805,50.62500405
46.0,106.87500855,33.95833605
-9999.0,169.79168025,68.95833885
-9999.0,5.20833374999998,61.45833825
45.0,121.87500975,47.70833715
37.0,13.12500105,59.37500475
37.0,37.70833635,68.12500545
44.0,106.87500855,31.87500255
35.0,41.87500335,56.45833785
45.0,-112.29167565,42.70833675
9.0,135.62501085,-32.29166925
40.0,131.04167715,58.12500465
44.0,160.20834615,62.29167165
30.0,-6.87500055000001,58.12500465
37.0,163.95834645,63.12500505
41.0,-120.20834295,54.79167105
52.0,105.20834175,35.62500285
37.0,125.20834335,56.04167115
-9999.0,116.04167595,-8.54166735
41.0,111.45834225,38.95833645
33.0,108.54167535,38.54166975
39.0,133.54167735,34.79166945
42.0,137.70834435,66.45833865
37.0,150.62501205,62.29167165
40.0,-115.62500925,54.79167105
38.0,27.29166885,63.95833845
35.0,-1.45833345,60.20833815
28.0,25.20833535,50.20833735
34.0,93.54167415,25.62500205
40.0,95.62500765,71.04167235
21.0,-106.87500855,28.12500225
-9999.0,-53.54167095,47.70833715
39.0,-16.45833465,66.04167195
26.0,99.79167465,11.87500095
7.0,143.95834485,-30.62500245
68.0,-91.04167395,34.79166945
37.0,53.12500425,55.62500445
34.0,-62.70833835,53.95833765
37.0,137.29167765,56.45833785
17.0,26.87500215,-30.20833575
39.0,-141.87501135,61.87500495
-9999.0,-130.62501045,70.20833895
42.0,136.45834425,57.29167125
-9999.0,-82.70833995,27.29166885
-9999.0,-91.87500735,29.79166905
32.0,96.87500775,32.70833595
-9999.0,-28.12500225,38.12500305
36.0,-141.87501135,68.54167215
-9999.0,131.04167715,37.70833635
-9999.0,110.62500885,18.54166815
40.0,111.45834225,55.62500445
42.0,84.37500675,67.70833875
36.0,-98.95834125,46.87500375
42.0,171.04168035,60.62500485
-9999.0,8.12500064999998,63.54167175
28.0,-88.54167375,13.95833445
40.0,61.45833825,58.54167135
38.0,126.04167675,57.29167125
35.0,90.62500725,51.87500415
44.0,71.87500575,56.87500455
42.0,-73.95833925,41.04166995
41.0,116.45834265,39.79166985
36.0,-76.87500615,59.79167145
45.0,78.12500625,65.62500525
46.0,147.29167845,60.20833815
36.0,175.20834735,66.04167195
38.0,101.45834145,53.54167095
40.0,42.70833675,58.12500465
41.0,50.20833735,56.87500455
35.0,161.45834625,62.29167165
30.0,60.20833815,53.12500425
41.0,82.70833995,64.79167185
45.0,80.62500645,45.62500365
41.0,43.54167015,65.20833855
30.0,110.20834215,21.04166835
-9999.0,140.20834455,48.54167055
32.0,-83.12500665,51.45833745
40.0,-15.20833455,66.04167195
45.0,-151.04167875,67.70833875
40.0,99.37500795,59.37500475
28.0,121.87500975,16.45833465
-9999.0,38.54166975,41.45833665
26.0,144.37501155,-7.70833395
36.0,30.20833575,64.79167185
35.0,-61.87500495,56.45833785
44.0,106.04167515,62.70833835
40.0,25.62500205,46.45833705
-9999.0,112.29167565,-6.45833385
9.0,137.70834435,-33.95833605
-9999.0,-8.95833405000002,38.12500305
41.0,-124.37500995,54.37500435
-9999.0,10.62500085,57.29167125
-9999.0,34.79166945,33.12500265
-9999.0,1.04166674999999,38.54166975
43.0,104.79167505,58.95833805
28.0,-83.12500665,48.54167055
21.0,117.70834275,4.79166705
55.0,-91.87500735,43.12500345
36.0,-124.79167665,71.87500575
38.0,102.70834155,31.45833585
-9999.0,139.79167785,41.87500335
32.0,-107.29167525,41.87500335
26.0,105.62500845,13.12500105
54.0,114.37500915,34.37500275
53.0,38.54166975,52.29167085
23.0,23.95833525,58.12500465
43.0,109.37500875,36.87500295
32.0,-108.95834205,48.95833725
25.0,114.79167585,4.37500034999999
45.0,-159.37501275,68.12500545
36.0,-55.20833775,47.29167045
35.0,118.95834285,43.54167015
44.0,124.37500995,49.79167065
50.0,-142.29167805,63.95833845
42.0,114.79167585,29.37500235
40.0,88.12500705,70.62500565
34.0,-109.37500875,63.95833845
50.0,-152.70834555,69.37500555
37.0,50.62500405,61.04167155
41.0,-157.70834595,56.87500455
65.0,-88.54167375,36.04166955
23.0,-96.04167435,48.95833725
32.0,20.62500165,54.37500435
40.0,98.12500785,72.70833915
39.0,-84.37500675,46.45833705
42.0,123.12500985,48.54167055
26.0,101.87500815,-3.12500025
35.0,-110.20834215,53.12500425
39.0,-116.45834265,65.62500525
27.0,-93.95834085,31.04166915
39.0,26.45833545,69.79167225
32.0,-71.87500575,41.04166995
30.0,119.79167625,-1.04166675
17.0,145.20834495,-15.20833455
28.0,-85.20834015,45.20833695
60.0,-164.79167985,61.87500495
48.0,-153.54167895,69.79167225
51.0,115.62500925,28.12500225
37.0,94.79167425,57.29167125
38.0,-124.79167665,51.87500415
30.0,-89.79167385,49.79167065
41.0,-123.95834325,56.04167115
39.0,-72.70833915,68.12500545
41.0,-123.54167655,53.54167095
35.0,-107.70834195,64.79167185
42.0,116.04167595,58.95833805
25.0,115.20834255,0.208333350000004
-9999.0,-88.95834045,56.87500455
42.0,-78.54167295,41.04166995
23.0,-92.29167405,16.87500135
-9999.0,-87.70834035,44.79167025
29.0,-110.62500885,53.12500425
35.0,-108.54167535,37.29166965
40.0,-128.12501025,66.87500535
-9999.0,-84.37500675,63.12500505
38.0,-78.54167295,-1.45833345
38.0,120.20834295,26.87500215
-9999.0,26.87500215,71.04167235
25.0,107.70834195,10.62500085
33.0,-66.87500535,48.95833725
42.0,-97.70834115,38.12500305
53.0,9.37500075,51.04167075
36.0,-2.70833355000002,40.62500325
52.0,-2.29166685000001,48.12500385
-9999.0,118.54167615,6.87500055
40.0,81.87500655,64.79167185
27.0,-105.20834175,38.12500305
26.0,23.95833525,50.20833735
36.0,65.62500525,34.37500275
16.0,18.54166815,52.29167085
30.0,-121.04167635,47.70833715
35.0,-83.12500665,54.37500435
30.0,-110.20834215,62.70833835
35.0,-20.62500165,64.79167185
-9999.0,15.62500125,37.70833635
9.0,124.37500995,-30.20833575
-9999.0,-3.12500025,50.62500405
37.0,138.54167775,53.95833765
38.0,151.87501215,59.37500475
44.0,33.12500265,68.95833885
37.0,115.20834255,41.04166995
26.0,-102.29167485,35.62500285
43.0,66.04167195,63.54167175
45.0,96.04167435,57.70833795
43.0,53.54167095,56.45833785
28.0,33.95833605,57.70833795
7.0,140.20834455,-35.20833615
-9999.0,-156.45834585,56.87500455
37.0,41.45833665,61.45833825
41.0,110.62500885,38.54166975
32.0,-88.54167375,46.87500375
38.0,31.45833585,68.54167215
39.0,129.79167705,55.62500445
24.0,-114.37500915,35.62500285
41.0,-172.70834715,66.04167195
41.0,84.37500675,65.62500525
-9999.0,137.70834435,-35.62500285
37.0,-80.20833975,61.87500495
30.0,-87.70834035,49.37500395
39.0,22.29166845,70.62500565
11.0,146.87501175,-32.29166925
32.0,-114.79167585,56.04167115
42.0,118.95834285,36.04166955
49.0,-96.45834105,43.12500345
44.0,-127.29167685,63.54167175
-9999.0,24.79166865,40.62500325
32.0,31.04166915,68.54167215
-9999.0,21.04166835,78.95833965
40.0,129.37501035,41.04166995
-9999.0,119.37500955,-34.79166945
32.0,38.12500305,64.79167185
-9999.0,73.12500585,67.70833875
42.0,41.04166995,43.12500345
23.0,27.70833555,-30.62500245
27.0,-101.04167475,27.70833555
38.0,17.29166805,66.45833865
29.0,-74.37500595,52.29167085
42.0,148.54167855,67.70833875
37.0,-79.79167305,56.87500455
24.0,29.79166905,52.70833755
39.0,-113.12500905,50.62500405
34.0,-76.45833945,2.70833354999999
43.0,119.37500955,36.87500295
38.0,-83.54167335,42.29167005
-9999.0,-156.87501255,56.04167115
63.0,-91.04167395,34.37500275
42.0,83.12500665,53.12500425
24.0,-85.20834015,29.79166905
26.0,-76.45833945,49.79167065
38.0,-20.20833495,66.04167195
-9999.0,-66.04167195,-55.62500445
24.0,121.87500975,-2.70833355000001
48.0,73.12500585,38.95833645
33.0,-53.95833765,48.54167055
-9999.0,129.37501035,34.79166945
-9999.0,146.04167835,-8.54166735
48.0,116.04167595,36.45833625
-9999.0,16.87500135,68.95833885
36.0,-126.04167675,60.62500485
28.0,29.37500235,50.62500405
35.0,108.54167535,22.29166845
40.0,43.54167015,61.04167155
39.0,-6.04166715000002,42.29167005
47.0,47.70833715,54.37500435
37.0,67.29167205,70.62500565
30.0,-57.29167125,53.12500425
-9999.0,-53.12500425,48.95833725
46.0,119.37500955,60.62500485
35.0,114.37500915,54.37500435
42.0,-93.54167415,33.12500265
33.0,104.37500835,19.79166825
40.0,126.45834345,37.70833635
-9999.0,116.04167595,29.37500235
37.0,8.95833404999999,46.04167035
-9999.0,-48.12500385,62.29167165
38.0,114.37500915,51.45833745
-9999.0,-69.37500555,43.95833685
42.0,113.95834245,38.12500305
45.0,31.87500255,50.62500405
-9999.0,144.79167825,-38.54166975
41.0,84.79167345,53.12500425
41.0,92.70834075,55.20833775
39.0,-72.29167245,-38.54166975
37.0,94.79167425,30.20833575
